   SLURM_CPUS_PER_TASK:  16
   OMP_NUM_THREADS:  16
   MV2_ENABLE_AFFINITY:  0
   SLURM_NTASKS:  1

Set parameter WLSAccessID
Set parameter WLSSecret
Set parameter LicenseID to value 2706996
Academic license 2706996 - for non-commercial use only - registered to jc___@vt.edu
Set parameter MIPGap to value 0.01
Set parameter TimeLimit to value 72000
Gurobi Optimizer version 12.0.3 build v12.0.3rc0 (linux64 - "Rocky Linux 9.7 (Blue Onyx)")

CPU model: AMD EPYC 9454 48-Core Processor, instruction set [SSE2|AVX|AVX2|AVX512]
Thread count: 96 physical cores, 96 logical processors, using up to 32 threads

Non-default parameters:
TimeLimit  72000
MIPGap  0.01

Academic license 2706996 - for non-commercial use only - registered to jc___@vt.edu
Optimize a model with 23 rows, 168 columns and 55 nonzeros
Model fingerprint: 0x618b7ffe
Model has 90 quadratic constraints
Model has 22 simple general constraints
  22 PWL
Model has 12 general nonlinear constraints (198 nonlinear terms)
Variable types: 168 continuous, 0 integer (0 binary)
Coefficient statistics:
  Matrix range     [1e+00, 5e+00]
  QMatrix range    [1e-05, 5e+02]
  QLMatrix range   [1e-05, 3e+02]
  Objective range  [1e+00, 1e+00]
  Bounds range     [1e-01, 5e-01]
  RHS range        [4e-02, 3e+00]
  QRHS range       [1e-05, 6e+01]
  PWLCon x range   [0e+00, 5e+00]
  PWLCon y range   [5e-07, 1e+00]
Presolve model has 12 nlconstr
Added 286 variables to disaggregate expressions.
Presolve added 44 rows and 416 columns
Presolve time: 0.03s
Presolved: 1284 rows, 949 columns, 3912 nonzeros
Presolved model has 22 SOS constraint(s)
Presolved model has 288 bilinear constraint(s)

Solving non-convex MIQCP

Variable types: 949 continuous, 0 integer (0 binary)
Found heuristic solution: objective 0.6295992

Root relaxation: unbounded, 0 iterations, 0.00 seconds (0.00 work units)

    Nodes    |    Current Node    |     Objective Bounds      |     Work
 Expl Unexpl |  Obj  Depth IntInf | Incumbent    BestBd   Gap | It/Node Time

     0     2  postponed    0         0.62960          -      -     -    0s
H   31    34                       0.6296061          -      -  34.1    0s
H   32    34                       0.6296073          -      -  33.4    0s
H 4490  2748                       0.6296093          -      -   7.8    0s
H 4543  2658                       0.6296094          -      -   8.2    1s
H 4548  2526                       0.6296096          -      -   8.2    1s
H 5169  2624                       0.6296101          -      -   9.6    1s
H 5802  2699                       0.6296102          -      -  10.6    1s
H 5896  2555                       0.6296102          -      -  10.7    1s
*14977  5866             258       0.7263543          -      -  21.1    3s
 18188  7309    1.39993  129   64    0.72635          -      -  21.6    5s
*19663  7501             238       0.8891487          -      -  21.3    5s
*27403 10863             245       0.8930955          -      -  24.1    7s
*32148 13406             233       0.8999619          -      -  24.2    7s
H33153 13607                       0.8999621          -      -  24.6    8s
*35450 14570             212       0.9095862          -      -  25.1    8s
H37400 14943                       0.9097591          -      -  25.9    9s
H38626 15055                       0.9140832          -      -  26.8    9s
H38750 15055                       0.9140832          -      -  26.8    9s
H39000 15055                       0.9141310          -      -  27.0    9s
H39607 15883                       0.9141507          -      -  27.2    9s
H40525 15883                       0.9141683          -      -  27.2    9s
H40863 15883                       0.9141933          -      -  27.4    9s
H41643 16295                       0.9142425          -      -  27.4    9s
 42117 17175    0.97761  225   96    0.91424          -      -  27.3   10s
 58690 20272    1.16466  175   55    0.91424          -      -  33.5   15s
 69331 23989    4.47002   56  290    0.91424    9.23645   910%  36.8   20s
 87269 29713    2.16325   60  186    0.91424    8.06825   783%  46.2   25s
 104043 34490    1.31992   72  246    0.91424    7.79796   753%  52.3   30s
H117481 37337                       0.9142426    7.68620   741%  55.7   34s
H119106 38706                       0.9142663    7.66449   738%  56.3   34s
 120857 40670    7.25084   61  247    0.91427    7.62881   734%  56.7   35s
H128052 43829                       0.9145474    7.60593   732%  58.1   37s
H132195 47321                       0.9156714    7.59041   729%  59.1   38s
H134151 47321                       0.9156760    7.59021   729%  59.5   38s
 137450 50866    2.52905   94  268    0.91568    7.57784   728%  60.3   40s
H138014 50866                       0.9156884    7.57784   728%  60.3   40s
*152958 59601             261       0.9189585    7.52192   719%  62.3   44s
 153413 61474    2.10242   94  277    0.91896    7.52192   719%  62.6   45s
 169847 69674    1.45059   95  263    0.91896    7.45013   711%  64.6   50s
H171909 73188                       0.9189763    7.44484   710%  64.9   52s
H177305 75473                       0.9189845    7.42884   708%  65.7   53s
H178409 77147                       0.9190083    7.41987   707%  65.8   54s
H178564 77147                       0.9190088    7.41957   707%  65.8   54s
H178661 77145                       0.9190158    7.41957   707%  65.8   54s
H178701 77138                       0.9191678    7.41957   707%  65.9   54s
H179739 77130                       0.9192820    7.41957   707%  65.9   54s
 180369 77130    1.07920   95  199    0.91928    7.41630   707%  66.0   55s
 197944 90631    3.55148   71  187    0.91928    7.37300   702%  67.6   60s
 214053 100683    0.93300   97  176    0.91928    7.32618   697%  68.6   65s
 227596 109342    1.40229   68  197    0.91928    7.26654   690%  69.7   70s
 235273 116021    1.24698   71  196    0.91928    7.24259   688%  70.0   76s
 250303 124722     cutoff   79         0.91928    7.19231   682%  70.5   80s
 269457 135835 infeasible  103         0.91928    7.07922   670%  71.8   85s
 284523 147267 infeasible  103         0.91928    7.03295   665%  72.5   90s
 305408 158641     cutoff   93         0.91928    6.94414   655%  73.7   95s
 321338 167931 infeasible  105         0.91928    6.90329   651%  74.2  100s
 339750 179701 infeasible   91         0.91928    6.86430   647%  74.4  105s
 352319 187301    1.96295   70  245    0.91928    6.83249   643%  75.1  110s
 366335 196223    3.17999   78  309    0.91928    6.82168   642%  75.1  115s
 381940 206047    1.58826   71  237    0.91928    6.77620   637%  75.6  120s
 397359 216168    5.38837   60  293    0.91928    6.74455   634%  76.1  126s
 411083 223379    1.09002   88  238    0.91928    6.71538   631%  76.6  130s
H428386 233243                       0.9194376    6.68360   627%  77.1  134s
 429970 235121    2.26749   64  268    0.91944    6.67358   626%  77.1  135s
H430199 235115                       0.9194929    6.67358   626%  77.1  135s
H435045 236392                       0.9196390    6.66721   625%  77.3  136s
 442179 241853    5.85910   60  291    0.91964    6.65419   624%  77.3  140s
 457497 251524    0.96328   86  279    0.91964    6.61970   620%  77.8  145s
 471266 260170    0.98379   97  268    0.91964    6.59848   618%  78.2  150s
H474184 260170                       0.9196464    6.59805   617%  78.3  150s
 487517 268448    1.04386   87  282    0.91965    6.57279   615%  78.8  156s
 501481 277340    1.47759   72  219    0.91965    6.54847   612%  79.1  160s
H507275 279376                       0.9196611    6.54155   611%  79.3  162s
H513202 282226                       0.9196960    6.53308   610%  79.4  164s
 513372 284817    5.45569   60  233    0.91970    6.52637   610%  79.4  165s
*518780 285430             262       0.9280963    6.52531   603%  79.4  166s
H530463 292670                       0.9282134    6.50093   600%  79.7  170s
 547592 304359     cutoff  106         0.92821    6.46925   597%  80.2  175s
*560681 309821             267       0.9388856    6.45930   588%  80.3  178s
 562246 311593    1.02001  111  214    0.93889    6.45888   588%  80.3  180s
H574907 319729                       0.9388922    6.44373   586%  80.4  184s
 577068 322055     cutoff  118         0.93889    6.44285   586%  80.4  185s
H577070 322055                       0.9388926    6.44285   586%  80.4  185s
H578422 322055                       0.9388942    6.44285   586%  80.4  185s
 593624 331611    2.75268   61  149    0.93889    6.41767   584%  80.7  190s
 610156 340352    2.65946   57  265    0.93889    6.39490   581%  81.0  196s
 623366 347830    2.50527   71  303    0.93889    6.38042   580%  81.4  200s
H635526 354127                       0.9388956    6.37199   579%  81.7  203s
H635661 354125                       0.9389055    6.37157   579%  81.7  203s
 640776 356463     cutoff  103         0.93891    6.36647   578%  81.8  205s
H642754 358688                       0.9389211    6.36647   578%  81.8  208s
 645145 360664    4.41676   81  224    0.93892    6.36184   578%  81.8  210s
H647472 360538                       0.9396516    6.35909   577%  81.9  210s
H656203 365352                       0.9396700    6.35092   576%  82.0  212s
 663246 371644     cutoff  104         0.93967    6.34283   575%  81.9  215s
 679456 382094    1.76325   77  273    0.93967    6.32992   574%  82.2  221s
H690385 387253                       0.9400554    6.32116   572%  82.3  224s
 691852 388370 infeasible   80         0.94006    6.32083   572%  82.3  225s
H692395 388370                       0.9400562    6.32069   572%  82.3  225s
H692474 388368                       0.9400675    6.32069   572%  82.3  225s
 704534 396608    1.33518   92  234    0.94007    6.30979   571%  82.5  230s
 717671 404788 infeasible   68         0.94007    6.29906   570%  82.6  235s
 731817 412383    2.42331   69  270    0.94007    6.28236   568%  82.7  240s
 747142 420348    1.00728   85  225    0.94007    6.26682   567%  83.1  245s
 761220 429205    5.70154   60  227    0.94007    6.25469   565%  83.3  250s
H761720 429205                       0.9400677    6.25358   565%  83.4  250s
H763780 432373                       0.9401235    6.25053   565%  83.4  252s
H765459 432373                       0.9401242    6.25053   565%  83.4  252s
 773091 438355    5.61426   69  273    0.94012    6.24722   565%  83.4  255s
 786830 445750    1.86887   70  175    0.94012    6.23455   563%  83.6  260s
 802749 455191     cutoff   91         0.94012    6.22338   562%  83.6  265s
 818631 464009    5.82433   70  283    0.94012    6.21189   561%  83.8  271s
 831655 473141    1.27003   85  211    0.94012    6.20218   560%  84.0  275s
 844454 481230    1.06093   90  178    0.94012    6.19246   559%  84.1  280s
 861650 490533    1.64020   90  233    0.94012    6.18283   558%  84.1  285s
 876962 500405    5.83009   59  259    0.94012    6.17391   557%  84.3  290s
 889273 507595    1.38497   91  267    0.94012    6.16694   556%  84.4  295s
 908158 519799    1.00158   69  225    0.94012    6.15608   555%  84.6  300s
 923951 531175    3.08884   77  252    0.94012    6.14522   554%  84.7  305s
 940707 540340    3.76811   64  285    0.94012    6.13703   553%  84.9  310s
 955935 548415    1.34746   49  198    0.94012    6.12481   551%  85.1  315s
 971579 557196    1.76523   67  277    0.94012    6.11528   550%  85.3  320s
 986032 565984    2.10243   63  265    0.94012    6.10852   550%  85.2  325s
 999988 575057    1.56173   81  238    0.94012    6.10221   549%  85.2  330s
 1017272 586317    0.99530   94  201    0.94012    6.09317   548%  85.3  335s
 1029998 593607 infeasible   78         0.94012    6.08724   547%  85.4  340s
 1047055 604204    0.98554   69  218    0.94012    6.07796   547%  85.6  345s
 1063517 612875    3.71601   68  284    0.94012    6.07100   546%  85.7  350s
 1080154 624291    2.85862   74  264    0.94012    6.06416   545%  85.7  355s
H1082846 624283                       0.9401937    6.06398   545%  85.7  355s
H1085361 626155                       0.9402000    6.06253   545%  85.7  356s
H1085508 626137                       0.9403294    6.06253   545%  85.7  356s
H1087688 627515                       0.9403297    6.06069   545%  85.7  357s
H1089855 629850                       0.9403430    6.06015   544%  85.7  357s
H1090121 629824                       0.9404716    6.06015   544%  85.7  358s
H1091049 629822                       0.9404742    6.05970   544%  85.7  358s
 1095528 634741    1.88113   64  236    0.94047    6.05799   544%  85.7  360s
H1107486 639282                       0.9404847    6.05550   544%  85.7  363s
 1114013 644524     cutoff  117         0.94048    6.04946   543%  85.8  365s
 1127117 654087    3.53258   72  269    0.94048    6.04263   543%  85.8  370s
H1138726 660460                       0.9405510    6.03753   542%  85.8  374s
 1141157 660583    1.09290   91  168    0.94055    6.03753   542%  85.8  375s
 1145344 664593     cutoff   98         0.94055    6.03703   542%  85.8  380s
 1159627 673660    1.45637   84  216    0.94055    6.03161   541%  85.7  385s
 1174503 681531    1.31314   78  221    0.94055    6.02517   541%  85.8  390s
 1190113 690621    4.23580   66  246    0.94055    6.01848   540%  85.8  396s
 1205148 698822     cutoff   77         0.94055    6.01214   539%  85.8  400s
 1217408 706796    2.60136   67  266    0.94055    6.00620   539%  85.9  405s
 1233646 717210    1.11823  104  177    0.94055    6.00100   538%  86.0  410s
*1240678 718590             208       0.9487534    5.99987   532%  86.0  413s
H1245151 719564                       0.9487623    5.99847   532%  86.0  414s
H1245697 719564                       0.9487640    5.99833   532%  86.0  414s
 1246280 721673    0.97774  100  246    0.94876    5.99631   532%  86.0  415s
 1258074 730228    1.42181   85  228    0.94876    5.99327   532%  86.0  420s
H1261420 730218                       0.9487707    5.99238   532%  86.0  420s
 1274524 741454    1.47969   78  137    0.94877    5.98795   531%  86.0  426s
 1288569 749808    1.90072   76  251    0.94877    5.98368   531%  86.0  430s
 1301104 757253     cutoff   75         0.94877    5.97901   530%  86.1  435s
 1310996 765000    1.57695   74  230    0.94877    5.97520   530%  86.1  441s
H1320448 768574                       0.9491448    5.97418   529%  86.1  443s
H1322108 770120                       0.9491681    5.97418   529%  86.1  444s
H1322372 770063                       0.9492712    5.97418   529%  86.1  444s
H1322458 770016                       0.9494027    5.97315   529%  86.1  444s
 1324645 772314    0.95269   94  218    0.94940    5.97273   529%  86.1  446s
H1328707 773919                       0.9494029    5.97248   529%  86.1  447s
 1338884 781279    0.99844  110  180    0.94940    5.96994   529%  86.1  450s
H1350116 786456                       0.9494073    5.96616   528%  86.1  454s
 1351080 789082    0.99676   97  228    0.94941    5.96589   528%  86.1  455s
 1366587 798510    0.97786   88  177    0.94941    5.96015   528%  86.1  460s
H1377080 805194                       0.9494081    5.95637   527%  86.2  464s
 1380225 806620    1.67916   77  248    0.94941    5.95504   527%  86.2  465s
 1395622 817996    3.78235   62  265    0.94941    5.95167   527%  86.1  470s
 1410439 825878    2.62843   82  260    0.94941    5.94568   526%  86.2  475s
H1425004 833424                       0.9494240    5.94254   526%  86.2  479s
 1427355 835191     cutoff   69         0.94942    5.94126   526%  86.2  481s
H1430852 837841                       0.9494242    5.94049   526%  86.3  482s
 1439066 841966    0.97139  116  254    0.94942    5.93759   525%  86.2  486s
 1448817 848759    0.98779   95  252    0.94942    5.93506   525%  86.2  490s
 1461153 856716 infeasible  104         0.94942    5.93143   525%  86.2  495s
 1476919 865419    1.15949  102  202    0.94942    5.92517   524%  86.3  500s
 1492466 875112 infeasible   77         0.94942    5.92131   524%  86.2  505s
H1493969 875112                       0.9494252    5.92063   524%  86.2  505s
H1501328 875207                       0.9594004    5.91789   517%  86.2  508s
 1505362 879333 infeasible   86         0.95940    5.91707   517%  86.3  510s
H1514086 883617                       0.9594026    5.91405   516%  86.2  512s
H1516399 884638                       0.9612098    5.91322   515%  86.2  514s
 1519127 886028    1.57380   82  195    0.96121    5.91239   515%  86.3  515s
H1519508 885962                       0.9613357    5.91239   515%  86.3  515s
H1522274 887373                       0.9613362    5.91150   515%  86.3  517s
H1522882 887373                       0.9613368    5.91150   515%  86.3  517s
H1525484 889949                       0.9613467    5.91051   515%  86.3  519s
H1525817 889886                       0.9614409    5.91051   515%  86.3  519s
 1528630 891072    1.80437   72  226    0.96144    5.90931   515%  86.3  520s
H1534448 893590                       0.9614502    5.90730   514%  86.3  521s
H1539032 896973                       0.9615001    5.90470   514%  86.3  524s
 1541553 898330    1.95470   89  241    0.96150    5.90390   514%  86.3  525s
 1554114 908780    1.54418   82  234    0.96150    5.89865   513%  86.4  530s
H1556741 908724                       0.9615786    5.89807   513%  86.4  530s
H1559811 909774                       0.9616535    5.89750   513%  86.4  531s
 1566917 915630    5.19305   69  282    0.96165    5.89654   513%  86.5  535s
H1573654 917213                       0.9616670    5.89517   513%  86.5  537s
H1578669 920983                       0.9617468    5.89313   513%  86.5  539s
 1580390 923177    0.96445   93  259    0.96175    5.89306   513%  86.6  540s
 1594601 932215    3.43130   69  304    0.96175    5.88829   512%  86.6  546s
 1607861 939117    5.32395   63  270    0.96175    5.88450   512%  86.7  550s
 1621688 946666    1.18513   96  243    0.96175    5.87804   511%  86.8  555s
 1635015 955158    4.88415   61  255    0.96175    5.87332   511%  86.8  560s
H1639880 956712                       0.9617805    5.87326   511%  86.8  562s
 1648516 961687    1.04256   90  222    0.96178    5.87140   510%  86.8  566s
 1652287 966114    5.48273   69  275    0.96178    5.87078   510%  86.8  571s
 1664514 973929    1.14879   93  207    0.96178    5.86577   510%  86.8  575s
 1681826 982934    5.14533   59  252    0.96178    5.85929   509%  86.9  581s
 1691938 989034     cutoff  130         0.96178    5.85711   509%  86.9  585s
 1703200 997024 infeasible   81         0.96178    5.85470   509%  86.9  591s
 1715237 1004161    5.06810   73  264    0.96178    5.85197   508%  86.9  595s
 1731875 1013195 infeasible   72         0.96178    5.84630   508%  86.9  600s
 1745969 1022350    2.14755   68  297    0.96178    5.84259   507%  86.9  605s
 1764097 1033372    1.23413   94  198    0.96178    5.83592   507%  87.0  610s
 1780881 1042338     cutoff   86         0.96178    5.83203   506%  87.0  615s
 1797057 1053069 infeasible   99         0.96178    5.82794   506%  87.0  620s
 1815250 1063424     cutoff   93         0.96178    5.82408   506%  87.0  625s
 1830842 1073054    1.05957   94  246    0.96178    5.81896   505%  87.0  630s
 1843568 1081007    1.02963   77  213    0.96178    5.81507   505%  87.1  635s
 1859856 1089080     cutoff   79         0.96178    5.81035   504%  87.1  640s
 1874125 1098583    5.19602   58  304    0.96178    5.80590   504%  87.1  645s
 1886570 1106503    2.15514   82  209    0.96178    5.80367   503%  87.2  650s
 1903596 1116635 infeasible  111         0.96178    5.80016   503%  87.2  655s
 1920240 1125300    0.96606   80  193    0.96178    5.79636   503%  87.2  660s
 1930619 1132615    1.16524   85  312    0.96178    5.79274   502%  87.2  665s
 1948271 1142895    1.00189  111  154    0.96178    5.78910   502%  87.2  670s
 1959431 1150201    0.98272  100  182    0.96178    5.78581   502%  87.2  675s
 1975848 1158881    1.31285   86  285    0.96178    5.78145   501%  87.3  680s
 1989538 1167347    3.06541   78  250    0.96178    5.77844   501%  87.3  685s
 2001976 1175152    2.31507   78  271    0.96178    5.77458   500%  87.3  690s
 2019699 1186093    5.40470   62  285    0.96178    5.77180   500%  87.3  695s
 2034680 1196273    1.23093   85  211    0.96178    5.76771   500%  87.4  700s
 2052679 1206262    2.90857   64  275    0.96178    5.76346   499%  87.4  705s
 2055414 1207530    1.79151   73  257    0.96178    5.76315   499%  87.5  710s
 2068407 1217273    1.13622   98  259    0.96178    5.76024   499%  87.5  715s
 2082827 1226994    1.26620   78  193    0.96178    5.75706   499%  87.5  720s
 2104346 1238547    1.87753   80  298    0.96178    5.75163   498%  87.5  726s
 2115458 1244534 infeasible  117         0.96178    5.75000   498%  87.5  730s
 2128590 1252954    1.08703   92  221    0.96178    5.74703   498%  87.5  735s
 2140041 1261227    4.55986   76  245    0.96178    5.74448   497%  87.6  740s
 2156589 1271460    1.66157   72  246    0.96178    5.74080   497%  87.5  745s
 2169939 1279435    1.06180   89  272    0.96178    5.73769   497%  87.5  750s
 2183385 1287303     cutoff   84         0.96178    5.73361   496%  87.6  755s
 2197406 1295321    0.97328   72  166    0.96178    5.73058   496%  87.6  760s
 2211296 1303012    1.89295   64  242    0.96178    5.72836   496%  87.6  765s
 2228362 1314243    1.43237   82  202    0.96178    5.72629   495%  87.6  770s
 2241516 1322366    4.21925   79  253    0.96178    5.72397   495%  87.5  775s
 2262414 1333978    2.05335   60  286    0.96178    5.71944   495%  87.5  780s
H2274309 1340261                       0.9627108    5.71575   494%  87.5  784s
 2276366 1342402    1.72039   83  217    0.96271    5.71573   494%  87.5  785s
 2292020 1352101    4.85936   62  293    0.96271    5.71152   493%  87.6  790s
 2305618 1360344    0.99266   93  160    0.96271    5.70804   493%  87.6  795s
H2310900 1361079                       0.9640717    5.70785   492%  87.6  796s
H2313380 1361897                       0.9640934    5.70673   492%  87.6  798s
 2319083 1365059 infeasible   73         0.96409    5.70534   492%  87.6  800s
H2329159 1372113                       0.9641800    5.70371   492%  87.7  804s
 2333187 1373191    1.12251  100  252    0.96418    5.70218   491%  87.7  805s
H2342966 1379937                       0.9641888    5.69967   491%  87.7  809s
H2344571 1379912                       0.9642193    5.69967   491%  87.7  809s
 2346065 1381142    3.32331   68  285    0.96422    5.69868   491%  87.7  810s
 2360378 1390418 infeasible   60         0.96422    5.69593   491%  87.7  815s
 2373104 1395757    2.23138   69  231    0.96422    5.69331   490%  87.7  820s
 2388855 1407024    1.72839   78  252    0.96422    5.69102   490%  87.7  825s
 2404238 1415745    1.66574   82  276    0.96422    5.68736   490%  87.8  830s
 2420507 1425234     cutoff  105         0.96422    5.68435   490%  87.8  835s
 2436576 1435424 infeasible   83         0.96422    5.68219   489%  87.8  840s
 2454853 1447813    1.51051   81  255    0.96422    5.67876   489%  87.8  845s
 2470691 1456839    1.77222   71  267    0.96422    5.67589   489%  87.8  850s
H2485863 1465312                       0.9657616    5.67358   487%  87.8  854s
 2488863 1465345    1.69563   76  243    0.96576    5.67296   487%  87.8  855s
H2489353 1465889                       0.9658900    5.67296   487%  87.9  857s
H2494077 1469070                       0.9658954    5.67205   487%  87.9  860s
H2497182 1471956                       0.9659014    5.67122   487%  87.9  861s
 2510332 1481200    1.56680   72  191    0.96590    5.66863   487%  87.9  865s
 2528422 1490217    1.98944   69  178    0.96590    5.66601   487%  87.9  870s
 2542726 1499495     cutoff  105         0.96590    5.66302   486%  87.9  875s
 2562211 1510687    3.56543   66  265    0.96590    5.65972   486%  87.9  880s
 2576416 1518349    0.97944  106  234    0.96590    5.65706   486%  87.9  885s
H2589445 1526757                       0.9660437    5.65530   485%  87.9  889s
 2592538 1527932     cutoff   86         0.96604    5.65530   485%  87.9  890s
H2593757 1526918                       0.9672721    5.65492   485%  87.9  890s
H2603679 1533377                       0.9672729    5.65282   484%  87.9  893s
H2605724 1534585                       0.9672787    5.65209   484%  87.9  894s
 2607571 1536117    1.92217   70  247    0.96728    5.65209   484%  87.9  895s
H2607837 1535505                       0.9680115    5.65209   484%  87.9  895s
H2610547 1537861                       0.9681605    5.65175   484%  87.9  897s
H2611534 1537767                       0.9682798    5.65175   484%  87.9  897s
H2614884 1539249                       0.9682831    5.65048   484%  87.9  898s
H2615041 1539094                       0.9684863    5.65048   483%  87.9  898s
H2616195 1539061                       0.9685096    5.65048   483%  87.9  899s
 2616777 1542153    1.04409   97  220    0.96851    5.65048   483%  87.9  900s
 2633585 1551635    4.43850   64  276    0.96851    5.64732   483%  87.9  905s
 2653024 1563340 infeasible   93         0.96851    5.64414   483%  87.9  910s
 2671145 1574832    1.20026   85  295    0.96851    5.64163   483%  87.9  915s
 2685640 1583998    1.96346   70  261    0.96851    5.63942   482%  87.8  920s
 2704115 1595197     cutoff   90         0.96851    5.63642   482%  87.8  925s
 2719599 1603812     cutoff  118         0.96851    5.63357   482%  87.9  930s
H2720692 1602883                       0.9696999    5.63332   481%  87.9  930s
H2721708 1605647                       0.9697007    5.63275   481%  87.9  931s
 2735566 1614440     cutoff   93         0.96970    5.63122   481%  87.9  935s
H2741889 1616042                       0.9697527    5.63014   481%  87.9  936s
H2747655 1619841                       0.9698017    5.62909   480%  87.9  938s
 2751241 1623189     cutoff  119         0.96980    5.62820   480%  87.9  940s
H2754013 1623184                       0.9698078    5.62815   480%  87.9  941s
 2765689 1631597    2.96927   58  262    0.96981    5.62547   480%  87.9  945s
 2782751 1641672    1.28134   70  179    0.96981    5.62241   480%  87.9  950s
 2801058 1652114 infeasible   95         0.96981    5.61881   479%  87.9  955s
H2805961 1654372                       0.9699337    5.61863   479%  87.9  956s
H2815155 1659877                       0.9699446    5.61736   479%  87.9  959s
 2816067 1661688    2.62553   62  227    0.96994    5.61664   479%  87.9  961s
 2828479 1669133    5.37261   70  263    0.96994    5.61392   479%  87.9  965s
H2829357 1668681                       0.9704196    5.61391   479%  87.9  965s
H2832726 1670060                       0.9704209    5.61349   478%  87.9  966s
H2832774 1669829                       0.9706486    5.61349   478%  87.9  966s
H2835388 1672387                       0.9706639    5.61332   478%  87.9  967s
H2837445 1672300                       0.9707579    5.61332   478%  87.9  967s
H2841336 1675198                       0.9708415    5.61273   478%  87.9  970s
 2860324 1686033    0.97900   94  238    0.97084    5.60883   478%  87.9  975s
H2870460 1691865                       0.9708473    5.60704   478%  87.9  978s
 2874565 1695827    3.31576   66  285    0.97085    5.60613   477%  87.9  980s
 2887893 1704905    1.21883   95  192    0.97085    5.60379   477%  87.9  985s
 2905517 1715860    1.75161   80  270    0.97085    5.60214   477%  87.9  990s
 2909605 1736075    1.49322   84  219    0.97085    5.60148   477%  87.9 1003s
 2941605 1737874    1.01016   87  181    0.97085    5.59777   477%  87.9 1005s
 2958646 1748479    1.68477   90  289    0.97085    5.59379   476%  87.9 1010s
 2975234 1757235    1.35661   74  236    0.97085    5.59196   476%  87.9 1015s
 2990947 1764948    2.84394   67  196    0.97085    5.58870   476%  88.0 1020s
 3003795 1774020    1.36632   77  243    0.97085    5.58613   475%  88.0 1025s
 3020608 1784743    1.10544   95  209    0.97085    5.58441   475%  88.0 1031s
 3034524 1791384    2.44389   82  257    0.97085    5.58109   475%  88.0 1035s
 3049810 1800989    3.70233   75  264    0.97085    5.57856   475%  88.0 1040s
 3065000 1812637    1.07683   90  217    0.97085    5.57608   474%  88.0 1045s
 3083028 1822928 infeasible   87         0.97085    5.57350   474%  88.0 1050s
H3088494 1824022                       0.9710926    5.57282   474%  88.0 1051s
H3091166 1826156                       0.9712552    5.57264   474%  88.0 1052s
H3091999 1826137                       0.9712834    5.57263   474%  88.0 1052s
 3100706 1831766    1.19224   95  283    0.97128    5.57058   474%  88.1 1055s
H3104122 1834809                       0.9712923    5.56997   473%  88.1 1057s
 3113291 1840089    1.41375   84  202    0.97129    5.56885   473%  88.1 1060s
 3132734 1850604    1.70520   73  239    0.97129    5.56613   473%  88.1 1065s
H3142030 1855123                       0.9712939    5.56450   473%  88.1 1069s
 3143831 1857745    5.13423   70  272    0.97129    5.56450   473%  88.1 1070s
H3146605 1857744                       0.9712952    5.56416   473%  88.1 1070s
 3159223 1866980     cutoff   83         0.97130    5.56300   473%  88.1 1075s
 3171025 1872884     cutoff  101         0.97130    5.56069   473%  88.1 1080s
 3187105 1882430    1.06793  103  186    0.97130    5.55849   472%  88.1 1085s
 3198584 1889293 infeasible   76         0.97130    5.55669   472%  88.2 1090s
 3212831 1898201    1.04404  104  212    0.97130    5.55478   472%  88.2 1095s
 3226797 1906501    0.98801  106  252    0.97130    5.55326   472%  88.2 1100s
 3239707 1913934     cutoff   75         0.97130    5.55141   472%  88.1 1105s
H3247544 1916577                       0.9714839    5.55034   471%  88.2 1107s
H3251182 1918875                       0.9715704    5.54973   471%  88.2 1109s
 3251904 1920507    1.12379   94  254    0.97157    5.54939   471%  88.2 1110s
 3263568 1928684 infeasible   74         0.97157    5.54798   471%  88.2 1115s
H3273560 1932605                       0.9718901    5.54724   471%  88.2 1117s
H3275331 1933995                       0.9718909    5.54672   471%  88.2 1119s
 3276592 1935379    1.25810   92  240    0.97189    5.54627   471%  88.2 1121s
H3278810 1935379                       0.9718912    5.54605   471%  88.2 1121s
 3285990 1941271    3.74298   67  299    0.97189    5.54503   471%  88.2 1125s
 3300123 1951245    1.30679   98  226    0.97189    5.54407   470%  88.2 1130s
 3315213 1959645     cutoff   89         0.97189    5.54264   470%  88.2 1135s
 3325266 1964133 infeasible  109         0.97189    5.54175   470%  88.2 1140s
 3336984 1972030 infeasible   86         0.97189    5.53920   470%  88.2 1145s
 3353853 1983105    4.41150   77  269    0.97189    5.53676   470%  88.2 1150s
 3369895 1992795 infeasible   85         0.97189    5.53452   469%  88.3 1155s
 3384979 2003718    1.20574   89  192    0.97189    5.53370   469%  88.3 1161s
 3397253 2011330    1.25814   83  221    0.97189    5.53248   469%  88.3 1165s
 3415448 2020679    1.31658   84  292    0.97189    5.52980   469%  88.3 1170s
 3434176 2030842    1.15765  101  230    0.97189    5.52673   469%  88.3 1175s
 3444260 2035954    3.66835   73  248    0.97189    5.52594   469%  88.3 1181s
 3458659 2043978    2.04850   59  228    0.97189    5.52308   468%  88.3 1185s
 3474917 2054266    1.02138   96  223    0.97189    5.52111   468%  88.3 1190s
H3489486 2060061                       0.9718921    5.51941   468%  88.4 1194s
 3491138 2062103    3.89044   78  242    0.97189    5.51921   468%  88.4 1195s
H3502895 2067293                       0.9719060    5.51782   468%  88.4 1198s
H3504868 2067254                       0.9719414    5.51731   468%  88.4 1199s
 3504935 2068742     cutoff   76         0.97194    5.51731   468%  88.4 1200s
 3520149 2080277    1.86913   70  271    0.97194    5.51483   467%  88.4 1205s
 3540676 2090894    1.47436   88  171    0.97194    5.51264   467%  88.4 1210s
H3553258 2097813                       0.9719455    5.51124   467%  88.4 1214s
 3555170 2100324    1.04190   89  249    0.97195    5.51045   467%  88.4 1215s
H3556538 2100270                       0.9719933    5.51045   467%  88.4 1215s
 3567095 2107359    1.00491   84  206    0.97199    5.50905   467%  88.4 1220s
 3584186 2117584 infeasible  106         0.97199    5.50780   467%  88.4 1225s
 3602559 2130078    2.25498   73  168    0.97199    5.50615   466%  88.4 1231s
 3617701 2139388    1.44449   83  263    0.97199    5.50415   466%  88.4 1235s
 3632641 2148163    1.64654   90  224    0.97199    5.50137   466%  88.4 1240s
 3651336 2158155    1.01257  109  232    0.97199    5.49980   466%  88.4 1245s
 3669480 2167605 infeasible   89         0.97199    5.49757   466%  88.4 1250s
 3688808 2180425    1.28452   83  211    0.97199    5.49611   465%  88.4 1255s
 3702265 2190053    3.46108   68  266    0.97199    5.49485   465%  88.4 1260s
 3721480 2200606    1.00901   86  227    0.97199    5.49316   465%  88.4 1265s
 3738703 2210737    1.12732   82  261    0.97199    5.49058   465%  88.4 1270s
 3754245 2218750    5.12300   64  241    0.97199    5.48816   465%  88.4 1275s
H3767927 2224698                       0.9719963    5.48689   464%  88.4 1278s
 3768426 2224729    2.53417   68  230    0.97200    5.48667   464%  88.4 1280s
 3774304 2232858    3.67545   65  287    0.97200    5.48591   464%  88.4 1285s
 3793076 2242813    1.56326   90  246    0.97200    5.48391   464%  88.4 1290s
 3811504 2252206    5.27050   67  264    0.97200    5.48155   464%  88.4 1295s
 3830729 2266311    3.33052   68  272    0.97200    5.47959   464%  88.4 1300s
 3848203 2274877    1.07470  101  184    0.97200    5.47703   463%  88.4 1305s
 3866545 2286389    1.39582   90  219    0.97200    5.47568   463%  88.4 1310s
 3881499 2298049    1.80892   66  216    0.97200    5.47349   463%  88.4 1315s
 3898215 2308313    2.58680   84  231    0.97200    5.47161   463%  88.4 1320s
H3910423 2314404                       0.9721416    5.47135   463%  88.3 1323s
H3912195 2315443                       0.9721418    5.47129   463%  88.3 1324s
 3914100 2318001     cutoff   92         0.97214    5.47043   463%  88.3 1325s
 3933250 2329298     cutoff   88         0.97214    5.46865   463%  88.3 1330s
H3935596 2331922                       0.9721427    5.46856   463%  88.3 1331s
 3947774 2338576    1.16196   95  250    0.97214    5.46711   462%  88.3 1335s
 3967708 2351313    1.41994   73  199    0.97214    5.46504   462%  88.3 1340s
 3983402 2362399    1.58063   82  205    0.97214    5.46318   462%  88.3 1345s
 4001737 2372453    5.19792   61  236    0.97214    5.46142   462%  88.3 1350s
 4019429 2383126    1.04456  101  202    0.97214    5.45972   462%  88.3 1355s
 4034694 2393282    1.06346   90  225    0.97214    5.45774   461%  88.3 1360s
H4038717 2394454                       0.9722763    5.45765   461%  88.3 1361s
H4041337 2395519                       0.9724287    5.45754   461%  88.3 1362s
H4043651 2394688                       0.9730160    5.45739   461%  88.3 1362s
H4046108 2396511                       0.9730278    5.45706   461%  88.3 1364s
H4046429 2396497                       0.9730412    5.45706   461%  88.3 1364s
 4047360 2399251    1.85851   72  230    0.97304    5.45693   461%  88.3 1365s
H4053553 2400427                       0.9730510    5.45610   461%  88.3 1366s
H4058997 2404445                       0.9730654    5.45550   461%  88.3 1369s
 4060432 2405941    1.50119   91  265    0.97307    5.45550   461%  88.3 1370s
H4064869 2407594                       0.9731235    5.45503   461%  88.3 1371s
 4072877 2414243    1.54725   93  199    0.97312    5.45381   460%  88.3 1375s
 4094270 2426048    1.54764   70  142    0.97312    5.45199   460%  88.3 1380s
 4110770 2435264    0.99603  102  214    0.97312    5.45055   460%  88.3 1385s
H4111573 2435253                       0.9731337    5.45043   460%  88.3 1385s
 4125344 2445241     cutoff   81         0.97313    5.44869   460%  88.3 1390s
H4131175 2446589                       0.9731365    5.44806   460%  88.3 1391s
H4140028 2451928                       0.9731370    5.44728   460%  88.3 1393s
 4143186 2455411     cutoff  116         0.97314    5.44659   460%  88.3 1395s
 4159596 2465020    3.45934   68  268    0.97314    5.44469   459%  88.3 1400s
 4176729 2475183    2.39900   64  258    0.97314    5.44311   459%  88.3 1405s
 4189264 2481546    1.02959  114  196    0.97314    5.44125   459%  88.3 1410s
 4203489 2490840    1.96605   84  249    0.97314    5.43995   459%  88.3 1415s
 4218865 2501582    1.14393   87  158    0.97314    5.43877   459%  88.3 1420s
 4231141 2505655    4.19187   61  285    0.97314    5.43708   459%  88.3 1425s
 4236535 2511035    1.76444   75  217    0.97314    5.43653   459%  88.3 1430s
 4253294 2523686    1.13265   87  256    0.97314    5.43459   458%  88.3 1436s
 4269294 2531781    1.07393   80  240    0.97314    5.43375   458%  88.2 1440s
 4285527 2541006    1.01706  102  239    0.97314    5.43246   458%  88.2 1445s
 4301451 2550477    2.02999   76  276    0.97314    5.43059   458%  88.2 1450s
 4318704 2562525    1.52932   81  290    0.97314    5.42871   458%  88.2 1455s
 4338487 2573778    4.75915   71  254    0.97314    5.42706   458%  88.2 1460s
 4353549 2583230    1.08917  109  230    0.97314    5.42573   458%  88.2 1465s
 4371376 2595032 infeasible   80         0.97314    5.42373   457%  88.2 1470s
 4387532 2603185     cutoff   69         0.97314    5.42225   457%  88.2 1475s
 4402695 2614448    1.14052  108  256    0.97314    5.42025   457%  88.2 1480s
 4420810 2624465    1.32342  100  257    0.97314    5.41914   457%  88.2 1485s
 4440939 2635988    2.54271   74  257    0.97314    5.41692   457%  88.2 1490s
 4456919 2645894     cutoff  117         0.97314    5.41524   456%  88.2 1495s
 4475048 2656884     cutoff   99         0.97314    5.41362   456%  88.2 1500s
 4489628 2667499    1.95000   78  259    0.97314    5.41250   456%  88.2 1505s
 4507645 2677526    0.98811  101  238    0.97314    5.41051   456%  88.2 1510s
 4524716 2687374    2.06583   67  227    0.97314    5.40869   456%  88.2 1515s
 4541211 2697977    1.22212   88  261    0.97314    5.40731   456%  88.2 1520s
 4558267 2706747    1.99926   73  204    0.97314    5.40612   456%  88.2 1525s
 4565562 2712498    2.12818   80  292    0.97314    5.40527   455%  88.2 1530s
 4582457 2722300    1.12147   84  169    0.97314    5.40402   455%  88.2 1535s
 4599041 2732808    1.00707  118  175    0.97314    5.40278   455%  88.2 1540s
 4617115 2743583     cutoff  108         0.97314    5.40057   455%  88.2 1545s
 4634297 2754292    5.27228   62  245    0.97314    5.39916   455%  88.2 1550s
H4638609 2756384                       0.9731373    5.39884   455%  88.2 1551s
 4646696 2761552 infeasible   77         0.97314    5.39786   455%  88.2 1555s
 4663537 2771679    1.51962   65  194    0.97314    5.39612   455%  88.2 1560s
 4679941 2782027    1.13585   98  200    0.97314    5.39374   454%  88.2 1565s
 4700850 2792057    2.63474   73  283    0.97314    5.39119   454%  88.2 1570s
 4704105 2794802    1.53161   74  166    0.97314    5.39116   454%  88.2 1575s
 4722858 2807476    0.99980  107  218    0.97314    5.39011   454%  88.2 1580s
 4739579 2818436    1.87726   74  266    0.97314    5.38827   454%  88.1 1585s
 4754518 2827510    1.30505   73  229    0.97314    5.38676   454%  88.1 1590s
 4771678 2838315    1.72790   65  255    0.97314    5.38615   453%  88.1 1595s
 4788046 2849071    1.03033   97  243    0.97314    5.38443   453%  88.1 1600s
 4804401 2859440     cutoff   97         0.97314    5.38307   453%  88.1 1605s
 4822611 2869130    1.87422   69  232    0.97314    5.38162   453%  88.1 1610s
 4838805 2878869    1.51691   81  238    0.97314    5.38014   453%  88.1 1615s
 4856803 2890457    2.88943   77  220    0.97314    5.37877   453%  88.1 1620s
 4874127 2900981    1.29781   79  211    0.97314    5.37690   453%  88.1 1625s
 4891235 2911681 infeasible  120         0.97314    5.37558   452%  88.1 1630s
 4906906 2921563    1.49962   77  160    0.97314    5.37424   452%  88.1 1636s
 4921375 2928862 infeasible  115         0.97314    5.37302   452%  88.0 1640s
 4935907 2936813    1.03860   77  242    0.97314    5.37191   452%  88.0 1645s
H4941993 2938836                       0.9733151    5.37136   452%  88.0 1647s
H4942387 2940851                       0.9735011    5.37130   452%  88.0 1648s
H4943131 2940832                       0.9735122    5.37123   452%  88.0 1648s
 4946091 2942018    1.02139  105  206    0.97351    5.37078   452%  88.0 1650s
 4958239 2949860    1.13346   81  227    0.97351    5.37012   452%  88.0 1655s
H4965065 2953500                       0.9736432    5.36949   451%  88.0 1658s
 4968854 2957381    1.48399   82  273    0.97364    5.36892   451%  88.0 1660s
H4970765 2957362                       0.9736545    5.36884   451%  88.0 1660s
 4985224 2966057    1.19965   93  236    0.97365    5.36763   451%  88.0 1665s
 4997580 2974370    3.99067   74  251    0.97365    5.36646   451%  88.0 1670s
 5015296 2983567    1.17649   97  232    0.97365    5.36475   451%  88.0 1675s
 5031004 2992677    1.45291   83  277    0.97365    5.36313   451%  88.1 1680s
 5048078 3003825    1.01464   77  262    0.97365    5.36183   451%  88.0 1685s
 5060183 3010934    4.09683   61  236    0.97365    5.36114   451%  88.0 1690s
 5074674 3019587    2.30305   75  272    0.97365    5.35981   450%  88.0 1695s
 5087814 3029081    1.76216   80  234    0.97365    5.35869   450%  88.0 1700s
 5104159 3037720    1.10210   93  226    0.97365    5.35753   450%  88.0 1706s
 5115696 3044685 infeasible   79         0.97365    5.35692   450%  88.0 1710s
 5131839 3056631    1.31607   94  224    0.97365    5.35606   450%  88.0 1716s
 5146425 3062715     cutoff   82         0.97365    5.35481   450%  88.0 1721s
 5159719 3069475    1.98850   67  221    0.97365    5.35345   450%  88.0 1725s
 5172496 3078491     cutoff  108         0.97365    5.35231   450%  88.0 1730s
 5178044 3081428    1.82309   80  230    0.97365    5.35210   450%  88.0 1736s
 5188593 3087313    2.66127   66  259    0.97365    5.35127   450%  88.0 1740s
 5203987 3097718     cutoff   76         0.97365    5.35028   450%  88.0 1745s
 5220432 3109443    1.20326   81  252    0.97365    5.34913   449%  88.0 1750s
 5232859 3116990    1.08836  101  124    0.97365    5.34809   449%  88.0 1755s
 5250197 3128235    1.47073   69  218    0.97365    5.34664   449%  88.0 1760s
 5264375 3135003    3.28124   74  229    0.97365    5.34529   449%  88.0 1765s
 5279657 3147270    1.06520  103  178    0.97365    5.34461   449%  88.0 1771s
 5292535 3154364 infeasible   80         0.97365    5.34353   449%  87.9 1775s
 5308310 3161891    1.36312   77  243    0.97365    5.34218   449%  87.9 1780s
 5324207 3171457    1.25237   96  209    0.97365    5.34084   449%  87.9 1785s
 5336119 3179065    5.11748   62  290    0.97365    5.33994   448%  87.9 1790s
 5349954 3186367    2.17270   73  252    0.97365    5.33833   448%  87.9 1795s
 5364219 3196274    1.00282   86  256    0.97365    5.33780   448%  87.9 1800s
 5376892 3203599 infeasible   97         0.97365    5.33671   448%  87.9 1805s
 5392906 3213325    0.97748   80  255    0.97365    5.33540   448%  87.9 1810s
 5405572 3220757    1.56402   76  251    0.97365    5.33426   448%  87.9 1815s
 5420504 3228433    2.63807   68  252    0.97365    5.33325   448%  87.9 1820s
 5435909 3238124    2.50551   68  257    0.97365    5.33165   448%  87.9 1826s
 5451373 3246475     cutoff   90         0.97365    5.33090   448%  87.9 1830s
 5464747 3255213     cutoff  103         0.97365    5.33004   447%  87.9 1835s
 5484095 3267860    1.99270   80  279    0.97365    5.32871   447%  87.9 1840s
 5498670 3279262    1.69647   78  280    0.97365    5.32808   447%  87.9 1845s
 5514746 3287823    1.48676   80  146    0.97365    5.32662   447%  87.9 1850s
 5530521 3298668 infeasible   75         0.97365    5.32593   447%  87.9 1856s
 5544771 3307602    1.22887   89  222    0.97365    5.32498   447%  87.8 1861s
 5558563 3314228    1.88414   87  285    0.97365    5.32375   447%  87.8 1865s
 5570889 3322801    1.13471   93  216    0.97365    5.32254   447%  87.8 1870s
 5586822 3332142    1.09384  107  224    0.97365    5.32140   447%  87.8 1876s
 5599048 3338621    4.16979   86  244    0.97365    5.32006   446%  87.9 1881s
 5613066 3345496     cutoff  100         0.97365    5.31894   446%  87.9 1885s
 5625532 3352554    0.98557  102  243    0.97365    5.31777   446%  87.9 1890s
 5640039 3360404    1.17391   93  219    0.97365    5.31648   446%  87.9 1895s
 5644614 3361475    1.02525  105  124    0.97365    5.31636   446%  87.8 1900s
 5649400 3367953    4.17387   68  288    0.97365    5.31593   446%  87.8 1905s
 5663230 3376499    2.86419   79  259    0.97365    5.31510   446%  87.8 1910s
 5681932 3385772    0.98036   88  261    0.97365    5.31326   446%  87.8 1915s
 5698361 3396907 infeasible   88         0.97365    5.31213   446%  87.8 1920s
 5712546 3406236     cutoff   92         0.97365    5.31113   445%  87.8 1925s
 5728628 3416477    2.98276   80  267    0.97365    5.30984   445%  87.8 1930s
 5739591 3423511    5.23123   60  215    0.97365    5.30900   445%  87.8 1935s
 5752872 3432555    4.18848   78  217    0.97365    5.30799   445%  87.8 1940s
 5766812 3441828    1.36531   84  230    0.97365    5.30717   445%  87.8 1945s
 5783386 3450908    3.67374   62  303    0.97365    5.30608   445%  87.8 1950s
 5798656 3458981    1.39852  101  258    0.97365    5.30508   445%  87.8 1955s
 5810987 3466332    2.61779   79  234    0.97365    5.30364   445%  87.8 1960s
 5827164 3476306     cutoff   90         0.97365    5.30253   445%  87.8 1965s
 5843197 3488698    2.12910   83  248    0.97365    5.30144   444%  87.8 1971s
 5858319 3497100    1.43033   76  204    0.97365    5.30066   444%  87.8 1975s
 5870855 3504725     cutoff   97         0.97365    5.30005   444%  87.8 1980s
 5889754 3514501    1.39385   75  258    0.97365    5.29831   444%  87.7 1985s
 5905023 3523388     cutoff  109         0.97365    5.29705   444%  87.7 1990s
 5922099 3533224     cutoff   79         0.97365    5.29536   444%  87.8 1995s
 5938335 3541703    1.13435  105  187    0.97365    5.29428   444%  87.8 2000s
 5956417 3552903    1.70172   85  207    0.97365    5.29260   444%  87.8 2005s
 5973155 3565097    1.43747   93  235    0.97365    5.29186   444%  87.8 2010s
 5989504 3574763    1.30894   87  273    0.97365    5.29048   443%  87.8 2015s
 6005132 3584451    2.59966   81  253    0.97365    5.28983   443%  87.7 2020s
 6021393 3595173 infeasible   86         0.97365    5.28887   443%  87.7 2025s
 6033678 3604527    1.35068   85  199    0.97365    5.28812   443%  87.7 2030s
 6048742 3612883    4.85245   62  252    0.97365    5.28696   443%  87.7 2035s
 6063635 3621437 infeasible   71         0.97365    5.28597   443%  87.7 2040s
 6075915 3629601    1.13439   84  222    0.97365    5.28463   443%  87.7 2045s
 6092397 3639952    4.98996   73  286    0.97365    5.28354   443%  87.7 2050s
 6109152 3648817    1.29479   68  211    0.97365    5.28224   443%  87.7 2055s
 6115766 3652219    2.94765   62  267    0.97365    5.28185   442%  87.7 2060s
 6131452 3661379    1.97605   68  221    0.97365    5.28034   442%  87.7 2065s
 6147778 3673222    1.21441   87  214    0.97365    5.27916   442%  87.7 2070s
 6170338 3683843    4.03507   72  250    0.97365    5.27788   442%  87.7 2075s
 6188568 3695685    3.13312   67  283    0.97365    5.27661   442%  87.7 2080s
 6204575 3705159    4.71389   76  260    0.97365    5.27544   442%  87.7 2085s
 6221760 3715269    1.72057   87  233    0.97365    5.27433   442%  87.7 2090s
H6226799 3717026                       0.9736560    5.27404   442%  87.7 2091s
 6238502 3723339    5.16265   64  256    0.97366    5.27335   442%  87.7 2095s
 6255781 3734954    2.31383   73  260    0.97366    5.27158   441%  87.7 2100s
 6272488 3745068    0.99984   79  235    0.97366    5.27055   441%  87.7 2105s
 6289826 3755875    1.00341   72  204    0.97366    5.26962   441%  87.7 2110s
 6310288 3767958    1.65458   74  306    0.97366    5.26809   441%  87.7 2115s
 6327501 3778193    1.50983   90  279    0.97366    5.26732   441%  87.7 2120s
 6344496 3789828    1.16759   80  246    0.97366    5.26637   441%  87.7 2125s
 6360209 3798139    3.03758   67  256    0.97366    5.26462   441%  87.7 2130s
 6378670 3807499     cutoff   97         0.97366    5.26335   441%  87.7 2135s
 6397926 3816472     cutoff   89         0.97366    5.26235   440%  87.7 2140s
 6413864 3827392    1.11805   94  241    0.97366    5.26105   440%  87.7 2145s
 6435040 3838813    3.14288   69  245    0.97366    5.25951   440%  87.7 2150s
 6450647 3847527    2.01062   69  199    0.97366    5.25854   440%  87.7 2155s
 6469041 3859041    1.23189   76  159    0.97366    5.25747   440%  87.6 2160s
 6485857 3869953     cutoff  109         0.97366    5.25637   440%  87.6 2165s
 6504193 3880781    2.68131   66  260    0.97366    5.25484   440%  87.6 2170s
 6520690 3890556    1.35972   90  286    0.97366    5.25385   440%  87.6 2175s
 6537841 3899335     cutoff  115         0.97366    5.25288   440%  87.6 2180s
 6555623 3911497    3.13549   73  233    0.97366    5.25188   439%  87.6 2185s
 6571481 3920018    1.02216   85  215    0.97366    5.25079   439%  87.6 2190s
 6588156 3930408    1.09023   80  253    0.97366    5.24985   439%  87.6 2195s
 6602468 3936175     cutoff   94         0.97366    5.24881   439%  87.6 2200s
 6614281 3944869    2.48908   75  253    0.97366    5.24819   439%  87.6 2205s
 6633280 3956574    1.10256   94  215    0.97366    5.24700   439%  87.6 2210s
 6646419 3965046    2.52984   77  243    0.97366    5.24653   439%  87.6 2215s
 6665192 3975480    1.47958   91  272    0.97366    5.24524   439%  87.5 2220s
 6682548 3985961    4.35977   69  246    0.97366    5.24388   439%  87.5 2225s
 6699652 3994599     cutoff   77         0.97366    5.24264   438%  87.5 2230s
 6716014 4005144     cutoff  106         0.97366    5.24152   438%  87.5 2235s
 6733097 4013613     cutoff   82         0.97366    5.24005   438%  87.5 2240s
 6740805 4018929    1.52048   87  212    0.97366    5.23984   438%  87.6 2245s
 6753353 4026162     cutoff   82         0.97366    5.23911   438%  87.5 2251s
 6763469 4033542    5.18987   66  248    0.97366    5.23847   438%  87.5 2255s
 6780546 4041373    1.79917   78  210    0.97366    5.23718   438%  87.5 2260s
 6798599 4052167    1.16063   92  189    0.97366    5.23645   438%  87.5 2265s
 6812750 4061716    0.97905   86  241    0.97366    5.23553   438%  87.5 2270s
 6832276 4070485     cutoff   81         0.97366    5.23395   438%  87.5 2275s
 6848743 4079145     cutoff  104         0.97366    5.23285   437%  87.5 2280s
 6866368 4089097    1.03342  123  224    0.97366    5.23185   437%  87.5 2285s
 6881175 4100495    2.68164   68  240    0.97366    5.23104   437%  87.5 2290s
 6898476 4110558    4.49912   70  253    0.97366    5.23009   437%  87.5 2295s
 6918460 4123121    2.44938   80  226    0.97366    5.22894   437%  87.5 2300s
 6935870 4133093    0.98243   89  215    0.97366    5.22775   437%  87.5 2305s
 6953244 4145152    1.27793   87  216    0.97366    5.22664   437%  87.5 2310s
 6969090 4154095    2.49772   71  270    0.97366    5.22559   437%  87.5 2315s
 6988416 4165267    1.42003   73  241    0.97366    5.22471   437%  87.5 2320s
 7006062 4176933    1.99028   69  237    0.97366    5.22372   437%  87.5 2325s
 7021489 4186194    4.59846   68  237    0.97366    5.22266   436%  87.5 2330s
 7039020 4196813    1.37311   83  226    0.97366    5.22121   436%  87.5 2335s
 7053193 4204842    3.75597   71  271    0.97366    5.22080   436%  87.5 2340s
 7069745 4216401    1.54170   89  236    0.97366    5.21979   436%  87.5 2345s
 7084687 4223603    2.88069   72  269    0.97366    5.21885   436%  87.5 2350s
H7084888 4223550                       0.9736822    5.21885   436%  87.5 2351s
 7094571 4230850     cutoff   85         0.97368    5.21859   436%  87.5 2355s
H7107341 4238478                       0.9736901    5.21790   436%  87.5 2359s
 7108685 4239850    1.60421   78  222    0.97369    5.21754   436%  87.5 2360s
 7121116 4247098    4.93364   73  254    0.97369    5.21665   436%  87.5 2365s
 7135174 4256233    5.08513   61  272    0.97369    5.21570   436%  87.5 2370s
 7148284 4263348    3.09407   67  239    0.97369    5.21484   436%  87.5 2375s
 7162336 4272735    3.93081   69  317    0.97369    5.21414   436%  87.5 2380s
 7176358 4280285     cutoff  102         0.97369    5.21367   435%  87.5 2385s
 7192472 4290956    1.11115   97  182    0.97369    5.21278   435%  87.5 2390s
 7210705 4301834    4.30471   69  237    0.97369    5.21178   435%  87.4 2395s
 7228773 4312999    4.84623   78  219    0.97369    5.21070   435%  87.4 2400s
 7246511 4325781    5.07052   64  292    0.97369    5.20973   435%  87.4 2406s
 7260680 4333136    1.02772   97  186    0.97369    5.20870   435%  87.4 2410s
 7276454 4344898    2.15331   73  298    0.97369    5.20815   435%  87.4 2415s
H7282556 4347009                       0.9736999    5.20802   435%  87.4 2416s
 7297385 4356224    1.61466   80  235    0.97370    5.20717   435%  87.4 2420s
 7312519 4364812    1.58648   80  208    0.97370    5.20604   435%  87.4 2425s
 7332003 4376006    1.14603  104  228    0.97370    5.20531   435%  87.4 2430s
 7349133 4388250    1.13079  109  190    0.97370    5.20456   435%  87.4 2435s
H7353000 4390734                       0.9737058    5.20455   435%  87.4 2437s
 7362742 4395375    1.02157   76  206    0.97371    5.20402   434%  87.4 2440s
 7377443 4405362    1.11375   90  249    0.97371    5.20315   434%  87.4 2445s
 7395749 4416867 infeasible   93         0.97371    5.20231   434%  87.4 2450s
 7412236 4426487    1.50513   71  290    0.97371    5.20153   434%  87.4 2455s
 7430012 4437830    1.98664   71  264    0.97371    5.20061   434%  87.4 2460s
 7444476 4447693    1.28316   84  238    0.97371    5.20001   434%  87.4 2465s
 7461281 4457249    1.27195   79  167    0.97371    5.19933   434%  87.4 2470s
H7466813 4458401                       0.9737199    5.19894   434%  87.4 2471s
 7478708 4466966    1.21320   92  214    0.97372    5.19833   434%  87.5 2475s
 7490975 4476993    3.75562   66  268    0.97372    5.19769   434%  87.5 2480s
 7498725 4479335    1.10296   88  255    0.97372    5.19732   434%  87.5 2485s
 7507985 4487318    5.14166   75  263    0.97372    5.19703   434%  87.4 2490s
 7524750 4497463    1.02218   96  208    0.97372    5.19620   434%  87.4 2495s
 7540600 4506773    4.34752   66  241    0.97372    5.19518   434%  87.4 2500s
 7558127 4516697    4.57023   64  240    0.97372    5.19394   433%  87.4 2505s
H7558227 4516697                       0.9737201    5.19394   433%  87.4 2506s
 7572227 4523535    1.18800  100  213    0.97372    5.19299   433%  87.4 2510s
 7588351 4532001    2.52565   71  251    0.97372    5.19171   433%  87.4 2516s
 7602793 4541103     cutoff   96         0.97372    5.19083   433%  87.4 2520s
 7620395 4551535    1.10040   92  200    0.97372    5.19003   433%  87.4 2525s
 7636165 4559907     cutoff   92         0.97372    5.18923   433%  87.4 2530s
 7651308 4569460    1.72683   70  262    0.97372    5.18828   433%  87.4 2536s
 7661342 4578011    1.40865   88  225    0.97372    5.18798   433%  87.4 2540s
H7670724 4581875                       0.9737348    5.18763   433%  87.4 2543s
H7672824 4582898                       0.9737413    5.18739   433%  87.4 2544s
 7673838 4584433    1.30771  101  197    0.97374    5.18729   433%  87.4 2545s
H7674951 4584410                       0.9737510    5.18729   433%  87.4 2546s
 7686863 4592722    1.54124   79  188    0.97375    5.18661   433%  87.4 2550s
H7689534 4592662                       0.9737846    5.18638   433%  87.4 2550s
 7699800 4598568    1.46715   83  279    0.97378    5.18577   433%  87.4 2555s
H7699876 4598549                       0.9737956    5.18577   433%  87.4 2555s
 7717565 4608377 infeasible   71         0.97380    5.18443   432%  87.4 2560s
 7734522 4618450    1.79938   67  215    0.97380    5.18353   432%  87.4 2565s
 7751356 4630652    1.16383   98  198    0.97380    5.18290   432%  87.4 2570s
 7769178 4639621    1.63666   89  252    0.97380    5.18170   432%  87.4 2575s
 7785600 4648181 infeasible  103         0.97380    5.18062   432%  87.4 2580s
 7803241 4658663    3.65882   75  266    0.97380    5.17941   432%  87.4 2585s
 7819883 4667485     cutoff   96         0.97380    5.17860   432%  87.4 2590s
 7834932 4675750    1.28112   91  244    0.97380    5.17779   432%  87.4 2595s
 7851880 4685581    3.17289   73  309    0.97380    5.17661   432%  87.4 2600s
 7869534 4697021    1.18500   82  163    0.97380    5.17550   431%  87.4 2605s
 7884482 4708391    1.29218   88  180    0.97380    5.17469   431%  87.4 2611s
 7898660 4715137    1.07201   89  171    0.97380    5.17393   431%  87.4 2615s
 7911622 4723106    1.47590   72  194    0.97380    5.17304   431%  87.4 2620s
 7924890 4730932    1.98911   84  211    0.97380    5.17244   431%  87.4 2625s
 7937779 4739206    3.06858   72  267    0.97380    5.17175   431%  87.4 2630s
 7956088 4750618    4.89886   63  292    0.97380    5.17065   431%  87.4 2635s
 7966128 4754028     cutoff  104         0.97380    5.16985   431%  87.4 2640s
 7978826 4764305    2.00146   75  228    0.97380    5.16949   431%  87.4 2645s
 7993418 4773777    4.54026   65  235    0.97380    5.16890   431%  87.4 2650s
 8003386 4779300    1.28411   88  246    0.97380    5.16864   431%  87.4 2655s
 8017720 4787914    1.09356  106  289    0.97380    5.16772   431%  87.4 2660s
 8033934 4796680    2.62295   73  244    0.97380    5.16678   431%  87.4 2666s
 8047913 4804046     cutoff   76         0.97380    5.16585   430%  87.5 2671s
H8059452 4809267                       0.9740355    5.16505   430%  87.5 2674s
 8060504 4811452    1.89712   79  212    0.97404    5.16496   430%  87.5 2675s
H8060791 4810758                       0.9743618    5.16496   430%  87.5 2676s
H8061517 4810524                       0.9744723    5.16496   430%  87.5 2676s
H8063971 4812435                       0.9745522    5.16466   430%  87.5 2677s
H8067063 4813868                       0.9745825    5.16461   430%  87.5 2679s
 8069116 4817185    2.09010   69  256    0.97458    5.16447   430%  87.5 2681s
 8084001 4825769    1.12419  109  205    0.97458    5.16399   430%  87.5 2686s
H8093371 4832052                       0.9746005    5.16346   430%  87.5 2690s
 8107497 4840997    1.16304   92  248    0.97460    5.16270   430%  87.5 2695s
H8114361 4843101                       0.9746208    5.16268   430%  87.5 2697s
 8120784 4849678    3.08537   70  252    0.97462    5.16218   430%  87.5 2700s
 8134634 4858163    2.99869   79  263    0.97462    5.16170   430%  87.5 2705s
 8148262 4864662    1.04659   93  255    0.97462    5.16086   430%  87.5 2710s
 8163483 4875801    1.00679  106  175    0.97462    5.15999   429%  87.5 2716s
 8178725 4883529    1.88635   82  231    0.97462    5.15939   429%  87.5 2720s
H8180322 4883490                       0.9746367    5.15937   429%  87.5 2721s
 8191594 4890610     cutoff  110         0.97464    5.15869   429%  87.5 2726s
 8207117 4899656    1.05359  113  240    0.97464    5.15778   429%  87.5 2730s
H8219428 4906032                       0.9746385    5.15720   429%  87.5 2734s
 8222393 4907127    1.76721   77  247    0.97464    5.15701   429%  87.5 2735s
H8230212 4909358                       0.9754585    5.15648   429%  87.5 2737s
H8230873 4911802                       0.9756313    5.15648   429%  87.5 2738s
H8232724 4911800                       0.9756327    5.15636   429%  87.5 2739s
H8234716 4911796                       0.9756361    5.15636   429%  87.5 2739s
 8235051 4914084    4.72757   68  278    0.97564    5.15636   429%  87.5 2740s
H8238803 4915546                       0.9759072    5.15590   428%  87.5 2741s
 8249531 4923231    1.14457   90  242    0.97591    5.15534   428%  87.5 2745s
 8265663 4933609    1.65963   77  273    0.97591    5.15442   428%  87.5 2750s
H8272869 4935979                       0.9759323    5.15442   428%  87.5 2751s
 8282941 4943422    3.85126   88  284    0.97593    5.15354   428%  87.5 2755s
 8300916 4953391    1.14897   78  246    0.97593    5.15257   428%  87.5 2760s
H8308600 4957428                       0.9759371    5.15233   428%  87.5 2763s
 8315784 4962357    2.46901   66  186    0.97594    5.15203   428%  87.5 2765s
 8331397 4971403     cutoff  105         0.97594    5.15082   428%  87.5 2770s
 8349233 4982186 infeasible   91         0.97594    5.14977   428%  87.5 2775s
 8365349 4994088     cutoff  105         0.97594    5.14919   428%  87.5 2780s
 8383073 5002821    1.10044   91  200    0.97594    5.14813   428%  87.5 2785s
 8396098 5011109    2.64734   68  278    0.97594    5.14735   427%  87.5 2790s
 8409878 5018397    4.28629   73  231    0.97594    5.14663   427%  87.5 2795s
H8425549 5026945                       0.9759380    5.14564   427%  87.5 2800s
 8430990 5031100    1.38746   79  212    0.97594    5.14556   427%  87.5 2806s
 8444170 5040086    0.98680  120  204    0.97594    5.14537   427%  87.5 2810s
 8456760 5048351    4.10683   77  257    0.97594    5.14416   427%  87.5 2815s
H8474111 5032751                       0.9840426    5.14315   423%  87.5 2820s
H8477805 5033951                       0.9840597    5.14288   423%  87.5 2821s
H8480205 5036098                       0.9840607    5.14274   423%  87.5 2823s
H8480589 5035958                       0.9841035    5.14274   423%  87.5 2823s
H8481067 5035811                       0.9841410    5.14274   423%  87.5 2823s
H8481341 5035645                       0.9841872    5.14274   423%  87.5 2824s
 8483700 5036789    2.26630   78  216    0.98419    5.14259   423%  87.5 2825s
H8487890 5040392                       0.9842163    5.14229   422%  87.5 2827s
 8497593 5046342    1.13920   94  270    0.98422    5.14196   422%  87.5 2831s
 8510271 5055326    1.06716   86  182    0.98422    5.14163   422%  87.5 2835s
H8521746 5060382                       0.9842755    5.14108   422%  87.5 2838s
H8523438 5063040                       0.9842904    5.14095   422%  87.5 2839s
 8525984 5064002    1.05364  107  153    0.98429    5.14080   422%  87.5 2840s
H8527785 5063222                       0.9845091    5.14071   422%  87.5 2841s
H8528308 5065403                       0.9845458    5.14058   422%  87.5 2842s
H8529516 5065324                       0.9845711    5.14057   422%  87.5 2843s
H8531354 5065296                       0.9845798    5.14050   422%  87.5 2843s
H8533617 5066858                       0.9846081    5.14033   422%  87.5 2845s
 8550772 5077584    1.75252   78  236    0.98461    5.13937   422%  87.6 2850s
H8553260 5077565                       0.9846134    5.13935   422%  87.6 2851s
 8563970 5084747     cutoff   87         0.98461    5.13871   422%  87.6 2855s
 8580315 5093847    1.04903   89  227    0.98461    5.13762   422%  87.6 2860s
 8598441 5105329    4.36555   75  248    0.98461    5.13684   422%  87.6 2865s
H8603989 5107335                       0.9846368    5.13651   422%  87.6 2866s
 8612775 5115937    1.15472   92  213    0.98464    5.13617   422%  87.6 2870s
 8632807 5126699    2.20506   80  257    0.98464    5.13515   422%  87.6 2875s
 8647258 5135876    1.37062   93  243    0.98464    5.13449   421%  87.6 2880s
 8663231 5144883    2.04357   76  233    0.98464    5.13384   421%  87.6 2885s
H8674594 5149181                       0.9846456    5.13343   421%  87.6 2887s
 8680611 5154633    1.70539   74  277    0.98465    5.13303   421%  87.6 2890s
 8696525 5164718 infeasible  100         0.98465    5.13229   421%  87.6 2895s
 8712108 5174012    1.00627  111  152    0.98465    5.13181   421%  87.6 2900s
 8728880 5184420    2.65854   85  247    0.98465    5.13082   421%  87.6 2905s
 8746467 5195444    2.03182   75  204    0.98465    5.12990   421%  87.6 2910s
 8765252 5206899    1.07644   92  212    0.98465    5.12947   421%  87.6 2915s
 8776156 5213720    1.64938   76  237    0.98465    5.12888   421%  87.6 2920s
 8796606 5224079    1.09761   88  261    0.98465    5.12768   421%  87.6 2925s
 8812863 5234033    4.84327   62  256    0.98465    5.12687   421%  87.6 2930s
 8827007 5241654    1.24158   82  261    0.98465    5.12598   421%  87.7 2935s
 8843139 5252093    1.13032   91  191    0.98465    5.12495   420%  87.7 2940s
 8861931 5264244    1.63759   83  231    0.98465    5.12420   420%  87.7 2945s
 8878599 5272932    2.98801   94  282    0.98465    5.12337   420%  87.7 2950s
 8889777 5277975    2.30027   75  281    0.98465    5.12274   420%  87.7 2955s
 8896458 5283024     cutoff  102         0.98465    5.12243   420%  87.7 2961s
 8912136 5293350    1.20740   84  143    0.98465    5.12167   420%  87.7 2965s
 8927015 5302006    4.69702   76  254    0.98465    5.12098   420%  87.7 2970s
H8937930 5307938                       0.9848610    5.12043   420%  87.7 2973s
H8941805 5308804                       0.9850058    5.12037   420%  87.7 2975s
H8942648 5308679                       0.9850439    5.12037   420%  87.7 2975s
H8942892 5308596                       0.9850669    5.12037   420%  87.7 2975s
 8955574 5317565     cutoff   73         0.98507    5.11972   420%  87.7 2980s
 8971806 5326389    0.99616   91  237    0.98507    5.11866   420%  87.7 2985s
 8990015 5336628 infeasible   92         0.98507    5.11748   420%  87.7 2990s
 9007790 5345173    3.55333   79  214    0.98507    5.11654   419%  87.7 2995s
 9022551 5354693    2.36749   78  237    0.98507    5.11565   419%  87.7 3000s
 9042934 5366541    1.37430   84  201    0.98507    5.11461   419%  87.7 3005s
 9058572 5376221    1.57718   82  291    0.98507    5.11381   419%  87.7 3010s
 9074825 5385458    1.12321  100  190    0.98507    5.11316   419%  87.7 3015s
 9093123 5397091    1.06308  102  248    0.98507    5.11188   419%  87.7 3020s
 9108871 5405351    3.43240   70  284    0.98507    5.11128   419%  87.7 3025s
 9128672 5417147 infeasible   70         0.98507    5.11027   419%  87.7 3030s
 9144101 5426700    2.26402   74  283    0.98507    5.10921   419%  87.8 3035s
 9159249 5437608    3.80862   63  245    0.98507    5.10865   419%  87.8 3040s
 9177099 5448068     cutoff   99         0.98507    5.10789   419%  87.8 3045s
 9194218 5456818    0.99933  107  236    0.98507    5.10659   418%  87.8 3050s
 9211042 5466433    2.00333   87  227    0.98507    5.10575   418%  87.8 3055s
 9224268 5474227    2.24634   84  218    0.98507    5.10508   418%  87.8 3060s
 9240200 5483800    1.84823   81  229    0.98507    5.10421   418%  87.8 3065s
 9255176 5492012    3.55098   65  241    0.98507    5.10352   418%  87.8 3070s
 9271138 5502303    1.00959   81  225    0.98507    5.10278   418%  87.8 3075s
 9287127 5511813    2.28411   84  214    0.98507    5.10154   418%  87.8 3080s
 9305836 5521708    2.04198   76  254    0.98507    5.10049   418%  87.8 3085s
 9320652 5531395    1.60008   74  254    0.98507    5.09992   418%  87.8 3090s
 9341622 5540592    1.53080   94  302    0.98507    5.09888   418%  87.8 3095s
 9345329 5544106    2.50019   71  249    0.98507    5.09844   418%  87.8 3100s
 9364671 5557018    5.05379   68  289    0.98507    5.09771   417%  87.8 3105s
 9382245 5567591    1.33726   86  218    0.98507    5.09660   417%  87.8 3110s
 9399743 5576863    1.05983  109  217    0.98507    5.09567   417%  87.8 3115s
 9415781 5587583    1.11322   95  221    0.98507    5.09489   417%  87.8 3120s
 9433413 5597934    1.46094   90  271    0.98507    5.09407   417%  87.8 3125s
 9448783 5607780    1.07989   95  237    0.98507    5.09350   417%  87.8 3131s
 9462470 5615669    1.04124  103  210    0.98507    5.09266   417%  87.9 3135s
 9477454 5624464    1.11136   81  210    0.98507    5.09196   417%  87.9 3141s
 9490306 5630629    1.42357   87  238    0.98507    5.09110   417%  87.9 3145s
 9507710 5641532    1.12699   93  268    0.98507    5.09046   417%  87.9 3150s
 9527201 5653117     cutoff  114         0.98507    5.08948   417%  87.9 3155s
 9545321 5665099 infeasible   90         0.98507    5.08899   417%  87.9 3160s
 9560902 5675973    2.78155   69  246    0.98507    5.08837   417%  87.9 3165s
 9577837 5685740    1.25015   95  293    0.98507    5.08745   416%  87.9 3170s
 9595796 5696346    2.95292   78  248    0.98507    5.08666   416%  87.9 3175s
 9607910 5705373    5.01854   59  282    0.98507    5.08634   416%  87.9 3180s
H9611515 5705373                       0.9850674    5.08628   416%  87.9 3180s
 9623008 5713188    4.84882   72  278    0.98507    5.08581   416%  87.9 3185s
 9635909 5721004 infeasible   84         0.98507    5.08536   416%  87.9 3190s
 9651793 5730908    1.27621   90  207    0.98507    5.08432   416%  87.9 3195s
 9664271 5738756    4.70501   74  243    0.98507    5.08379   416%  87.9 3200s
 9678210 5747110    1.07398  105  207    0.98507    5.08339   416%  87.9 3205s
 9690181 5755198 infeasible   93         0.98507    5.08261   416%  87.9 3210s
 9706609 5764649     cutoff   97         0.98507    5.08171   416%  87.9 3215s
 9723519 5772867    1.34737   87  276    0.98507    5.08091   416%  87.9 3220s
 9743035 5782224    1.74013   67  205    0.98507    5.07977   416%  87.9 3225s
 9758415 5792667     cutoff   81         0.98507    5.07918   416%  87.9 3230s
 9776365 5801876    3.09942   72  284    0.98507    5.07825   416%  88.0 3235s
 9795625 5813705     cutoff  115         0.98507    5.07723   415%  88.0 3241s
 9804697 5816605    1.18547   80  256    0.98507    5.07671   415%  88.0 3245s
 9820046 5826836    1.22957   96  229    0.98507    5.07614   415%  88.0 3250s
 9835592 5835563    1.17675   84  238    0.98507    5.07518   415%  88.0 3255s
H9845032 5839534                       0.9850740    5.07474   415%  88.0 3257s
H9847259 5843115                       0.9850903    5.07462   415%  88.0 3260s
H9861329 5850228                       0.9850970    5.07414   415%  88.0 3264s
 9863228 5852385    1.28256   86  261    0.98510    5.07403   415%  88.0 3265s
H9873427 5858893                       0.9851053    5.07360   415%  88.0 3269s
 9877352 5860073     cutoff   88         0.98511    5.07330   415%  88.0 3270s
 9893432 5870785    1.49457   80  210    0.98511    5.07250   415%  88.0 3275s
 9910078 5880692    1.24469   86  202    0.98511    5.07200   415%  88.0 3280s
H9916561 5885776                       0.9851061    5.07182   415%  88.0 3283s
 9923471 5888998     cutoff   82         0.98511    5.07172   415%  88.0 3285s
 9942340 5901791    1.28021   84  278    0.98511    5.07056   415%  88.0 3290s
 9961120 5910604    2.99883   86  279    0.98511    5.06975   415%  88.0 3295s
 9970525 5918552    4.48635   68  261    0.98511    5.06937   415%  88.0 3300s
 9988461 5927913     cutoff   98         0.98511    5.06849   415%  88.0 3305s
 10004809 5935628     cutoff   93         0.98511    5.06760   414%  88.0 3310s
 10022723 5945663    1.48680   87  217    0.98511    5.06665   414%  88.0 3315s
 10038159 5956312 infeasible   80         0.98511    5.06594   414%  88.0 3320s
 10059396 5967727    1.07103  100  173    0.98511    5.06488   414%  88.0 3325s
 10074954 5975864    1.04198  106  233    0.98511    5.06412   414%  88.0 3330s
 10094060 5984982     cutoff   73         0.98511    5.06276   414%  88.0 3335s
 10109476 5994014     cutoff  102         0.98511    5.06198   414%  88.1 3340s
 10121717 6001145 infeasible   85         0.98511    5.06138   414%  88.1 3345s
 10133868 6009969    1.16122  102  185    0.98511    5.06092   414%  88.1 3350s
 10144336 6014875    0.99663  115  239    0.98511    5.06048   414%  88.1 3355s
 10156745 6023091    3.94848   78  202    0.98511    5.05987   414%  88.1 3360s
 10168750 6030725    1.03945  100  133    0.98511    5.05921   414%  88.1 3366s
 10183011 6037678    1.29399  100  214    0.98511    5.05844   413%  88.1 3370s
 10191691 6044378    2.87391   90  244    0.98511    5.05799   413%  88.1 3375s
 10203711 6049818    3.40276   68  271    0.98511    5.05717   413%  88.1 3380s
 10217176 6057034    1.06966   97  188    0.98511    5.05664   413%  88.1 3385s
 10228243 6064919    1.77264   83  232    0.98511    5.05594   413%  88.1 3391s
 10242606 6072327    3.33265   78  280    0.98511    5.05535   413%  88.1 3395s
 10254799 6080174     cutoff   67         0.98511    5.05483   413%  88.1 3400s
 10271837 6089799    1.56758   73  247    0.98511    5.05387   413%  88.1 3405s
 10290049 6100298    1.63521   74  260    0.98511    5.05343   413%  88.1 3410s
 10298149 6103869    2.38975   84  270    0.98511    5.05269   413%  88.1 3415s
 10312675 6114851     cutoff  105         0.98511    5.05230   413%  88.1 3420s
 10324589 6121099 infeasible   83         0.98511    5.05177   413%  88.1 3425s
 10341773 6131171    1.49758   87  192    0.98511    5.05067   413%  88.1 3430s
 10353724 6137878    2.52174   78  244    0.98511    5.05001   413%  88.1 3435s
 10366797 6145059    3.28754   74  251    0.98511    5.04932   413%  88.1 3440s
 10382818 6154581    2.02504   84  234    0.98511    5.04858   412%  88.1 3445s
 10399498 6164079    3.14589   76  258    0.98511    5.04774   412%  88.1 3450s
 10416966 6172362    1.09769  117  240    0.98511    5.04653   412%  88.2 3455s
 10437480 6185795     cutoff  111         0.98511    5.04583   412%  88.2 3460s
 10452161 6195197     cutoff   97         0.98511    5.04551   412%  88.2 3465s
 10468925 6204358    2.14888   77  288    0.98511    5.04443   412%  88.2 3470s
 10484425 6212644    4.48085   83  228    0.98511    5.04357   412%  88.2 3475s
 10500491 6222410    1.73192   73  241    0.98511    5.04270   412%  88.2 3480s
 10519462 6233734    1.41997   92  239    0.98511    5.04200   412%  88.2 3485s
 10534782 6245086    1.02045   90  271    0.98511    5.04136   412%  88.2 3491s
 10550289 6255072    1.10535   97  189    0.98511    5.04078   412%  88.2 3495s
 10568208 6264822    3.32564   60  277    0.98511    5.03985   412%  88.2 3501s
 10578440 6271166    1.64742   69  249    0.98511    5.03928   412%  88.2 3505s
 10591466 6280821    1.07280   92  188    0.98511    5.03898   412%  88.2 3511s
 10607383 6288584    4.25538   75  220    0.98511    5.03825   411%  88.2 3515s
 10623517 6300517     cutoff  109         0.98511    5.03781   411%  88.2 3520s
 10638264 6309429    2.34090   66  195    0.98511    5.03732   411%  88.2 3525s
 10654860 6318148    1.01735  100  229    0.98511    5.03638   411%  88.2 3530s
 10670407 6327943    1.77275   73  236    0.98511    5.03534   411%  88.2 3535s
H10681484 6333985                       0.9851273    5.03530   411%  88.2 3538s
 10685429 6336983    1.11024   85  273    0.98513    5.03521   411%  88.2 3540s
 10701817 6347215    1.78252   79  272    0.98513    5.03451   411%  88.2 3545s
 10721341 6358013 infeasible   98         0.98513    5.03333   411%  88.2 3550s
 10735537 6367890 infeasible   97         0.98513    5.03309   411%  88.2 3555s
 10751783 6376820    3.78269   71  290    0.98513    5.03226   411%  88.2 3560s
 10758941 6379956     cutoff  103         0.98513    5.03189   411%  88.2 3565s
 10776349 6391546    2.58984   74  245    0.98513    5.03106   411%  88.2 3570s
 10791774 6399801    1.38533   90  270    0.98513    5.03052   411%  88.2 3575s
 10806417 6409190    1.12062  101  264    0.98513    5.02969   411%  88.2 3580s
 10824454 6420146    1.63398   82  243    0.98513    5.02882   410%  88.2 3585s
 10844191 6431570    1.81028   95  227    0.98513    5.02831   410%  88.3 3590s
 10862399 6441844    1.06638   56  146    0.98513    5.02756   410%  88.2 3595s
 10878905 6451107    3.42000   67  297    0.98513    5.02656   410%  88.2 3600s
 10895057 6461972    0.99759   74  178    0.98513    5.02610   410%  88.2 3605s
 10910400 6470718    1.06860   91  252    0.98513    5.02534   410%  88.2 3610s
 10925974 6480790    3.50310   82  280    0.98513    5.02454   410%  88.2 3615s
 10936626 6486805    4.22389   76  218    0.98513    5.02396   410%  88.3 3620s
 10949720 6494606    1.78573   72  197    0.98513    5.02335   410%  88.3 3626s
 10958968 6499962    1.08345  122  182    0.98513    5.02296   410%  88.3 3630s
 10978333 6513013    0.99074  102  188    0.98513    5.02222   410%  88.3 3635s
 10993942 6523056     cutoff   83         0.98513    5.02176   410%  88.3 3640s
 11011658 6532430    2.50135   70  240    0.98513    5.02088   410%  88.3 3645s
 11026653 6541125     cutoff   81         0.98513    5.02016   410%  88.3 3650s
 11045504 6553154    1.01035   92  222    0.98513    5.01957   410%  88.3 3655s
 11051764 6573832    1.23555   81  166    0.98513    5.01928   410%  88.3 3669s
 11083764 6575550    1.41314   95  220    0.98513    5.01805   409%  88.3 3670s
 11100627 6585757    3.66372   76  273    0.98513    5.01722   409%  88.3 3675s
 11114144 6594462     cutoff   90         0.98513    5.01673   409%  88.3 3680s
 11127836 6602463     cutoff  116         0.98513    5.01641   409%  88.3 3685s
 11143839 6612543    1.11119   85  203    0.98513    5.01558   409%  88.3 3691s
 11157330 6618977    1.01400  103  186    0.98513    5.01479   409%  88.3 3696s
 11168865 6625592     cutoff   91         0.98513    5.01403   409%  88.3 3701s
 11184339 6634298    1.63954   91  220    0.98513    5.01332   409%  88.3 3705s
 11199726 6642804    1.04042   94  241    0.98513    5.01270   409%  88.3 3710s
 11219037 6653181    4.50448   69  241    0.98513    5.01180   409%  88.3 3715s
 11234739 6661876    1.04666   83  191    0.98513    5.01089   409%  88.3 3720s
 11252526 6669722    3.20726   83  254    0.98513    5.00991   409%  88.3 3725s
 11256285 6673197 infeasible   79         0.98513    5.00964   409%  88.3 3730s
 11273402 6684097    1.60120   94  254    0.98513    5.00870   408%  88.3 3736s
 11291969 6692795 infeasible  103         0.98513    5.00776   408%  88.3 3740s
 11307626 6701304    1.12423   79  269    0.98513    5.00690   408%  88.3 3745s
 11322741 6710269    1.03351  128  195    0.98513    5.00611   408%  88.4 3750s
 11341161 6720751    1.01282  103  143    0.98513    5.00530   408%  88.4 3755s
 11360202 6731947    1.18986   86  186    0.98513    5.00462   408%  88.3 3760s
 11377935 6742067     cutoff  102         0.98513    5.00401   408%  88.3 3765s
 11393170 6752261     cutoff   81         0.98513    5.00328   408%  88.3 3770s
 11412235 6762958    1.31935   88  283    0.98513    5.00249   408%  88.3 3775s
 11423527 6769404     cutoff  100         0.98513    5.00205   408%  88.4 3780s
 11440796 6779460    2.70144   89  222    0.98513    5.00129   408%  88.4 3786s
 11453755 6787566     cutoff  107         0.98513    5.00086   408%  88.4 3790s
 11471548 6799290    3.25714   70  297    0.98513    5.00013   408%  88.4 3795s
 11490824 6809276     cutoff   71         0.98513    4.99931   407%  88.4 3800s
 11508460 6819822    1.15226   93  245    0.98513    4.99839   407%  88.4 3805s
 11521679 6826934    1.03668  100  190    0.98513    4.99776   407%  88.4 3810s
 11535577 6834820    1.16948   82  206    0.98513    4.99716   407%  88.4 3815s
 11547729 6842069    2.02219   72  245    0.98513    4.99655   407%  88.4 3820s
H11559616 6848366                       0.9851336    4.99596   407%  88.4 3824s
 11563191 6849295     cutoff   96         0.98513    4.99582   407%  88.4 3825s
 11575347 6857000    1.07078  102  194    0.98513    4.99532   407%  88.4 3830s
 11588114 6865931    2.04916   76  302    0.98513    4.99486   407%  88.4 3835s
 11602911 6875070    1.57963   77  283    0.98513    4.99416   407%  88.4 3840s
 11617274 6882611 infeasible  115         0.98513    4.99363   407%  88.4 3845s
 11629789 6890975    1.77196   74  287    0.98513    4.99318   407%  88.4 3850s
 11641840 6898321    1.19112   97  231    0.98513    4.99245   407%  88.4 3856s
 11652635 6903675     cutoff  109         0.98513    4.99212   407%  88.4 3860s
 11664990 6912172    1.06950   92  165    0.98513    4.99173   407%  88.4 3866s
 11676440 6917627    1.02089  111  185    0.98513    4.99113   407%  88.4 3871s
 11684889 6922930    1.47309   74  269    0.98513    4.99063   407%  88.4 3875s
 11698829 6929925    1.65373   88  263    0.98513    4.98993   407%  88.4 3880s
 11713051 6939409    2.93294   76  271    0.98513    4.98929   406%  88.4 3885s
 11727016 6947634     cutoff   92         0.98513    4.98917   406%  88.4 3890s
 11738622 6952699    1.71677   80  253    0.98513    4.98838   406%  88.4 3896s
 11742079 6955925    4.75653   77  242    0.98513    4.98822   406%  88.4 3900s
 11755790 6964415    2.28717   89  263    0.98513    4.98749   406%  88.4 3905s
 11772096 6975313    1.35460   88  255    0.98513    4.98701   406%  88.4 3911s
 11784894 6982443    1.71506   76  213    0.98513    4.98667   406%  88.4 3915s
 11800476 6992055     cutoff   95         0.98513    4.98597   406%  88.4 3920s
 11813391 6998573    1.25459   87  266    0.98513    4.98538   406%  88.4 3925s
 11825273 7008210    4.54016   80  242    0.98513    4.98493   406%  88.4 3930s
 11843088 7016710    1.16769   93  186    0.98513    4.98435   406%  88.4 3935s
 11855733 7024999    1.72243   84  224    0.98513    4.98381   406%  88.4 3940s
 11870130 7035514    1.40326   88  204    0.98513    4.98327   406%  88.4 3945s
 11886114 7044749    1.03158  111  155    0.98513    4.98279   406%  88.4 3950s
 11903258 7056372    1.05841  102  176    0.98513    4.98228   406%  88.5 3955s
 11922400 7066410    4.65921   78  307    0.98513    4.98140   406%  88.5 3960s
 11938251 7076017    2.69334   71  214    0.98513    4.98068   406%  88.5 3965s
 11956277 7085955    1.24614   81  234    0.98513    4.97990   406%  88.5 3970s
 11972432 7094717 infeasible   91         0.98513    4.97893   405%  88.5 3975s
 11990819 7105756    2.33687   69  258    0.98513    4.97817   405%  88.5 3980s
 12006758 7115569    1.14343   84  218    0.98513    4.97780   405%  88.5 3985s
 12022349 7123839    1.34245   84  244    0.98513    4.97689   405%  88.5 3990s
 12039305 7133057    2.22161   70  266    0.98513    4.97598   405%  88.5 3995s
 12051936 7142102    4.40780   71  262    0.98513    4.97553   405%  88.5 4000s
 12067443 7150692    2.28324   74  269    0.98513    4.97495   405%  88.5 4006s
 12080577 7156709    1.19657   90  241    0.98513    4.97423   405%  88.5 4010s
 12092651 7164906    2.00864   83  236    0.98513    4.97353   405%  88.5 4015s
 12107393 7173157    1.38421   82  296    0.98513    4.97306   405%  88.6 4020s
 12123509 7181583    1.50221   90  245    0.98513    4.97222   405%  88.6 4025s
 12139906 7191415     cutoff   91         0.98513    4.97166   405%  88.6 4030s
 12150611 7197388    1.01778  102  189    0.98513    4.97126   405%  88.6 4035s
 12169047 7208195    1.18566   93  296    0.98513    4.97054   405%  88.6 4040s
 12187934 7218724     cutoff  107         0.98513    4.96982   404%  88.6 4045s
 12202458 7226326    3.95471   79  253    0.98513    4.96930   404%  88.6 4050s
 12209060 7231616    2.32615   80  223    0.98513    4.96885   404%  88.6 4056s
 12219224 7239070    2.91041   75  291    0.98513    4.96858   404%  88.6 4060s
 12237573 7247929    3.58535   76  281    0.98513    4.96781   404%  88.6 4065s
 12249770 7257282    1.16805   98  173    0.98513    4.96760   404%  88.6 4071s
 12263814 7265201    3.34901   70  255    0.98513    4.96719   404%  88.6 4075s
 12280869 7273937     cutoff   94         0.98513    4.96619   404%  88.6 4080s
 12298391 7282914    2.04417   76  220    0.98513    4.96551   404%  88.7 4085s
 12318737 7295170    1.98276   79  272    0.98513    4.96481   404%  88.7 4090s
 12334428 7304601    1.02854  108  185    0.98513    4.96439   404%  88.7 4095s
 12350269 7314211    1.76186   74  239    0.98513    4.96344   404%  88.7 4100s
 12367876 7323883    1.98632   77  231    0.98513    4.96287   404%  88.7 4105s
 12386887 7336708    1.05788   82  230    0.98513    4.96212   404%  88.7 4110s
 12402950 7346215 infeasible   82         0.98513    4.96146   404%  88.7 4115s
 12418218 7355168    2.60639   72  269    0.98513    4.96061   404%  88.7 4120s
 12437499 7367369    1.07567   93  189    0.98513    4.95988   403%  88.7 4125s
 12453361 7376863    1.98960   79  220    0.98513    4.95927   403%  88.7 4130s
 12470811 7386786    1.00141  102  197    0.98513    4.95847   403%  88.7 4135s
 12489445 7397704    2.19582   67  189    0.98513    4.95784   403%  88.7 4140s
 12507605 7408106    2.44750   74  231    0.98513    4.95739   403%  88.7 4145s
 12524661 7418595     cutoff   97         0.98513    4.95685   403%  88.7 4150s
 12540806 7429157     cutoff  103         0.98513    4.95617   403%  88.7 4155s
 12555253 7439308    2.49962   63  271    0.98513    4.95570   403%  88.7 4160s
 12574027 7451213    1.25616  100  235    0.98513    4.95524   403%  88.7 4165s
 12590399 7459793    2.71477   55  250    0.98513    4.95448   403%  88.7 4170s
 12609572 7470939     cutoff  100         0.98513    4.95354   403%  88.7 4176s
 12625104 7478708    2.68634   66  256    0.98513    4.95298   403%  88.8 4180s
 12640096 7488779    2.97001   78  282    0.98513    4.95239   403%  88.8 4185s
 12655133 7497426     cutoff   99         0.98513    4.95174   403%  88.8 4190s
 12674626 7506960 infeasible   77         0.98513    4.95094   403%  88.8 4195s
 12677779 7510491    4.27187   75  229    0.98513    4.95072   403%  88.8 4200s
 12695533 7519580     cutoff  102         0.98513    4.94989   402%  88.8 4205s
 12713697 7530874    3.07348   72  253    0.98513    4.94917   402%  88.8 4210s
 12728505 7540741    1.63359   82  276    0.98513    4.94863   402%  88.8 4215s
 12745694 7548970     cutoff   83         0.98513    4.94774   402%  88.8 4220s
 12761670 7559061    1.45641   76  192    0.98513    4.94725   402%  88.8 4225s
 12778695 7569832     cutoff   87         0.98513    4.94649   402%  88.8 4231s
 12792097 7576375    1.20186   92  231    0.98513    4.94586   402%  88.8 4235s
 12808297 7586567    1.12228   88  167    0.98513    4.94531   402%  88.9 4241s
 12820786 7594052    2.03414   75  255    0.98513    4.94479   402%  88.9 4245s
 12834595 7603043    1.55647   83  228    0.98513    4.94443   402%  88.9 4250s
 12851416 7611647    2.33237   74  275    0.98513    4.94365   402%  88.9 4255s
 12867038 7621477    0.98636  103  213    0.98513    4.94303   402%  88.9 4260s
 12886077 7631321    1.08348  116  126    0.98513    4.94230   402%  88.9 4265s
 12903455 7640321    1.54711   86  260    0.98513    4.94158   402%  88.9 4270s
 12919333 7649500 infeasible   61         0.98513    4.94094   402%  88.9 4276s
 12934898 7659378    2.59869   75  262    0.98513    4.94025   401%  88.9 4280s
 12952317 7668980    1.08789   86  257    0.98513    4.93958   401%  88.9 4285s
 12966620 7678998     cutoff   82         0.98513    4.93902   401%  88.9 4290s
 12982666 7689170    2.59957   65  264    0.98513    4.93841   401%  88.9 4295s
 12999994 7699558    1.20762   86  253    0.98513    4.93773   401%  88.9 4300s
 13019040 7708282     cutoff   98         0.98513    4.93705   401%  88.9 4305s
 13036868 7717329    2.73254   73  286    0.98513    4.93619   401%  89.0 4310s
 13052773 7726688     cutoff   99         0.98513    4.93570   401%  89.0 4315s
 13067671 7736848    4.04745   83  242    0.98513    4.93520   401%  89.0 4320s
 13082759 7744783    1.07073   96  188    0.98513    4.93446   401%  89.0 4325s
 13097949 7755575    0.98628   90  198    0.98513    4.93428   401%  89.0 4330s
 13114346 7765498     cutoff   75         0.98513    4.93377   401%  89.0 4335s
 13127395 7773088    1.64255   75  203    0.98513    4.93335   401%  89.0 4340s
 13146051 7782793    1.00052  102  191    0.98513    4.93265   401%  89.0 4345s
 13158833 7791938    1.63365   74  247    0.98513    4.93214   401%  89.0 4350s
 13166841 7796197    1.25647  102  225    0.98513    4.93191   401%  89.0 4355s
 13184089 7807621    1.37019   78  264    0.98513    4.93156   401%  89.0 4360s
 13199795 7816120     cutoff  109         0.98513    4.93081   401%  89.0 4365s
 13210407 7821887    2.53303   86  247    0.98513    4.93050   400%  89.0 4370s
 13225649 7831568    1.04253   86  214    0.98513    4.92999   400%  89.0 4375s
 13238707 7839884 infeasible   98         0.98513    4.92955   400%  89.0 4381s
 13249521 7844769    1.65787   82  263    0.98513    4.92908   400%  89.0 4385s
 13258055 7852278    1.57339   78  258    0.98513    4.92875   400%  89.1 4390s
H13271136 7858441                       0.9851360    4.92824   400%  89.1 4395s
 13287034 7866645    2.10603   87  231    0.98514    4.92742   400%  89.1 4401s
 13296973 7871313     cutoff   98         0.98514    4.92692   400%  89.1 4405s
 13311804 7881510    1.80567   84  200    0.98514    4.92651   400%  89.1 4411s
 13321533 7888141    1.05286   94  190    0.98514    4.92598   400%  89.1 4415s
 13338688 7897923    1.36855   86  158    0.98514    4.92551   400%  89.1 4421s
 13349116 7902612    2.34142   69  260    0.98514    4.92518   400%  89.1 4425s
 13362611 7909900     cutoff  111         0.98514    4.92471   400%  89.1 4430s
 13373900 7917027    1.29082   83  192    0.98514    4.92430   400%  89.1 4435s
 13387281 7923925    3.89301   69  258    0.98514    4.92377   400%  89.1 4440s
 13398490 7931537    1.32620   83  248    0.98514    4.92321   400%  89.1 4445s
 13417830 7942549    1.63489   85  243    0.98514    4.92266   400%  89.1 4450s
 13434153 7952877    1.67982   77  239    0.98514    4.92218   400%  89.1 4455s
H13443350 7955762                       0.9851570    4.92187   400%  89.1 4458s
 13448204 7959445 infeasible   86         0.98516    4.92154   400%  89.1 4460s
H13450724 7962460                       0.9851815    4.92139   400%  89.1 4462s
H13459459 7966452                       0.9852818    4.92126   399%  89.1 4465s
H13461801 7967200                       0.9855076    4.92119   399%  89.1 4467s
H13462208 7967188                       0.9855111    4.92119   399%  89.1 4467s
H13470704 7970441                       0.9855329    4.92072   399%  89.1 4470s
H13473215 7971536                       0.9855443    4.92055   399%  89.1 4472s
H13477432 7973758                       0.9855464    4.92034   399%  89.1 4474s
 13477662 7976183    1.15816   91  222    0.98555    4.92025   399%  89.1 4476s
H13491103 7982355                       0.9855479    4.91993   399%  89.1 4480s
H13493078 7983548                       0.9855939    4.91981   399%  89.1 4482s
 13502429 7991230    1.13437   91  234    0.98559    4.91959   399%  89.1 4486s
 13512428 7997697     cutoff   90         0.98559    4.91924   399%  89.1 4490s
H13517686 7998388                       0.9857377    4.91905   399%  89.1 4492s
H13520527 8000425                       0.9858049    4.91891   399%  89.1 4494s
 13522184 8002222     cutoff   80         0.98580    4.91881   399%  89.1 4495s
H13525052 8002187                       0.9858154    4.91877   399%  89.2 4495s
 13537451 8010366     cutoff  103         0.98582    4.91812   399%  89.2 4500s
H13543496 8013956                       0.9858155    4.91787   399%  89.2 4503s
 13549755 8017371    3.43298   79  254    0.98582    4.91761   399%  89.2 4505s
 13569858 8031072     cutoff   96         0.98582    4.91698   399%  89.2 4510s
 13582149 8038620    1.08920   99  250    0.98582    4.91668   399%  89.2 4515s
 13598113 8048183 infeasible   76         0.98582    4.91595   399%  89.2 4520s
 13611040 8054364    2.91203   70  267    0.98582    4.91540   399%  89.2 4525s
 13614586 8057951    1.29355   91  224    0.98582    4.91535   399%  89.2 4530s
 13631634 8069335    1.25909   81  230    0.98582    4.91456   399%  89.2 4535s
 13649883 8077397 infeasible  103         0.98582    4.91377   398%  89.2 4540s
 13664439 8086308    1.49877   74  255    0.98582    4.91317   398%  89.2 4545s
 13676943 8092761 infeasible   97         0.98582    4.91272   398%  89.2 4550s
 13692131 8104577    1.64417   78  313    0.98582    4.91229   398%  89.2 4555s
 13710673 8114269    1.05790  106  230    0.98582    4.91165   398%  89.2 4560s
 13726361 8122410 infeasible  104         0.98582    4.91095   398%  89.2 4565s
 13741326 8132223    1.08138   88  230    0.98582    4.91033   398%  89.2 4571s
 13754763 8139759    1.66095   81  186    0.98582    4.90984   398%  89.2 4575s
 13769270 8149734    1.73252   77  227    0.98582    4.90969   398%  89.3 4581s
 13781518 8156927    2.34811   73  236    0.98582    4.90919   398%  89.3 4586s
 13794493 8164618    1.17588   90  247    0.98582    4.90878   398%  89.3 4591s
 13804497 8170373    1.59939   79  286    0.98582    4.90843   398%  89.3 4595s
 13818629 8178796    0.99718  116  166    0.98582    4.90806   398%  89.3 4600s
 13830301 8187298    1.69735   88  254    0.98582    4.90771   398%  89.3 4605s
 13845037 8195177    1.07762   92  254    0.98582    4.90737   398%  89.3 4610s
 13860244 8204557    2.55860   70  253    0.98582    4.90665   398%  89.3 4615s
 13875608 8213968    2.54114   68  238    0.98582    4.90629   398%  89.3 4620s
H13887011 8221662                       0.9858191    4.90611   398%  89.3 4625s
 13900231 8230762    3.32458   67  250    0.98582    4.90573   398%  89.3 4630s
 13918023 8239756    2.28702   77  237    0.98582    4.90508   398%  89.3 4635s
 13933651 8247662    3.30053   69  250    0.98582    4.90435   397%  89.3 4640s
 13950511 8256527    1.10105   94  233    0.98582    4.90381   397%  89.3 4645s
 13966259 8264646    3.09744   70  241    0.98582    4.90319   397%  89.3 4650s
 13986265 8277341    1.24061   72  261    0.98582    4.90263   397%  89.3 4655s
 14001892 8285085    1.50942   80  240    0.98582    4.90200   397%  89.3 4660s
 14020838 8294012    1.03984  115  189    0.98582    4.90119   397%  89.3 4665s
 14036049 8305292    3.13216   75  288    0.98582    4.90062   397%  89.3 4670s
 14053168 8314848    2.00547   72  276    0.98582    4.90029   397%  89.3 4675s
 14063089 8319465    1.84929   76  238    0.98582    4.89969   397%  89.3 4680s
H14068115 8283242                       0.9928656    4.89951   393%  89.3 4683s
H14069275 8285223                       0.9929376    4.89933   393%  89.3 4685s
H14073270 8286907                       0.9929431    4.89919   393%  89.3 4687s
H14074190 8286759                       0.9929651    4.89916   393%  89.3 4687s
H14075535 8289361                       0.9929884    4.89915   393%  89.3 4689s
 14079395 8290685    1.65981   73  194    0.99299    4.89913   393%  89.3 4690s
H14079907 8290660                       0.9929919    4.89904   393%  89.3 4691s
H14080167 8290642                       0.9929965    4.89902   393%  89.3 4691s
H14080789 8289983                       0.9931051    4.89902   393%  89.3 4692s
 14086373 8294708 infeasible   80         0.99311    4.89880   393%  89.4 4695s
 14099096 8305030     cutoff  106         0.99311    4.89877   393%  89.4 4700s
 14112319 8313671    2.48576   73  263    0.99311    4.89832   393%  89.4 4706s
H14120880 8317874                       0.9931051    4.89812   393%  89.4 4709s
 14123802 8319577    1.03379   88  218    0.99311    4.89812   393%  89.4 4710s
 14137632 8327367    1.95681   87  225    0.99311    4.89741   393%  89.4 4715s
 14152397 8337288    1.14348   87  157    0.99311    4.89721   393%  89.4 4720s
 14164714 8344492 infeasible  107         0.99311    4.89675   393%  89.4 4725s
 14178522 8353836    2.73998   68  260    0.99311    4.89607   393%  89.4 4730s
 14191090 8362349    1.20308   91  245    0.99311    4.89582   393%  89.4 4735s
H14201451 8369111                       0.9931052    4.89540   393%  89.4 4739s
 14205777 8371015    1.23390  110  194    0.99311    4.89530   393%  89.4 4741s
 14219311 8379034    1.03699   78  254    0.99311    4.89501   393%  89.4 4745s
 14233645 8388772    2.64582   72  270    0.99311    4.89445   393%  89.4 4750s
 14250259 8396913    2.94872   66  260    0.99311    4.89381   393%  89.4 4755s
 14259420 8402283    4.82512   81  222    0.99311    4.89351   393%  89.4 4760s
 14274829 8412364    1.56709   78  276    0.99311    4.89289   393%  89.4 4766s
 14284921 8418228    1.66348   69  215    0.99311    4.89256   393%  89.4 4770s
 14300179 8427022    1.09722  101  138    0.99311    4.89204   393%  89.4 4775s
 14313335 8434726 infeasible   92         0.99311    4.89163   393%  89.4 4780s
 14329467 8441998     cutoff  103         0.99311    4.89094   392%  89.4 4785s
 14347230 8450916    1.01254   94  175    0.99311    4.89023   392%  89.4 4790s
 14363262 8459772    4.49283   74  253    0.99311    4.88952   392%  89.4 4795s
H14371104 8461566                       0.9932879    4.88932   392%  89.4 4798s
H14372701 8461280                       0.9936347    4.88916   392%  89.4 4800s
H14377103 8462589                       0.9936655    4.88904   392%  89.4 4802s
 14386573 8470082    2.15352   75  237    0.99367    4.88863   392%  89.4 4805s
H14393700 8473496                       0.9936862    4.88836   392%  89.4 4808s
 14399684 8476830    2.05305   82  185    0.99369    4.88827   392%  89.4 4810s
 14414419 8486421    1.19538   76  221    0.99369    4.88780   392%  89.4 4815s
 14432152 8496855    1.54375   80  232    0.99369    4.88727   392%  89.4 4821s
H14435112 8496854                       0.9936867    4.88720   392%  89.4 4821s
 14444693 8503430 infeasible   75         0.99369    4.88670   392%  89.5 4825s
 14458477 8511567    3.01665   76  300    0.99369    4.88627   392%  89.5 4830s
 14475250 8520705     cutoff   81         0.99369    4.88587   392%  89.5 4835s
 14493294 8531837    1.55135   98  213    0.99369    4.88529   392%  89.5 4840s
 14510841 8539917     cutoff   83         0.99369    4.88450   392%  89.5 4845s
H14511958 8539847                       0.9936957    4.88450   392%  89.5 4846s
 14515466 8541708    3.21317   85  278    0.99370    4.88426   392%  89.5 4851s
H14528016 8548320                       0.9937165    4.88392   391%  89.5 4855s
H14540203 8555835                       0.9937243    4.88331   391%  89.5 4860s
H14551214 8561937                       0.9937604    4.88291   391%  89.5 4864s
 14553255 8563323    1.90507   68  163    0.99376    4.88291   391%  89.5 4866s
H14554272 8563305                       0.9937631    4.88289   391%  89.5 4867s
 14561994 8568865    2.24905   76  243    0.99376    4.88261   391%  89.5 4870s
 14570079 8575693    1.63094   72  190    0.99376    4.88237   391%  89.5 4875s
H14575910 8577388                       0.9937716    4.88234   391%  89.5 4877s
H14578069 8576931                       0.9940522    4.88219   391%  89.5 4878s
 14580283 8578886    4.66640   70  217    0.99405    4.88214   391%  89.5 4880s
 14596577 8588629    2.33043   69  293    0.99405    4.88156   391%  89.5 4885s
 14609273 8596630     cutoff   98         0.99405    4.88104   391%  89.5 4890s
 14622498 8603588    1.16362   80  204    0.99405    4.88055   391%  89.5 4895s
H14631495 8607051                       0.9940544    4.88016   391%  89.5 4897s
 14637935 8612560     cutoff   90         0.99405    4.87992   391%  89.5 4900s
 14650502 8619935     cutoff   90         0.99405    4.87942   391%  89.5 4905s
 14667805 8631604    2.32407   88  270    0.99405    4.87912   391%  89.5 4910s
 14684448 8640469 infeasible   96         0.99405    4.87862   391%  89.5 4915s
 14702773 8651269 infeasible   87         0.99405    4.87778   391%  89.6 4920s
 14720024 8660064    1.32818   92  272    0.99405    4.87714   391%  89.6 4925s
 14735505 8670969    1.38589   92  215    0.99405    4.87660   391%  89.6 4930s
 14751149 8679787    1.35712   89  215    0.99405    4.87603   391%  89.6 4935s
 14766728 8688988    2.14860   68  256    0.99405    4.87546   390%  89.6 4940s
 14785454 8699072    1.07510  112  201    0.99405    4.87492   390%  89.6 4945s
 14804356 8710081     cutoff  108         0.99405    4.87434   390%  89.6 4951s
 14817604 8718476    1.45959   67  213    0.99405    4.87370   390%  89.6 4955s
 14834503 8727463    2.12600   82  160    0.99405    4.87316   390%  89.6 4961s
 14846465 8733426    4.72215   67  277    0.99405    4.87243   390%  89.6 4965s
 14862650 8742907    1.32766   91  235    0.99405    4.87192   390%  89.6 4970s
 14877610 8749784    1.95375   82  213    0.99405    4.87123   390%  89.6 4975s
 14888899 8757393 infeasible   88         0.99405    4.87096   390%  89.6 4980s
 14903507 8763713 infeasible   82         0.99405    4.87034   390%  89.6 4985s
 14916879 8772065    1.07648   95  279    0.99405    4.86987   390%  89.6 4991s
 14926767 8777306    1.29903   92  201    0.99405    4.86951   390%  89.6 4995s
 14936360 8782550    1.36485  104  206    0.99405    4.86912   390%  89.6 5000s
 14949176 8791212    1.92172   81  249    0.99405    4.86869   390%  89.7 5005s
 14959511 8795710     cutoff  100         0.99405    4.86832   390%  89.7 5010s
 14973359 8804625    3.33646   73  267    0.99405    4.86792   390%  89.7 5016s
 14983649 8812397    1.36231   87  224    0.99405    4.86776   390%  89.7 5020s
 14995777 8820096    1.10241   92  200    0.99405    4.86737   390%  89.7 5025s
 15005621 8824465 infeasible   86         0.99405    4.86692   390%  89.7 5030s
 15008998 8826397     cutoff   96         0.99405    4.86682   390%  89.7 5036s
 15019341 8831503    1.25520   75  291    0.99405    4.86621   390%  89.7 5040s
 15028443 8835666    1.14260  108  245    0.99405    4.86592   390%  89.7 5045s
 15041801 8842585    3.46756   68  300    0.99405    4.86525   389%  89.7 5050s
 15053367 8850637    1.09716   98  180    0.99405    4.86493   389%  89.7 5056s
 15064882 8855928    4.50432   65  273    0.99405    4.86464   389%  89.7 5060s
 15076891 8865144    1.59635   91  235    0.99405    4.86427   389%  89.7 5066s
 15087981 8870758    1.47601  101  249    0.99405    4.86388   389%  89.7 5070s
 15100245 8878237     cutoff   89         0.99405    4.86361   389%  89.7 5076s
 15109036 8884429    1.08036  100  221    0.99405    4.86335   389%  89.7 5080s
 15120607 8890092    3.64518   79  251    0.99405    4.86297   389%  89.7 5085s
 15132387 8897780     cutoff   85         0.99405    4.86256   389%  89.7 5091s
 15143225 8904176    0.99797  107  206    0.99405    4.86237   389%  89.7 5095s
 15157082 8911124    4.55125   65  253    0.99405    4.86175   389%  89.7 5101s
 15165935 8917065    1.79266   65  234    0.99405    4.86143   389%  89.7 5105s
 15181252 8925134     cutoff   88         0.99405    4.86075   389%  89.7 5111s
 15190505 8932132    1.32120   79  233    0.99405    4.86049   389%  89.8 5115s
 15203747 8939190    1.05716  111  196    0.99405    4.86038   389%  89.8 5121s
 15213392 8945222    1.36885   90  256    0.99405    4.85995   389%  89.8 5125s
 15227007 8952570    1.48086   76  239    0.99405    4.85955   389%  89.8 5131s
 15237300 8957957     cutoff   82         0.99405    4.85924   389%  89.8 5135s
 15249080 8965081 infeasible   66         0.99405    4.85870   389%  89.8 5140s
 15262557 8973163    1.01750   99  197    0.99405    4.85817   389%  89.8 5146s
 15272413 8979204    1.17484   97  246    0.99405    4.85787   389%  89.8 5150s
 15285199 8985573    3.63382   67  275    0.99405    4.85742   389%  89.8 5156s
H15287487 8985470                       0.9940662    4.85733   389%  89.8 5156s
 15293634 8990958    4.65539   63  269    0.99407    4.85713   389%  89.8 5160s
 15303062 8996369     cutoff  103         0.99407    4.85667   389%  89.8 5165s
H15306022 8996307                       0.9940736    4.85662   389%  89.8 5165s
 15312637 9001948    1.07596   97  182    0.99407    4.85645   389%  89.8 5170s
 15322212 9007206    1.40484   66  181    0.99407    4.85606   389%  89.8 5176s
 15329801 9013673    4.52567   78  289    0.99407    4.85582   388%  89.8 5180s
 15340870 9019760    1.34771   92  286    0.99407    4.85546   388%  89.8 5185s
 15354673 9026361    2.04283   78  284    0.99407    4.85500   388%  89.8 5190s
H15366060 9031029                       0.9940798    4.85466   388%  89.8 5195s
 15375853 9039736    2.01903   80  242    0.99408    4.85438   388%  89.8 5200s
 15386469 9044432    1.67593   86  241    0.99408    4.85408   388%  89.8 5205s
 15400156 9051801    1.10970  104  227    0.99408    4.85352   388%  89.8 5211s
 15410039 9057488 infeasible   82         0.99408    4.85315   388%  89.8 5215s
 15423317 9065226     cutoff   98         0.99408    4.85286   388%  89.8 5220s
 15435061 9072164    1.01228   78  223    0.99408    4.85242   388%  89.8 5226s
 15443611 9078259    2.62918   82  235    0.99408    4.85210   388%  89.8 5230s
 15456535 9085697    3.51979   64  269    0.99408    4.85165   388%  89.8 5236s
 15466986 9091686    3.50519   76  238    0.99408    4.85128   388%  89.8 5240s
 15476837 9097187    1.05057  100  232    0.99408    4.85102   388%  89.8 5245s
 15490687 9106778    0.99684  114  225    0.99408    4.85083   388%  89.9 5251s
 15500589 9111444    1.17044   87  242    0.99408    4.85049   388%  89.9 5255s
 15502228 9114267    1.54233   69  175    0.99408    4.85049   388%  89.9 5260s
 15512441 9120633    1.88787   74  212    0.99408    4.85010   388%  89.9 5265s
 15524448 9126858     cutoff  103         0.99408    4.84966   388%  89.9 5271s
 15533965 9132776    2.63096   77  269    0.99408    4.84947   388%  89.9 5275s
 15546961 9141301    1.38843   95  227    0.99408    4.84914   388%  89.9 5280s
 15558042 9148400    2.67687   79  214    0.99408    4.84891   388%  89.9 5285s
 15567676 9153161    4.70515   73  220    0.99408    4.84854   388%  89.9 5290s
H15573217 9153404                       0.9943299    4.84840   388%  89.9 5292s
H15574759 9155147                       0.9943449    4.84829   388%  89.9 5293s
 15577100 9156043    3.93669   79  271    0.99434    4.84821   388%  89.9 5295s
H15577256 9155770                       0.9943861    4.84821   388%  89.9 5295s
H15578388 9155650                       0.9944028    4.84821   388%  89.9 5296s
H15583721 9158670                       0.9944137    4.84801   388%  89.9 5299s
 15584725 9161242    1.56784   79  273    0.99441    4.84797   388%  89.9 5300s
H15585200 9160814                       0.9944851    4.84797   387%  89.9 5301s
 15594414 9164675    4.00054   78  248    0.99449    4.84772   387%  89.9 5305s
 15608534 9172151     cutoff  100         0.99449    4.84719   387%  89.9 5311s
 15618346 9178008 infeasible   89         0.99449    4.84695   387%  89.9 5315s
 15631103 9187130    4.09463   73  267    0.99449    4.84660   387%  89.9 5321s
H15637476 9188648                       0.9944902    4.84650   387%  89.9 5322s
 15640222 9191515 infeasible   84         0.99449    4.84623   387%  89.9 5325s
 15653098 9198728    2.99719   71  264    0.99449    4.84576   387%  89.9 5331s
H15655608 9198563                       0.9945181    4.84572   387%  89.9 5331s
H15656177 9200891                       0.9945184    4.84571   387%  89.9 5333s
 15661570 9204745     cutoff  103         0.99452    4.84548   387%  89.9 5336s
 15674273 9211985    1.14020  100  204    0.99452    4.84514   387%  89.9 5340s
 15683542 9217990 infeasible   78         0.99452    4.84483   387%  89.9 5345s
 15695538 9224411    2.17355   78  276    0.99452    4.84454   387%  89.9 5350s
 15708513 9231944    1.44718   71  246    0.99452    4.84419   387%  89.9 5356s
 15718062 9236982 infeasible   82         0.99452    4.84380   387%  89.9 5360s
 15727263 9243240    2.64468   79  247    0.99452    4.84359   387%  89.9 5365s
 15741516 9249719    1.64938   84  257    0.99452    4.84294   387%  89.9 5370s
 15755107 9256308     cutoff   98         0.99452    4.84236   387%  89.9 5376s
 15764898 9262755    1.19598  105  261    0.99452    4.84192   387%  89.9 5381s
 15775598 9268637    2.56986   74  218    0.99452    4.84172   387%  89.9 5385s
 15788248 9274151     cutoff  105         0.99452    4.84119   387%  89.9 5391s
 15797276 9280226    3.26667   75  257    0.99452    4.84093   387%  89.9 5395s
 15809349 9287884    2.76331   64  262    0.99452    4.84067   387%  89.9 5400s
 15819020 9294294    1.31135   79  253    0.99452    4.84042   387%  89.9 5405s
 15833719 9300531     cutoff   93         0.99452    4.83969   387%  89.9 5411s
 15842642 9306366    1.44568   95  221    0.99452    4.83934   387%  90.0 5415s
 15855158 9313782    2.53079   86  256    0.99452    4.83881   387%  90.0 5420s
 15864532 9318899    2.36966   78  238    0.99452    4.83853   387%  90.0 5425s
 15878067 9326437    1.01447  110  159    0.99452    4.83814   386%  90.0 5430s
 15889386 9332771     cutoff   85         0.99452    4.83782   386%  90.0 5435s
 15901458 9341328    1.26125   90  269    0.99452    4.83752   386%  90.0 5440s
 15911484 9346008    1.61691   87  132    0.99452    4.83710   386%  90.0 5445s
 15923430 9353587    1.43813   72  262    0.99452    4.83676   386%  90.0 5450s
 15935743 9360945    4.25588   77  232    0.99452    4.83639   386%  90.0 5456s
 15945575 9366211    2.77392   82  225    0.99452    4.83600   386%  90.0 5461s
H15948019 9366101                       0.9945330    4.83599   386%  90.0 5461s
 15949794 9366543    4.02679   66  270    0.99453    4.83587   386%  90.0 5465s
 15956011 9371327    1.33764   70  144    0.99453    4.83565   386%  90.0 5470s
 15970284 9381559    1.03714  110  189    0.99453    4.83538   386%  90.0 5476s
 15980534 9387291     cutoff  104         0.99453    4.83521   386%  90.0 5480s
 15992871 9393599    1.02232   88  215    0.99453    4.83475   386%  90.0 5485s
H16002518 9399677                       0.9945492    4.83459   386%  90.0 5490s
 16012672 9405042    1.29672   72  246    0.99455    4.83425   386%  90.0 5495s
 16025892 9413765    1.59067   78  255    0.99455    4.83391   386%  90.0 5500s
 16038464 9419844    1.47879   87  284    0.99455    4.83340   386%  90.0 5506s
 16048117 9426133     cutoff   86         0.99455    4.83309   386%  90.0 5510s
 16060154 9433658    1.40684   86  256    0.99455    4.83282   386%  90.0 5516s
H16062618 9433448                       0.9945777    4.83276   386%  90.0 5516s
H16064341 9434789                       0.9945905    4.83274   386%  90.0 5518s
H16065474 9434562                       0.9946245    4.83274   386%  90.0 5518s
 16066481 9437041    1.36236   96  236    0.99462    4.83270   386%  90.0 5520s
H16068448 9436903                       0.9946435    4.83269   386%  90.0 5521s
 16077841 9443364    1.22786   88  214    0.99464    4.83249   386%  90.0 5525s
H16079431 9443189                       0.9946711    4.83245   386%  90.0 5526s
H16082705 9444831                       0.9947253    4.83237   386%  90.0 5528s
 16087746 9448504    1.91648   72  257    0.99473    4.83210   386%  90.0 5531s
 16095739 9454492    1.60369   87  220    0.99473    4.83193   386%  90.0 5535s
 16107333 9460925    1.06421   96  192    0.99473    4.83169   386%  90.0 5540s
H16112070 9462207                       0.9947582    4.83159   386%  90.0 5541s
 16120663 9468064     cutoff  110         0.99476    4.83133   386%  90.0 5546s
 16130484 9474306    1.06267  113  183    0.99476    4.83106   386%  90.0 5550s
 16141936 9481515    1.01227   94  219    0.99476    4.83069   386%  90.0 5555s
 16154611 9489082    2.81773   80  264    0.99476    4.83028   386%  90.0 5561s
 16165657 9495641    4.62433   75  211    0.99476    4.83005   386%  90.0 5565s
 16174427 9501790     cutoff  106         0.99476    4.82976   386%  90.0 5570s
 16187067 9509695    1.44912   84  231    0.99476    4.82935   385%  90.1 5576s
 16197921 9514837     cutoff   95         0.99476    4.82900   385%  90.1 5580s
 16211126 9522480    3.03997   73  267    0.99476    4.82856   385%  90.1 5586s
 16222194 9528390    1.59025   75  236    0.99476    4.82823   385%  90.1 5590s
 16231495 9534342    2.23603   79  244    0.99476    4.82795   385%  90.1 5595s
 16245323 9541479    1.74275   86  266    0.99476    4.82751   385%  90.1 5600s
 16255180 9548650    1.80909   77  269    0.99476    4.82725   385%  90.1 5605s
 16269865 9555786     cutoff  108         0.99476    4.82678   385%  90.1 5611s
 16278674 9562035    1.16222   80  169    0.99476    4.82652   385%  90.1 5615s
 16289191 9567822    4.81664   68  266    0.99476    4.82624   385%  90.1 5620s
 16302375 9575683 infeasible   90         0.99476    4.82583   385%  90.1 5625s
 16313453 9581566    1.16516   88  209    0.99476    4.82550   385%  90.1 5630s
H16321949 9585820                       0.9947822    4.82531   385%  90.1 5634s
 16322741 9587391    3.41269   71  279    0.99478    4.82531   385%  90.1 5635s
 16335487 9595191 infeasible  110         0.99478    4.82484   385%  90.1 5641s
 16344953 9600732    3.55070   69  292    0.99478    4.82451   385%  90.1 5645s
 16357060 9606964    4.23694   69  218    0.99478    4.82423   385%  90.1 5650s
 16364220 9609866    1.25140  100  182    0.99478    4.82390   385%  90.1 5655s
 16370742 9615951    1.02127   94  248    0.99478    4.82375   385%  90.1 5660s
 16385180 9625073    1.56266   85  242    0.99478    4.82340   385%  90.1 5665s
 16396356 9633527    1.09796  108  187    0.99478    4.82329   385%  90.1 5671s
 16407631 9638978     cutoff   94         0.99478    4.82307   385%  90.1 5675s
 16416826 9642397    3.41937   69  292    0.99478    4.82277   385%  90.1 5681s
 16419843 9645776 infeasible   86         0.99478    4.82273   385%  90.1 5685s
 16432271 9654353    2.02109   88  284    0.99478    4.82231   385%  90.1 5690s
 16446084 9662109    1.20175  105  215    0.99478    4.82207   385%  90.1 5696s
 16454673 9669082     cutoff   99         0.99478    4.82193   385%  90.1 5700s
 16468947 9675147     cutoff   86         0.99478    4.82148   385%  90.1 5706s
 16478778 9680423    2.14229   74  225    0.99478    4.82114   385%  90.1 5710s
H16484765 9680937                       0.9949346    4.82090   385%  90.1 5712s
 16489970 9685403    1.05531   94  228    0.99493    4.82075   385%  90.1 5715s
 16502997 9693777    1.49886   78  250    0.99493    4.82036   384%  90.1 5720s
 16512684 9700421    1.08596   90  259    0.99493    4.82013   384%  90.1 5725s
H16516103 9700392                       0.9949394    4.82011   384%  90.1 5725s
H16517170 9701026                       0.9950025    4.82005   384%  90.1 5727s
 16522116 9704372    1.59071   76  278    0.99500    4.81987   384%  90.1 5730s
 16534226 9711381    3.30143   68  228    0.99500    4.81957   384%  90.1 5735s
 16547330 9718300    1.26692   89  229    0.99500    4.81899   384%  90.1 5740s
 16556394 9723881    1.27547  100  238    0.99500    4.81873   384%  90.1 5745s
 16568973 9731818     cutoff   88         0.99500    4.81839   384%  90.1 5750s
 16580306 9737401    1.43087   78  256    0.99500    4.81814   384%  90.1 5755s
 16593501 9745271    1.65635   71  282    0.99500    4.81768   384%  90.2 5760s
 16602345 9750702    2.00246   74  267    0.99500    4.81741   384%  90.2 5765s
 16615816 9757531    1.22792   99  217    0.99500    4.81704   384%  90.2 5770s
 16627628 9765872    1.41150   89  227    0.99500    4.81665   384%  90.2 5775s
 16638575 9772246     cutoff  100         0.99500    4.81641   384%  90.2 5780s
 16651241 9780328    4.47739   76  255    0.99500    4.81598   384%  90.2 5785s
 16664764 9786368    1.57170   85  212    0.99500    4.81560   384%  90.2 5790s
 16676648 9793221    1.77126   77  257    0.99500    4.81523   384%  90.2 5796s
 16685389 9799526    4.48172   74  276    0.99500    4.81509   384%  90.2 5800s
 16700975 9807038    1.06263   82  169    0.99500    4.81466   384%  90.2 5806s
 16711023 9812397     cutoff   89         0.99500    4.81431   384%  90.2 5810s
 16723450 9820687    4.45794   79  232    0.99500    4.81394   384%  90.2 5815s
 16735773 9827203    1.99308   68  218    0.99500    4.81348   384%  90.2 5821s
 16744930 9833035     cutoff   91         0.99500    4.81336   384%  90.2 5825s
 16757769 9840214    1.10303   77  205    0.99500    4.81301   384%  90.2 5830s
 16770131 9846838    1.66805   76  230    0.99500    4.81273   384%  90.2 5836s
H16773937 9848774                       0.9950083    4.81256   384%  90.2 5838s
 16778986 9852140    1.19120   95  194    0.99501    4.81238   384%  90.2 5841s
 16789480 9859314    3.29072   73  260    0.99501    4.81226   384%  90.2 5845s
 16801892 9865369    1.04159  117  166    0.99501    4.81172   384%  90.2 5850s
H16810881 9869812                       0.9950945    4.81152   384%  90.2 5854s
 16813832 9871871    4.36694   81  244    0.99509    4.81124   383%  90.2 5856s
H16814504 9871774                       0.9951050    4.81124   383%  90.2 5856s
H16817479 9872896                       0.9951264    4.81122   383%  90.2 5858s
H16818114 9872222                       0.9952190    4.81121   383%  90.2 5858s
 16819236 9874188    1.07227  112  183    0.99522    4.81111   383%  90.2 5860s
H16819473 9874146                       0.9952261    4.81111   383%  90.2 5861s
H16819597 9873602                       0.9953026    4.81111   383%  90.2 5862s
 16827295 9877027    1.50769   92  193    0.99530    4.81085   383%  90.2 5865s
H16831627 9878814                       0.9953411    4.81076   383%  90.2 5868s
 16836626 9883217    1.66885   72  281    0.99534    4.81049   383%  90.2 5871s
H16843144 9885110                       0.9953430    4.81045   383%  90.3 5873s
 16847113 9888104    2.44815   80  227    0.99534    4.81018   383%  90.3 5876s
 16856617 9892846    1.54434   88  237    0.99534    4.80990   383%  90.3 5880s
 16868881 9901161    1.72295   69  207    0.99534    4.80946   383%  90.3 5886s
 16878862 9908038    1.05325  115  190    0.99534    4.80923   383%  90.3 5890s
 16892459 9915768    1.16534  102  171    0.99534    4.80892   383%  90.3 5896s
 16901273 9920595    1.76277   65  249    0.99534    4.80875   383%  90.3 5900s
H16911153 9925408                       0.9953732    4.80856   383%  90.3 5905s
 16913948 9926498    1.99783   76  263    0.99537    4.80845   383%  90.3 5910s
 16923567 9933166     cutoff   80         0.99537    4.80812   383%  90.3 5915s
 16936398 9941302    1.57658   71  271    0.99537    4.80775   383%  90.3 5921s
 16945348 9945785    1.56571   70  269    0.99537    4.80764   383%  90.3 5925s
 16958048 9952623     cutoff   89         0.99537    4.80714   383%  90.3 5930s
 16968168 9959336    2.72614   71  313    0.99537    4.80707   383%  90.3 5935s
 16981953 9968120    1.55670   82  278    0.99537    4.80666   383%  90.3 5941s
 16991284 9973156     cutoff  107         0.99537    4.80638   383%  90.3 5945s
 17004325 9979953    1.18608   97  271    0.99537    4.80595   383%  90.3 5951s
 17013034 9986680    1.42595   88  224    0.99537    4.80588   383%  90.3 5955s
 17026834 9993744     cutoff   96         0.99537    4.80548   383%  90.3 5960s
 17036165 10000589    3.02339   71  265    0.99537    4.80500   383%  90.3 5965s
H17039325 10000106                       0.9954337    4.80500   383%  90.3 5965s
 17047547 10005285    1.49727   82  231    0.99543    4.80464   383%  90.3 5970s
 17060113 10013175    1.10887   99  258    0.99543    4.80446   383%  90.3 5975s
 17074002 10020427     cutoff   87         0.99543    4.80405   383%  90.3 5981s
 17083285 10025559    1.02288   98  200    0.99543    4.80364   383%  90.3 5985s
 17096080 10033390    1.48189   90  253    0.99543    4.80332   383%  90.3 5990s
 17104370 10038402    1.14484   99  250    0.99543    4.80307   383%  90.3 5995s
 17117599 10044153     cutoff   99         0.99543    4.80254   382%  90.3 6000s
 17128761 10050185    1.11344   75  258    0.99543    4.80218   382%  90.3 6005s
 17141726 10056585    1.93726   74  252    0.99543    4.80183   382%  90.3 6011s
 17151706 10061321    1.81289   66  279    0.99543    4.80134   382%  90.3 6015s
 17165657 10071312    1.69806   72  233    0.99543    4.80093   382%  90.4 6021s
 17175759 10076460    1.18819  103  176    0.99543    4.80073   382%  90.4 6025s
 17188392 10082374    1.07150   91  252    0.99543    4.80041   382%  90.4 6030s
 17198000 10086289     cutoff  106         0.99543    4.80009   382%  90.4 6035s
 17210580 10094421    4.46617   77  271    0.99543    4.79966   382%  90.4 6040s
 17222036 10100623    1.94176   91  258    0.99543    4.79933   382%  90.4 6045s
 17234375 10107483    4.12283   72  298    0.99543    4.79885   382%  90.4 6050s
H17238875 10108661                       0.9954394    4.79870   382%  90.4 6052s
 17243980 10112752    1.39198   92  233    0.99544    4.79850   382%  90.4 6055s
 17257124 10118611    1.07157   92  273    0.99544    4.79809   382%  90.4 6060s
H17267972 10102150                       0.9983418    4.79785   381%  90.4 6065s
H17268891 10103918                       0.9983500    4.79785   381%  90.4 6067s
H17270764 10103309                       0.9984222    4.79778   381%  90.4 6067s
H17272198 10103259                       0.9984278    4.79776   381%  90.4 6068s
 17276362 10106526    2.76143   77  217    0.99843    4.79750   381%  90.4 6070s
 17286447 10112673     cutoff   86         0.99843    4.79709   380%  90.4 6075s
H17295206 10115284                       0.9985034    4.79679   380%  90.4 6078s
 17296200 10117867    1.57407   80  193    0.99850    4.79671   380%  90.4 6080s
H17298411 10117793                       0.9985116    4.79671   380%  90.4 6080s
H17308050 10123708                       0.9985502    4.79649   380%  90.4 6085s
H17314234 10126882                       0.9985754    4.79634   380%  90.4 6088s
 17318598 10129372    3.49116   65  265    0.99858    4.79615   380%  90.4 6091s
 17327069 10134675    2.81693   85  290    0.99858    4.79582   380%  90.4 6095s
H17335679 10137880                       0.9986260    4.79568   380%  90.4 6098s
 17335970 10139907 infeasible   95         0.99863    4.79568   380%  90.4 6100s
H17335971 10139895                       0.9986270    4.79568   380%  90.4 6100s
 17348702 10147111     cutoff  103         0.99863    4.79539   380%  90.4 6106s
 17357689 10152112    3.34842   69  235    0.99863    4.79515   380%  90.4 6110s
H17360650 10152034                       0.9986359    4.79507   380%  90.4 6110s
H17361194 10151133                       0.9989425    4.79500   380%  90.4 6112s
H17364474 10152507                       0.9990046    4.79491   380%  90.4 6114s
 17367226 10153751     cutoff   94         0.99900    4.79481   380%  90.4 6116s
H17369673 10153564                       0.9990301    4.79480   380%  90.4 6116s
 17376120 10159869    1.65140   79  231    0.99903    4.79461   380%  90.4 6121s
 17387416 10165735    3.25882   72  274    0.99903    4.79428   380%  90.4 6125s
 17394872 10169784    1.65847   72  250    0.99903    4.79409   380%  90.4 6131s
H17398766 10163824                       1.0000814    4.79396   379%  90.4 6133s
 17401988 10163934    1.05911   94  157    1.00008    4.79385   379%  90.4 6136s
 17404991 10167312    1.04092  103  167    1.00008    4.79385   379%  90.4 6140s
 17415339 10174394     cutoff   91         1.00008    4.79364   379%  90.4 6145s
 17430637 10182687    1.50234   87  304    1.00008    4.79332   379%  90.4 6151s
H17439065 10185566                       1.0000964    4.79307   379%  90.4 6154s
 17440171 10186596    2.33473   74  271    1.00010    4.79293   379%  90.4 6155s
 17452086 10194181    4.52558   65  249    1.00010    4.79258   379%  90.4 6161s
 17461815 10198535    2.12460   84  264    1.00010    4.79213   379%  90.4 6165s
 17475829 10205781    3.85729   74  291    1.00010    4.79156   379%  90.5 6171s
 17484454 10211987    1.52743   79  230    1.00010    4.79130   379%  90.5 6175s
 17494906 10218797    1.79345   65  252    1.00010    4.79093   379%  90.5 6180s
 17508712 10226518    1.71015   77  271    1.00010    4.79048   379%  90.5 6186s
 17518913 10231544    1.34786  104  275    1.00010    4.79012   379%  90.5 6190s
 17532243 10238800    1.64088   83  268    1.00010    4.78964   379%  90.5 6195s
 17544470 10246044    1.35745   91  259    1.00010    4.78921   379%  90.5 6201s
H17545536 10245363                       1.0001848    4.78919   379%  90.5 6201s
H17548232 10242868                       1.0004879    4.78913   379%  90.5 6202s
 17551875 10246424    1.20233  109  234    1.00049    4.78903   379%  90.5 6205s
H17552107 10246369                       1.0004956    4.78903   379%  90.5 6205s
H17555643 10215629                       1.0042889    4.78897   377%  90.5 6208s
H17559212 10215241                       1.0044575    4.78891   377%  90.5 6210s
H17562818 10216786                       1.0045528    4.78870   377%  90.5 6212s
 17567626 10221230 infeasible   81         1.00455    4.78849   377%  90.5 6215s
 17582513 10229919    1.18995  101  196    1.00455    4.78818   377%  90.5 6220s
H17583348 10229919                       1.0045529    4.78817   377%  90.5 6221s
H17585982 10232294                       1.0046078    4.78812   377%  90.5 6223s
H17588556 10230098                       1.0048543    4.78812   376%  90.5 6224s
H17589631 10230709                       1.0049222    4.78812   376%  90.5 6225s
 17600106 10236606    1.03117   94  196    1.00492    4.78766   376%  90.5 6230s
H17602629 10238422                       1.0049385    4.78755   376%  90.5 6232s
H17607137 10239381                       1.0049637    4.78735   376%  90.5 6234s
 17609094 10241128 infeasible   68         1.00496    4.78734   376%  90.5 6235s
 17619926 10246687    1.14632   92  308    1.00496    4.78707   376%  90.5 6240s
 17632988 10254038    2.14510   76  149    1.00496    4.78650   376%  90.5 6246s
 17643196 10258096     cutoff   89         1.00496    4.78613   376%  90.5 6250s
H17644920 10255675                       1.0052298    4.78611   376%  90.5 6251s
H17651240 10245173                       1.0068282    4.78596   375%  90.5 6255s
 17663166 10254564     cutoff   92         1.00683    4.78579   375%  90.5 6261s
H17668055 10255901                       1.0068631    4.78562   375%  90.5 6263s
 17669167 10258257     cutoff   86         1.00686    4.78558   375%  90.5 6265s
H17676086 10261944                       1.0068762    4.78544   375%  90.5 6268s
 17679833 10263620    1.24558  100  210    1.00688    4.78523   375%  90.5 6270s
 17692953 10271291     cutoff   99         1.00688    4.78504   375%  90.5 6275s
 17702179 10278601    4.42094   82  232    1.00688    4.78481   375%  90.5 6280s
 17714753 10285446    1.06565  100  240    1.00688    4.78452   375%  90.6 6285s
 17727102 10292740    1.04378   92  183    1.00688    4.78418   375%  90.6 6291s
 17737221 10297832    1.45513   87  253    1.00688    4.78396   375%  90.6 6295s
 17749437 10305469    1.04029  111  197    1.00688    4.78360   375%  90.6 6301s
H17756536 10289875                       1.0088021    4.78339   374%  90.6 6304s
 17758305 10292206    1.06766  112  260    1.00880    4.78339   374%  90.6 6306s
H17758662 10291245                       1.0089068    4.78339   374%  90.6 6306s
H17761656 10290653                       1.0089682    4.78339   374%  90.6 6307s
H17762749 10292053                       1.0089763    4.78330   374%  90.6 6309s
 17765865 10293292    1.33898   87  246    1.00898    4.78316   374%  90.6 6310s
H17766270 10293263                       1.0089794    4.78315   374%  90.6 6311s
 17776939 10300115    1.17282   96  264    1.00898    4.78290   374%  90.6 6315s
 17786867 10306775    2.21704   81  275    1.00898    4.78268   374%  90.6 6320s
 17799317 10314438    1.07946   71  229    1.00898    4.78217   374%  90.6 6325s
 17811095 10321590    1.08238   85  263    1.00898    4.78194   374%  90.6 6331s
 17820838 10326664    1.37247   94  203    1.00898    4.78156   374%  90.6 6335s
 17833239 10333659    1.67381   62  180    1.00898    4.78120   374%  90.6 6340s
 17845209 10339687    2.74275   68  236    1.00898    4.78075   374%  90.6 6346s
 17854928 10345151    2.16867   73  275    1.00898    4.78041   374%  90.6 6350s
 17865330 10349568     cutoff   92         1.00898    4.78021   374%  90.6 6356s
 17869182 10353916    1.87992   73  214    1.00898    4.78009   374%  90.6 6361s
 17879912 10360881    1.48246   78  261    1.00898    4.77974   374%  90.6 6365s
 17891278 10367671    4.23384   77  207    1.00898    4.77949   374%  90.6 6370s
 17903782 10375466    1.58896   77  229    1.00898    4.77921   374%  90.6 6376s
 17914329 10381085    2.00902   87  236    1.00898    4.77891   374%  90.6 6380s
 17927107 10388543    1.84180   70  276    1.00898    4.77866   374%  90.6 6385s
 17937313 10393101    1.75276   66  241    1.00898    4.77837   374%  90.6 6390s
H17940309 10393015                       1.0089858    4.77827   374%  90.6 6390s
H17940508 10392731                       1.0090125    4.77827   374%  90.6 6391s
 17946221 10397707    1.50132   82  193    1.00901    4.77799   374%  90.6 6395s
H17951148 10398973                       1.0090250    4.77795   374%  90.6 6397s
 17955770 10402984     cutoff   97         1.00902    4.77777   374%  90.6 6400s
 17967778 10409940    1.23870   84  311    1.00902    4.77744   373%  90.7 6405s
 17981307 10416475    1.23796   97  162    1.00902    4.77693   373%  90.7 6411s
H17986855 10418047                       1.0090304    4.77686   373%  90.7 6413s
 17991678 10422631 infeasible  106         1.00903    4.77669   373%  90.7 6415s
H17997233 10425772                       1.0090348    4.77657   373%  90.7 6419s
 17999679 10428294    1.48517   93  260    1.00903    4.77647   373%  90.7 6420s
 18009780 10434607    3.14413   86  282    1.00903    4.77632   373%  90.7 6425s
 18024769 10442871    2.13801   68  245    1.00903    4.77596   373%  90.7 6431s
 18034979 10448568    2.57582   76  245    1.00903    4.77568   373%  90.7 6435s
 18046926 10455592    3.93645   73  263    1.00903    4.77527   373%  90.7 6441s
 18057638 10460933    3.24121   89  253    1.00903    4.77490   373%  90.7 6445s
 18070181 10469716    2.95640   66  281    1.00903    4.77457   373%  90.7 6451s
 18081704 10474760 infeasible   66         1.00903    4.77422   373%  90.7 6456s
 18092298 10481528    1.34346   91  224    1.00903    4.77399   373%  90.7 6461s
 18100812 10486605    1.75595   70  262    1.00903    4.77361   373%  90.7 6465s
 18114792 10493663    1.21617   80  259    1.00903    4.77323   373%  90.7 6470s
H18119035 10494684                       1.0090385    4.77308   373%  90.7 6473s
 18123634 10498473    1.30328   85  254    1.00904    4.77294   373%  90.7 6476s
 18133313 10503444    1.20527   81  237    1.00904    4.77257   373%  90.7 6480s
 18145426 10511855    1.75390   81  217    1.00904    4.77224   373%  90.7 6486s
 18155453 10517235    1.55169   90  257    1.00904    4.77207   373%  90.7 6490s
H18163749 10520692                       1.0090480    4.77185   373%  90.7 6493s
 18164623 10522641    1.47989   77  275    1.00905    4.77178   373%  90.7 6495s
 18178731 10531246    1.29553   91  226    1.00905    4.77125   373%  90.7 6501s
 18189143 10537319    2.43500   71  254    1.00905    4.77109   373%  90.7 6505s
 18202749 10544044     cutoff   81         1.00905    4.77076   373%  90.7 6510s
 18214421 10551831    1.15751   98  216    1.00905    4.77045   373%  90.7 6516s
 18224210 10555671    3.13094   75  223    1.00905    4.77006   373%  90.7 6520s
 18236473 10564206    3.81524   63  306    1.00905    4.76971   373%  90.8 6525s
 18245402 10569088 infeasible  113         1.00905    4.76949   373%  90.8 6530s
 18259567 10576422     cutoff  109         1.00905    4.76906   373%  90.8 6535s
 18272933 10582822     cutoff   92         1.00905    4.76864   373%  90.8 6540s
 18282156 10587512    1.08009   96  202    1.00905    4.76839   373%  90.8 6545s
 18294390 10595391    1.70570   80  266    1.00905    4.76801   373%  90.8 6550s
 18307646 10603142    3.38289   82  263    1.00905    4.76775   373%  90.8 6556s
 18316391 10609752     cutoff   96         1.00905    4.76740   372%  90.8 6560s
 18330128 10617185    3.52162   71  259    1.00905    4.76708   372%  90.8 6566s
 18343108 10624114     cutoff  108         1.00905    4.76673   372%  90.8 6571s
 18345347 10624457    1.50275   72  228    1.00905    4.76670   372%  90.8 6575s
 18356350 10631713    1.53633   84  258    1.00905    4.76626   372%  90.8 6581s
 18364789 10636669    1.02648  105  196    1.00905    4.76600   372%  90.8 6585s
 18374248 10641851    1.07319   99  225    1.00905    4.76556   372%  90.8 6590s
 18389600 10650559    4.34508   81  254    1.00905    4.76518   372%  90.8 6596s
 18398304 10656015    4.52897   65  216    1.00905    4.76485   372%  90.8 6600s
 18405839 10660544     cutoff   90         1.00905    4.76463   372%  90.8 6606s
 18415932 10667011    1.08554  107  198    1.00905    4.76443   372%  90.8 6610s
 18429515 10675136     cutoff   93         1.00905    4.76391   372%  90.8 6616s
 18439635 10681236    1.10770   83  299    1.00905    4.76376   372%  90.8 6621s
 18448838 10687648    3.05102   91  256    1.00905    4.76363   372%  90.8 6625s
 18462831 10693903    1.25087   97  235    1.00905    4.76327   372%  90.8 6631s
 18472750 10698652 infeasible  103         1.00905    4.76297   372%  90.8 6635s
 18485392 10706122    1.25913   96  258    1.00905    4.76257   372%  90.9 6640s
 18494876 10711388    1.44783   82  263    1.00905    4.76236   372%  90.9 6645s
 18507771 10718591    1.08423   86  211    1.00905    4.76197   372%  90.9 6650s
 18520311 10725377     cutoff   96         1.00905    4.76159   372%  90.9 6656s
 18532032 10733120    1.11009   84  219    1.00905    4.76127   372%  90.9 6661s
 18541743 10739418    1.19472   94  237    1.00905    4.76108   372%  90.9 6665s
 18555636 10746414     cutoff   97         1.00905    4.76074   372%  90.9 6671s
 18564404 10751784    3.73682   76  273    1.00905    4.76036   372%  90.9 6675s
 18576681 10759479    1.60359   85  262    1.00905    4.76009   372%  90.9 6681s
 18587144 10765269    1.17296   99  256    1.00905    4.75975   372%  90.9 6685s
 18601057 10772338     cutoff   98         1.00905    4.75928   372%  90.9 6690s
 18613925 10778164    1.37121   80  286    1.00905    4.75901   372%  90.9 6696s
 18623726 10784126    2.15349   79  205    1.00905    4.75881   372%  90.9 6700s
 18636420 10793793     cutoff   90         1.00905    4.75851   372%  90.9 6706s
 18647119 10798551    1.07601   93  245    1.00905    4.75833   372%  90.9 6710s
 18659459 10806267    4.49565   67  279    1.00905    4.75793   372%  90.9 6715s
 18670347 10812689    2.21913   80  320    1.00905    4.75762   371%  90.9 6720s
 18683819 10820805    4.51608   68  323    1.00905    4.75736   371%  90.9 6726s
H18686324 10823460                       1.0090665    4.75736   371%  90.9 6728s
 18689934 10825417     cutoff   95         1.00907    4.75736   371%  90.9 6730s
 18700627 10830917    2.04063   78  254    1.00907    4.75710   371%  90.9 6735s
 18713659 10837564    1.15159   85  219    1.00907    4.75666   371%  90.9 6741s
 18723134 10842520    1.66023   78  262    1.00907    4.75638   371%  90.9 6745s
 18729507 10848978    1.30462   92  206    1.00907    4.75632   371%  90.9 6750s
 18741292 10854738    1.98623   91  224    1.00907    4.75615   371%  90.9 6755s
 18751724 10860556    2.07106   76  252    1.00907    4.75582   371%  90.9 6760s
 18764697 10868109    4.61288   69  220    1.00907    4.75556   371%  90.9 6766s
 18770460 10872205    1.33479  101  174    1.00907    4.75534   371%  90.9 6770s
 18781227 10878757    1.06672   86  230    1.00907    4.75512   371%  90.9 6775s
 18795078 10885720    1.67424   76  244    1.00907    4.75473   371%  90.9 6781s
 18805420 10891295     cutoff   87         1.00907    4.75446   371%  90.9 6785s
 18813642 10897942    1.29809   87  224    1.00907    4.75425   371%  90.9 6790s
 18823935 10903252    4.54786   76  262    1.00907    4.75413   371%  90.9 6795s
 18834074 10908317 infeasible   79         1.00907    4.75380   371%  91.0 6800s
 18846692 10915508    2.25428   74  311    1.00907    4.75339   371%  91.0 6806s
 18850546 10916016    4.42681   76  246    1.00907    4.75323   371%  91.0 6811s
 18854234 10919689     cutoff   75         1.00907    4.75317   371%  91.0 6815s
 18866404 10926978    1.64056   74  276    1.00907    4.75268   371%  91.0 6820s
 18876756 10933371    1.14967  107  201    1.00907    4.75256   371%  91.0 6825s
 18886740 10939358    3.42879   73  294    1.00907    4.75219   371%  91.0 6830s
 18896668 10943201    1.29343   83  259    1.00907    4.75194   371%  91.0 6835s
 18908936 10950523 infeasible   80         1.00907    4.75171   371%  91.0 6841s
 18919534 10954620    1.23900   78  275    1.00907    4.75132   371%  91.0 6846s
 18930070 10960566    1.59820   69  191    1.00907    4.75101   371%  91.0 6850s
 18938864 10966704    1.68013   75  298    1.00907    4.75069   371%  91.0 6855s
 18949657 10971827    4.32585   84  218    1.00907    4.75037   371%  91.0 6860s
 18963333 10977554    3.49741   75  273    1.00907    4.75000   371%  91.0 6866s
 18971873 10982683    1.75323   77  261    1.00907    4.74980   371%  91.0 6871s
 18980811 10987095     cutoff   91         1.00907    4.74954   371%  91.0 6876s
 18990933 10992924    1.03219  104  172    1.00907    4.74917   371%  91.0 6881s
 19000272 10997181    1.94850   78  291    1.00907    4.74895   371%  91.0 6886s
 19010826 11002691    1.15493   97  271    1.00907    4.74860   371%  91.0 6890s
 19020926 11007903    1.81566   80  243    1.00907    4.74826   371%  91.0 6895s
 19032632 11014508    3.45765   76  245    1.00907    4.74787   371%  91.0 6901s
 19042681 11019402    4.66898   64  262    1.00907    4.74763   370%  91.0 6905s
 19052746 11024078    1.29316   81  164    1.00907    4.74732   370%  91.0 6910s
 19061617 11029534    2.80456   79  299    1.00907    4.74701   370%  91.1 6915s
 19075644 11036356 infeasible   91         1.00907    4.74658   370%  91.1 6921s
 19086023 11041486    1.72853   82  188    1.00907    4.74629   370%  91.1 6925s
 19094358 11047212    1.32793   92  249    1.00907    4.74596   370%  91.1 6930s
 19108281 11055204    3.78136   69  273    1.00907    4.74571   370%  91.1 6936s
 19117695 11060588 infeasible   86         1.00907    4.74528   370%  91.1 6940s
 19130152 11066998     cutoff  102         1.00907    4.74499   370%  91.1 6946s
 19140124 11071915 infeasible   77         1.00907    4.74474   370%  91.1 6950s
H19149856 11078034                       1.0090697    4.74451   370%  91.1 6956s
 19159161 11085313    1.26294   87  225    1.00907    4.74433   370%  91.1 6961s
 19170483 11092156    3.66911   74  281    1.00907    4.74418   370%  91.1 6965s
 19180586 11097781    1.13853   80  180    1.00907    4.74382   370%  91.1 6970s
 19193962 11104659    3.04274   78  282    1.00907    4.74361   370%  91.1 6976s
 19203178 11109940    4.59800   76  261    1.00907    4.74325   370%  91.1 6980s
 19213186 11113737    2.52500   66  249    1.00907    4.74298   370%  91.1 6985s
 19226016 11121822    1.41726   86  233    1.00907    4.74272   370%  91.1 6991s
 19236728 11127229    2.57106   71  267    1.00907    4.74236   370%  91.1 6995s
H19245823 11132211                       1.0090726    4.74223   370%  91.1 6999s
 19247892 11134319    1.09476  105  199    1.00907    4.74220   370%  91.1 7001s
 19257728 11138811    1.62462   91  236    1.00907    4.74187   370%  91.1 7005s
 19268146 11144585    1.48751   96  236    1.00907    4.74169   370%  91.1 7010s
 19279547 11151114    1.15682   99  165    1.00907    4.74137   370%  91.1 7016s
 19289190 11155999     cutoff   76         1.00907    4.74101   370%  91.1 7020s
 19298800 11161316     cutoff  111         1.00907    4.74079   370%  91.1 7025s
 19309887 11166075    3.46152   73  254    1.00907    4.74040   370%  91.1 7030s
 19310907 11168914    1.08368   86  272    1.00907    4.74039   370%  91.1 7035s
 19322862 11175831    1.11364  109  238    1.00907    4.74017   370%  91.1 7040s
 19333386 11181336    1.21424   89  277    1.00907    4.73989   370%  91.1 7045s
 19343027 11187869    2.16703   72  256    1.00907    4.73957   370%  91.2 7050s
 19357096 11196066    1.58255   81  267    1.00907    4.73921   370%  91.2 7056s
 19367457 11201552    1.02954   82  228    1.00907    4.73900   370%  91.2 7060s
 19378764 11208019     cutoff  102         1.00907    4.73862   370%  91.2 7066s
 19388399 11214146     cutoff   82         1.00907    4.73847   370%  91.2 7070s
 19401133 11221042    2.02728   77  258    1.00907    4.73807   370%  91.2 7076s
 19410770 11226205 infeasible  100         1.00907    4.73782   370%  91.2 7080s
 19422861 11234450    2.27694   75  280    1.00907    4.73743   369%  91.2 7086s
 19431831 11240381    1.73234   70  260    1.00907    4.73739   369%  91.2 7090s
 19441775 11247023    1.07124   93  208    1.00907    4.73729   369%  91.2 7095s
 19452216 11251792    1.17728   81  227    1.00907    4.73699   369%  91.2 7100s
 19463022 11257613    1.08393   96  264    1.00907    4.73669   369%  91.2 7105s
 19470100 11262182    3.73364   67  255    1.00907    4.73658   369%  91.2 7111s
 19480995 11267874    1.07295  127  158    1.00907    4.73633   369%  91.2 7116s
 19490432 11272747    2.97278   87  275    1.00907    4.73594   369%  91.2 7120s
 19500592 11279293    2.26994   86  229    1.00907    4.73555   369%  91.2 7125s
H19508303 11284016                       1.0090758    4.73555   369%  91.2 7129s
 19510592 11285351    1.04840  102  175    1.00908    4.73550   369%  91.2 7130s
 19518636 11290892    1.19731   81  208    1.00908    4.73539   369%  91.2 7135s
 19530231 11297892    1.08484   86  235    1.00908    4.73518   369%  91.2 7140s
 19540202 11303986    1.03598  102  170    1.00908    4.73487   369%  91.2 7145s
H19551040 11308850                       1.0091563    4.73458   369%  91.2 7150s
H19556736 11312129                       1.0091694    4.73439   369%  91.2 7153s
H19557801 11311892                       1.0091940    4.73439   369%  91.2 7154s
 19559278 11312986     cutoff   93         1.00919    4.73438   369%  91.2 7155s
H19561127 11257932                       1.0142664    4.73436   367%  91.2 7156s
 19567673 11263280    2.60867   74  280    1.01427    4.73406   367%  91.2 7160s
 19577410 11268444    1.85502   79  241    1.01427    4.73388   367%  91.2 7165s
 19587361 11273939    1.33032   88  199    1.01427    4.73358   367%  91.2 7170s
 19598945 11281628    1.29057   91  245    1.01427    4.73326   367%  91.2 7176s
 19609091 11288173    1.11162  115  211    1.01427    4.73311   367%  91.2 7180s
 19619982 11293451     cutoff   97         1.01427    4.73284   367%  91.2 7185s
 19633380 11301061    3.08494   72  288    1.01427    4.73256   367%  91.2 7191s
 19642698 11306641     cutoff  105         1.01427    4.73232   367%  91.2 7195s
 19654085 11313316    1.39888   91  264    1.01427    4.73202   367%  91.2 7200s
 19663877 11318916 infeasible   80         1.01427    4.73179   367%  91.2 7205s
H19666305 11317839                       1.0143610    4.73174   366%  91.2 7205s
H19668244 11318558                       1.0143858    4.73165   366%  91.2 7207s
H19670080 11320619                       1.0144040    4.73165   366%  91.2 7210s
H19670268 11320181                       1.0144477    4.73164   366%  91.2 7211s
H19670476 11318714                       1.0145762    4.73164   366%  91.2 7211s
H19674375 11319141                       1.0146770    4.73148   366%  91.2 7214s
H19676320 11318093                       1.0147694    4.73144   366%  91.2 7214s
 19676745 11320580     cutoff   78         1.01477    4.73144   366%  91.2 7216s
H19684332 11320822                       1.0149360    4.73129   366%  91.2 7218s
 19684585 11322310    4.25539   76  277    1.01494    4.73129   366%  91.2 7220s
H19686538 11322056                       1.0149563    4.73124   366%  91.2 7220s
H19691351 11323710                       1.0151726    4.73101   366%  91.2 7224s
 19693784 11325564    1.07659  109  239    1.01517    4.73099   366%  91.2 7225s
H19700936 11329601                       1.0151777    4.73074   366%  91.2 7230s
H19714436 11334612                       1.0151809    4.73032   366%  91.2 7235s
H19720573 11339708                       1.0152201    4.73019   366%  91.2 7240s
H19721283 11338792                       1.0152990    4.73019   366%  91.2 7240s
H19725301 11339825                       1.0153124    4.73012   366%  91.2 7243s
 19730014 11344222    3.02325   83  279    1.01531    4.72992   366%  91.2 7246s
H19733990 11345513                       1.0153424    4.72991   366%  91.2 7248s
 19735598 11347684    1.07505   85  165    1.01534    4.72981   366%  91.2 7250s
H19740133 11350068                       1.0153756    4.72972   366%  91.2 7252s
 19745484 11353501    1.09403   98  174    1.01538    4.72966   366%  91.3 7255s
 19755984 11359948    1.38528   78  190    1.01538    4.72942   366%  91.3 7260s
 19767416 11365995    1.06079  100  220    1.01538    4.72925   366%  91.3 7265s
H19768042 11365588                       1.0154151    4.72921   366%  91.3 7265s
 19769956 11366078    2.89829   69  279    1.01542    4.72914   366%  91.3 7270s
 19778362 11370893    1.41364   83  229    1.01542    4.72889   366%  91.3 7275s
 19787987 11376262    1.80004   83  253    1.01542    4.72854   366%  91.3 7280s
 19801596 11383912    1.06324  105  175    1.01542    4.72818   366%  91.3 7285s
 19810893 11389768    2.75751   79  201    1.01542    4.72791   366%  91.3 7290s
 19822762 11397542    2.93569   83  278    1.01542    4.72772   366%  91.3 7296s
 19832553 11402446     cutoff   77         1.01542    4.72754   366%  91.3 7300s
 19841136 11407388    4.48578   71  288    1.01542    4.72725   366%  91.3 7305s
 19854278 11415371    1.11364   75  186    1.01542    4.72703   366%  91.3 7311s
 19863844 11418907 infeasible  101         1.01542    4.72670   365%  91.3 7315s
 19876159 11426331 infeasible  112         1.01542    4.72625   365%  91.3 7321s
 19885755 11430922     cutoff   89         1.01542    4.72602   365%  91.3 7325s
 19896504 11436753     cutoff  100         1.01542    4.72576   365%  91.3 7330s
 19908668 11443554    1.65893   81  302    1.01542    4.72538   365%  91.3 7336s
H19916720 11446007                       1.0154155    4.72518   365%  91.3 7340s
H19922916 11431888                       1.0169189    4.72505   365%  91.3 7342s
 19926979 11435711    4.54975   75  229    1.01692    4.72495   365%  91.3 7345s
H19931442 11437864                       1.0169359    4.72495   365%  91.3 7348s
H19934985 11428397                       1.0178404    4.72479   364%  91.3 7350s
H19938052 11429909                       1.0178524    4.72471   364%  91.3 7352s
H19940361 11429610                       1.0179676    4.72461   364%  91.3 7354s
 19941913 11431364    2.09719   70  247    1.01797    4.72456   364%  91.3 7356s
H19946133 11428071                       1.0183832    4.72449   364%  91.3 7358s
 19950949 11430374    1.54040   82  270    1.01838    4.72429   364%  91.3 7361s
 19957878 11434099    1.05346  113  238    1.01838    4.72411   364%  91.3 7365s
 19970521 11441463    1.13109  115  177    1.01838    4.72388   364%  91.3 7371s
H19975422 11443851                       1.0183946    4.72381   364%  91.3 7373s
 19980560 11447223    1.09399   89  245    1.01839    4.72369   364%  91.3 7376s
 19990925 11452353    1.50702   89  284    1.01839    4.72331   364%  91.3 7380s
 20000823 11456878    1.05720  103  258    1.01839    4.72301   364%  91.3 7385s
 20013350 11464623    2.66204   77  265    1.01839    4.72266   364%  91.3 7390s
 20023157 11469582     cutoff  102         1.01839    4.72244   364%  91.3 7395s
 20035034 11477285    1.38167   93  200    1.01839    4.72209   364%  91.3 7401s
 20044488 11483580    1.47040   77  298    1.01839    4.72206   364%  91.3 7406s
 20054478 11488536    2.02344   78  218    1.01839    4.72174   364%  91.3 7410s
 20067653 11495390    1.07892   91  269    1.01839    4.72141   364%  91.4 7416s
 20078453 11500080     cutoff  100         1.01839    4.72107   364%  91.4 7421s
 20088859 11505622    2.78012   72  246    1.01839    4.72073   364%  91.4 7425s
 20098711 11511049 infeasible   87         1.01839    4.72033   364%  91.4 7430s
 20109915 11518073    1.28080   85  271    1.01839    4.72006   363%  91.4 7435s
 20119352 11523490    1.47644   93  256    1.01839    4.71983   363%  91.4 7440s
 20132837 11531579 infeasible  112         1.01839    4.71954   363%  91.4 7446s
 20141988 11536430    1.12366  104  191    1.01839    4.71931   363%  91.4 7450s
 20151869 11543155    1.39740   92  272    1.01839    4.71901   363%  91.4 7455s
 20165242 11549767    2.48856   65  269    1.01839    4.71863   363%  91.4 7460s
 20174023 11556041    1.30202   85  223    1.01839    4.71846   363%  91.4 7465s
 20183865 11561756    1.24737   79  261    1.01839    4.71824   363%  91.4 7470s
 20196818 11568648    1.11923  102  203    1.01839    4.71785   363%  91.4 7476s
 20202519 11573020    1.05014   93  219    1.01839    4.71762   363%  91.4 7480s
 20213777 11578291    4.54601   78  247    1.01839    4.71736   363%  91.4 7485s
 20224443 11583797    1.13956   80  226    1.01839    4.71697   363%  91.4 7490s
 20235354 11589360    1.03639  102  257    1.01839    4.71666   363%  91.4 7495s
 20248265 11596882    1.84635   85  254    1.01839    4.71634   363%  91.4 7501s
 20258576 11602400     cutoff   75         1.01839    4.71612   363%  91.4 7505s
 20267104 11607564    1.51203   80  194    1.01839    4.71581   363%  91.4 7510s
H20272306 11607593                       1.0185948    4.71577   363%  91.4 7512s
H20273207 11608851                       1.0185959    4.71577   363%  91.4 7514s
H20273504 11608088                       1.0186591    4.71577   363%  91.4 7514s
H20274105 11607268                       1.0187269    4.71573   363%  91.4 7515s
H20279022 11610499                       1.0187637    4.71557   363%  91.4 7519s
 20282442 11610519    2.24462   77  286    1.01876    4.71548   363%  91.4 7520s
 20282817 11611591    1.94101   80  287    1.01876    4.71542   363%  91.4 7525s
 20290454 11616697    4.46150   83  220    1.01876    4.71519   363%  91.4 7531s
 20301956 11622653     cutoff   95         1.01876    4.71488   363%  91.4 7535s
 20312388 11628417    1.36615   98  220    1.01876    4.71459   363%  91.4 7540s
 20322487 11633939    1.07592  109  195    1.01876    4.71439   363%  91.4 7545s
 20334820 11641214    1.54676   86  261    1.01876    4.71412   363%  91.4 7551s
 20345016 11647019    1.72163   75  248    1.01876    4.71383   363%  91.4 7555s
 20354964 11653373    1.90867   72  192    1.01876    4.71356   363%  91.4 7560s
 20364920 11658351    1.09443   88  199    1.01876    4.71319   363%  91.4 7565s
 20377599 11666042    2.83420   90  252    1.01876    4.71286   363%  91.4 7571s
 20387510 11670841    4.59615   80  265    1.01876    4.71267   363%  91.4 7576s
 20398219 11677096    1.67772   77  266    1.01876    4.71234   363%  91.4 7580s
 20407949 11681851     cutoff   85         1.01876    4.71206   363%  91.5 7585s
H20417979 11685492                       1.0189015    4.71182   362%  91.5 7590s
H20426008 11689359                       1.0189413    4.71159   362%  91.5 7594s
 20427540 11690448    2.08916   77  266    1.01894    4.71150   362%  91.5 7595s
 20435837 11696828    1.10609   96  216    1.01894    4.71131   362%  91.5 7600s
 20448041 11702641    1.76535   78  216    1.01894    4.71097   362%  91.5 7605s
 20457175 11708682    3.03488   72  295    1.01894    4.71076   362%  91.5 7610s
H20462221 11710666                       1.0189746    4.71058   362%  91.5 7612s
 20467148 11714010 infeasible   80         1.01897    4.71044   362%  91.5 7615s
 20477849 11716542    1.54662   83  258    1.01897    4.71011   362%  91.5 7620s
 20482945 11722664    1.67301   78  239    1.01897    4.71001   362%  91.5 7626s
 20495124 11727855    1.38030   88  212    1.01897    4.70968   362%  91.5 7630s
 20506017 11733253     cutoff  102         1.01897    4.70934   362%  91.5 7635s
 20515910 11738650     cutoff  106         1.01897    4.70904   362%  91.5 7640s
 20528025 11748056    2.18785   82  256    1.01897    4.70881   362%  91.5 7646s
 20539452 11752979    1.22788   84  274    1.01897    4.70868   362%  91.5 7651s
 20549439 11757707    2.94187   75  239    1.01897    4.70837   362%  91.5 7655s
 20558229 11763845     cutoff  101         1.01897    4.70808   362%  91.5 7660s
 20569383 11768420    1.19040   90  241    1.01897    4.70780   362%  91.5 7665s
H20572955 11769923                       1.0189788    4.70766   362%  91.5 7667s
 20578455 11774002     cutoff  112         1.01898    4.70759   362%  91.5 7670s
 20588018 11779578     cutoff   88         1.01898    4.70724   362%  91.5 7675s
 20599024 11784932     cutoff   92         1.01898    4.70698   362%  91.5 7680s
 20612393 11791156    2.90961   70  294    1.01898    4.70649   362%  91.5 7686s
 20621998 11795839     cutoff   94         1.01898    4.70628   362%  91.5 7690s
 20631226 11801353    1.81529   67  160    1.01898    4.70598   362%  91.5 7695s
 20643190 11808368    1.30668   78  140    1.01898    4.70576   362%  91.5 7701s
 20652634 11814745 infeasible   95         1.01898    4.70553   362%  91.5 7706s
 20662687 11820761    1.29609   96  201    1.01898    4.70530   362%  91.5 7710s
 20672331 11826681 infeasible   92         1.01898    4.70503   362%  91.5 7715s
 20683899 11832914    2.28805   69  193    1.01898    4.70484   362%  91.5 7720s
 20693618 11837347    1.07021   99  269    1.01898    4.70455   362%  91.5 7725s
 20707128 11846940    1.53790   86  225    1.01898    4.70433   362%  91.5 7731s
 20716979 11851346     cutoff  103         1.01898    4.70416   362%  91.5 7735s
 20726327 11856578 infeasible   89         1.01898    4.70390   362%  91.5 7740s
 20739077 11863528 infeasible   94         1.01898    4.70351   362%  91.5 7746s
 20750034 11870107    1.47056   90  244    1.01898    4.70335   362%  91.5 7751s
 20759275 11875142    1.20785   93  192    1.01898    4.70298   362%  91.5 7755s
 20768991 11880555     cutoff  103         1.01898    4.70272   362%  91.5 7760s
 20782261 11887903    1.08222   83  233    1.01898    4.70237   361%  91.5 7766s
 20791986 11893649    2.01172   76  245    1.01898    4.70215   361%  91.6 7770s
 20801743 11899474    3.23530   81  214    1.01898    4.70192   361%  91.6 7775s
 20814036 11906347     cutoff   95         1.01898    4.70159   361%  91.6 7781s
 20816218 11906709    1.49986   85  240    1.01898    4.70155   361%  91.6 7786s
 20819171 11910206    1.46190   87  246    1.01898    4.70151   361%  91.6 7790s
 20830442 11915622    1.32794   90  308    1.01898    4.70119   361%  91.6 7795s
 20844045 11923036    1.24396   85  195    1.01898    4.70084   361%  91.6 7801s
 20852584 11928294    4.63544   70  260    1.01898    4.70058   361%  91.6 7805s
 20862679 11933910    1.18992   89  278    1.01898    4.70025   361%  91.6 7810s
 20873065 11938957    1.07677   99  188    1.01898    4.70003   361%  91.6 7815s
 20886935 11947360    1.04635  109  197    1.01898    4.69980   361%  91.6 7821s
 20897439 11953362    4.13167   71  270    1.01898    4.69957   361%  91.6 7826s
 20907828 11958505     cutoff   95         1.01898    4.69927   361%  91.6 7831s
 20917815 11964373    1.26727   78  164    1.01898    4.69903   361%  91.6 7835s
 20927348 11970424    3.00031   73  247    1.01898    4.69882   361%  91.6 7840s
 20937174 11976466    4.43234   68  244    1.01898    4.69852   361%  91.6 7845s
 20946509 11982921    1.65262   76  204    1.01898    4.69835   361%  91.6 7850s
 20959860 11989635    4.05240   68  275    1.01898    4.69805   361%  91.6 7856s
 20969589 11995873     cutoff   87         1.01898    4.69786   361%  91.6 7860s
 20979332 12001306     cutoff   78         1.01898    4.69765   361%  91.6 7865s
 20992139 12008131     cutoff   89         1.01898    4.69734   361%  91.6 7870s
 20999950 12014098    3.96451   76  206    1.01898    4.69711   361%  91.6 7875s
 21013080 12022261    1.54919   88  254    1.01898    4.69684   361%  91.6 7881s
 21022234 12027027    1.02992  102  148    1.01898    4.69669   361%  91.6 7885s
 21031302 12032435    2.42903   73  256    1.01898    4.69650   361%  91.6 7890s
 21044383 12040136    1.60455   86  241    1.01898    4.69624   361%  91.6 7896s
 21054463 12046868    2.67577   67  269    1.01898    4.69613   361%  91.6 7901s
 21064615 12052311    1.50664   89  273    1.01898    4.69601   361%  91.6 7906s
 21073685 12057719    4.67652   67  294    1.01898    4.69583   361%  91.6 7910s
 21083459 12062197    1.34402   92  216    1.01898    4.69565   361%  91.6 7915s
 21095666 12071657    1.33679   91  228    1.01898    4.69544   361%  91.6 7921s
 21105856 12077175    1.05839   99  226    1.01898    4.69524   361%  91.6 7925s
 21115392 12082877    1.08800   93  212    1.01898    4.69504   361%  91.6 7930s
H21119790 12085454                       1.0189847    4.69502   361%  91.6 7933s
 21121843 12086723     cutoff  100         1.01898    4.69495   361%  91.6 7935s
 21134860 12093977    1.03019  106  220    1.01898    4.69470   361%  91.6 7941s
 21145897 12100085 infeasible  103         1.01898    4.69440   361%  91.6 7946s
 21154481 12106445    3.48411   73  186    1.01898    4.69427   361%  91.6 7951s
 21164780 12112529    1.14901   91  232    1.01898    4.69405   361%  91.6 7956s
 21174651 12117432     cutoff  113         1.01898    4.69376   361%  91.6 7960s
 21184147 12122046    1.33266   87  281    1.01898    4.69351   361%  91.6 7965s
 21194075 12128351     cutoff   76         1.01898    4.69334   361%  91.6 7970s
 21204896 12133641     cutoff   81         1.01898    4.69290   361%  91.6 7975s
 21214958 12139262    1.31595   87  222    1.01898    4.69262   361%  91.6 7980s
 21223889 12144939 infeasible   78         1.01898    4.69246   361%  91.6 7985s
 21235979 12151029    2.25651   65  300    1.01898    4.69213   360%  91.6 7990s
 21245828 12155508    1.80988   81  266    1.01898    4.69184   360%  91.7 7995s
H21247197 12155494                       1.0189857    4.69184   360%  91.7 7996s
 21255314 12161211    1.04615  114  173    1.01899    4.69159   360%  91.7 8001s
 21265235 12166764    1.31309   83  259    1.01899    4.69146   360%  91.7 8006s
 21275848 12172329    1.03161   89  208    1.01899    4.69119   360%  91.7 8010s
 21285601 12178453     cutoff   94         1.01899    4.69095   360%  91.7 8015s
 21296834 12185698    4.12262   76  257    1.01899    4.69073   360%  91.7 8020s
 21305388 12191778    1.60479   78  270    1.01899    4.69058   360%  91.7 8025s
 21315344 12197619    2.26332   71  262    1.01899    4.69024   360%  91.7 8030s
 21325297 12202803    1.10727   76  250    1.01899    4.69014   360%  91.7 8035s
 21336669 12208432    1.28279  103  240    1.01899    4.68986   360%  91.7 8041s
 21337604 12210871    1.14376  106  207    1.01899    4.68985   360%  91.7 8046s
 21348337 12217511    1.07676   99  210    1.01899    4.68974   360%  91.7 8051s
 21358074 12223926    1.44927   87  254    1.01899    4.68955   360%  91.7 8056s
 21367922 12229533    1.07234   80  230    1.01899    4.68937   360%  91.7 8060s
 21378031 12234424    2.72029   84  233    1.01899    4.68905   360%  91.7 8065s
 21387896 12239118     cutoff  102         1.01899    4.68884   360%  91.7 8070s
 21400102 12247784    1.25306   95  232    1.01899    4.68863   360%  91.7 8076s
 21410223 12252445    2.91348   71  227    1.01899    4.68840   360%  91.7 8080s
 21422103 12259625    1.21302   83  199    1.01899    4.68820   360%  91.7 8085s
 21431720 12265055    3.03283   81  301    1.01899    4.68795   360%  91.7 8090s
 21443710 12273231    4.65783   75  261    1.01899    4.68771   360%  91.7 8096s
 21453649 12278036    1.50559   75  255    1.01899    4.68748   360%  91.7 8101s
 21463737 12283738    4.05202   77  282    1.01899    4.68724   360%  91.7 8106s
 21473572 12289894    2.10385   83  265    1.01899    4.68706   360%  91.7 8111s
 21482337 12295096    2.12002   77  266    1.01899    4.68681   360%  91.7 8116s
 21491914 12301270    1.72469   74  266    1.01899    4.68652   360%  91.7 8121s
 21501287 12307846    1.19632  105  198    1.01899    4.68644   360%  91.7 8125s
 21512162 12313836    1.56644   79  215    1.01899    4.68619   360%  91.7 8130s
 21522589 12319978    1.05300  101  199    1.01899    4.68590   360%  91.7 8135s
 21528614 12339801     cutoff   98         1.01899    4.68586   360%  91.7 8151s
 21567596 12345825 infeasible   89         1.01899    4.68495   360%  91.7 8155s
 21580202 12353797 infeasible   70         1.01899    4.68484   360%  91.7 8161s
 21589895 12359551     cutoff   79         1.01899    4.68472   360%  91.7 8165s
 21603232 12367723    3.50313   77  250    1.01899    4.68440   360%  91.7 8171s
 21613137 12373421     cutoff  101         1.01899    4.68422   360%  91.8 8175s
 21622974 12378710    1.31750   88  199    1.01899    4.68402   360%  91.8 8180s
 21633375 12384270    3.44433   82  274    1.01899    4.68383   360%  91.8 8185s
 21645978 12390087    1.43308   80  194    1.01899    4.68351   360%  91.8 8190s
 21654254 12395829    1.30627   86  275    1.01899    4.68335   360%  91.8 8195s
 21666357 12401732    1.33658   89  223    1.01899    4.68300   360%  91.8 8201s
 21675557 12407725    1.16786  103  238    1.01899    4.68267   360%  91.8 8205s
 21685826 12412309    1.12961   90  208    1.01899    4.68243   360%  91.8 8210s
 21696722 12417629    1.25248  101  196    1.01899    4.68208   359%  91.8 8215s
H21707050 12423411                       1.0190067    4.68185   359%  91.8 8221s
 21715768 12428684    1.39121   89  270    1.01901    4.68174   359%  91.8 8226s
 21725863 12434330    4.20718   87  258    1.01901    4.68135   359%  91.8 8231s
 21735526 12439468    2.50630   86  263    1.01901    4.68113   359%  91.8 8235s
 21744383 12444441    1.03964  106  196    1.01901    4.68087   359%  91.8 8240s
 21756694 12451726     cutoff   90         1.01901    4.68049   359%  91.8 8245s
 21768962 12457590 infeasible   89         1.01901    4.68034   359%  91.8 8251s
 21778639 12462433     cutoff   88         1.01901    4.68016   359%  91.8 8256s
 21787087 12468130    1.30845   90  207    1.01901    4.67987   359%  91.8 8260s
 21796771 12473974    1.07085  100  216    1.01901    4.67976   359%  91.8 8265s
 21805860 12479343     cutoff   92         1.01901    4.67961   359%  91.8 8271s
H21806023 12478920                       1.0190394    4.67961   359%  91.8 8271s
 21812741 12481307    2.27581   93  261    1.01904    4.67939   359%  91.8 8275s
 21813902 12483732    1.29651   96  236    1.01904    4.67935   359%  91.8 8280s
 21825055 12490672    1.32972   79  275    1.01904    4.67900   359%  91.8 8286s
H21835906 12493515                       1.0191398    4.67891   359%  91.8 8290s
H21839162 12495423                       1.0192525    4.67874   359%  91.8 8294s
 21842745 12497488    1.38103   93  177    1.01925    4.67859   359%  91.8 8295s
H21842830 12495438                       1.0194269    4.67859   359%  91.8 8296s
H21842922 12494484                       1.0195027    4.67859   359%  91.8 8297s
H21846696 12496837                       1.0195136    4.67853   359%  91.8 8299s
H21848028 12486967                       1.0203167    4.67852   359%  91.8 8300s
H21848781 12483991                       1.0205573    4.67852   358%  91.8 8300s
H21849386 12485286                       1.0205889    4.67852   358%  91.8 8302s
H21851625 12485286                       1.0205889    4.67851   358%  91.8 8303s
 21852150 12487850    1.67348   72  245    1.02059    4.67841   358%  91.8 8305s
H21852531 12487850                       1.0205889    4.67841   358%  91.8 8305s
H21853337 12487850                       1.0205889    4.67841   358%  91.8 8306s
H21854889 12487791                       1.0205938    4.67838   358%  91.8 8307s
 21859590 12490876    2.35947   81  248    1.02059    4.67826   358%  91.8 8310s
H21860150 12490511                       1.0206257    4.67825   358%  91.8 8310s
 21869235 12496103 infeasible  111         1.02063    4.67802   358%  91.8 8315s
 21878274 12501482    4.37827   69  272    1.02063    4.67773   358%  91.8 8320s
H21886771 12441601                       1.0255742    4.67755   356%  91.8 8324s
H21888354 12442151                       1.0256550    4.67747   356%  91.8 8326s
H21888438 12441785                       1.0256826    4.67747   356%  91.8 8327s
H21888611 12436254                       1.0260993    4.67747   356%  91.8 8328s
H21890265 12432611                       1.0263799    4.67743   356%  91.8 8328s
 21891781 12433442     cutoff  102         1.02638    4.67738   356%  91.8 8330s
 21900449 12438987    1.55039   77  206    1.02638    4.67713   356%  91.8 8335s
 21914788 12447070    1.90318   71  291    1.02638    4.67679   356%  91.8 8341s
H21923839 12450815                       1.0263991    4.67677   356%  91.8 8345s
H21926747 12452760                       1.0264023    4.67663   356%  91.8 8347s
 21930085 12456076    1.76904   83  244    1.02640    4.67648   356%  91.8 8351s
H21930871 12455873                       1.0264177    4.67648   356%  91.8 8351s
 21936835 12459299    1.44656   77  215    1.02642    4.67630   356%  91.8 8355s
 21947860 12464935    1.52295   85  242    1.02642    4.67606   356%  91.8 8360s
 21958740 12470990    2.41223   90  260    1.02642    4.67596   356%  91.8 8365s
H21963147 12473602                       1.0264706    4.67587   356%  91.8 8367s
 21968662 12476577 infeasible   69         1.02647    4.67577   356%  91.8 8370s
 21979099 12482179    1.10142  100  235    1.02647    4.67546   355%  91.8 8375s
H21980961 12482088                       1.0264773    4.67545   355%  91.8 8376s
H21987319 12485483                       1.0265240    4.67533   355%  91.8 8380s
 21996143 12490425    4.15731   77  206    1.02652    4.67502   355%  91.8 8385s
 22005436 12496582    1.06892   97  177    1.02652    4.67472   355%  91.9 8390s
 22019984 12504456    1.10229   89  296    1.02652    4.67442   355%  91.9 8396s
 22030332 12510057    1.37682   75  253    1.02652    4.67426   355%  91.9 8401s
 22040572 12515686    1.07748   98  206    1.02652    4.67400   355%  91.9 8405s
 22050336 12520545    2.58752   67  281    1.02652    4.67369   355%  91.9 8410s
 22060074 12525666    2.55262   76  298    1.02652    4.67347   355%  91.9 8415s
 22069762 12531633    1.77005   92  260    1.02652    4.67327   355%  91.9 8420s
H22069916 12531222                       1.0265535    4.67327   355%  91.9 8420s
 22079953 12535051     cutoff  111         1.02655    4.67302   355%  91.9 8425s
 22089604 12540441    2.36389   72  238    1.02655    4.67264   355%  91.9 8430s
 22100676 12546286    1.40811   80  202    1.02655    4.67246   355%  91.9 8435s
 22110624 12551042    1.66686   77  197    1.02655    4.67220   355%  91.9 8440s
 22121159 12559228    1.79167   68  290    1.02655    4.67205   355%  91.9 8445s
 22131633 12564683    4.36335   79  247    1.02655    4.67184   355%  91.9 8450s
 22141540 12570904    1.45446   91  244    1.02655    4.67166   355%  91.9 8455s
H22146839 12573267                       1.0265869    4.67155   355%  91.9 8457s
 22152234 12576482    2.24930   81  288    1.02659    4.67145   355%  91.9 8460s
 22162161 12582816    1.03276  106  210    1.02659    4.67122   355%  91.9 8465s
 22170998 12587741    2.06970   86  286    1.02659    4.67104   355%  91.9 8470s
 22183224 12594082 infeasible  109         1.02659    4.67060   355%  91.9 8475s
 22192210 12599211     cutoff   89         1.02659    4.67040   355%  91.9 8480s
 22201632 12605007    1.25399   94  222    1.02659    4.67034   355%  91.9 8485s
 22212172 12610521    1.04268   85  254    1.02659    4.67023   355%  91.9 8490s
 22222398 12616373    1.70506   81  199    1.02659    4.66991   355%  91.9 8495s
 22231208 12622085     cutoff   89         1.02659    4.66973   355%  91.9 8500s
 22243604 12628915    2.27261   85  244    1.02659    4.66950   355%  91.9 8505s
H22244128 12628149                       1.0266442    4.66950   355%  91.9 8506s
 22252479 12633155    1.13905   89  218    1.02664    4.66926   355%  91.9 8511s
H22259997 12636164                       1.0267230    4.66922   355%  91.9 8514s
H22261917 12638240                       1.0267303    4.66910   355%  91.9 8517s
H22262157 12638050                       1.0267458    4.66910   355%  91.9 8517s
H22263790 12637280                       1.0268043    4.66909   355%  91.9 8518s
 22265032 12639376    1.06185   92  249    1.02680    4.66905   355%  91.9 8520s
H22276854 12643811                       1.0268044    4.66876   355%  91.9 8525s
H22282633 12646587                       1.0268083    4.66865   355%  91.9 8529s
 22284499 12647902    1.40215   77  208    1.02681    4.66859   355%  91.9 8531s
 22294210 12654101    3.86370   82  287    1.02681    4.66844   355%  91.9 8535s
H22295867 12645470                       1.0274419    4.66844   354%  91.9 8536s
H22298748 12647990                       1.0274680    4.66835   354%  91.9 8539s
 22301530 12649077    1.16509   95  210    1.02747    4.66824   354%  91.9 8540s
H22302045 12648336                       1.0275197    4.66823   354%  91.9 8541s
H22303387 12648271                       1.0275250    4.66823   354%  91.9 8542s
 22303766 12648321 infeasible  100         1.02752    4.66818   354%  91.9 8545s
H22304060 12648240                       1.0275657    4.66818   354%  91.9 8547s
H22305887 12649883                       1.0275690    4.66818   354%  91.9 8550s
 22316722 12655965    1.08357   86  181    1.02757    4.66783   354%  91.9 8556s
 22326039 12662179     cutoff   97         1.02757    4.66759   354%  91.9 8561s
H22333445 12664095                       1.0275690    4.66749   354%  91.9 8563s
 22336482 12667343    1.22647   76  159    1.02757    4.66728   354%  91.9 8566s
 22346633 12673740    4.13309   70  274    1.02757    4.66704   354%  91.9 8571s
 22356166 12678301    3.09413   83  240    1.02757    4.66681   354%  91.9 8575s
H22356305 12677670                       1.0276142    4.66681   354%  91.9 8576s
 22365867 12683236    1.32054   86  287    1.02761    4.66663   354%  91.9 8581s
 22375670 12689650    1.42566   88  271    1.02761    4.66647   354%  91.9 8585s
 22385162 12694615    1.57756   98  211    1.02761    4.66621   354%  91.9 8590s
 22395568 12700196     cutoff  104         1.02761    4.66598   354%  91.9 8595s
 22408848 12708053    1.12809   92  171    1.02761    4.66573   354%  92.0 8601s
 22418542 12713641    2.11398   75  259    1.02761    4.66547   354%  92.0 8606s
 22427597 12720076    1.36855   82  182    1.02761    4.66531   354%  92.0 8611s
 22437569 12726499    4.40763   79  267    1.02761    4.66505   354%  92.0 8615s
 22447201 12732480    1.30307   89  232    1.02761    4.66486   354%  92.0 8620s
 22458864 12738203    1.18588   99  184    1.02761    4.66463   354%  92.0 8625s
 22471167 12744772    1.47555   72  237    1.02761    4.66425   354%  92.0 8631s
 22480820 12750869    1.73354   77  261    1.02761    4.66408   354%  92.0 8635s
 22490602 12756225    1.23320   88  173    1.02761    4.66393   354%  92.0 8640s
 22499544 12762279    3.18940   77  248    1.02761    4.66377   354%  92.0 8645s
 22513592 12768753    2.60009   82  268    1.02761    4.66359   354%  92.0 8651s
 22522366 12774286    1.12440   86  233    1.02761    4.66338   354%  92.0 8655s
 22532165 12779241    1.25204   97  146    1.02761    4.66313   354%  92.0 8660s
 22540149 12786343 infeasible   77         1.02761    4.66304   354%  92.0 8665s
 22551719 12791971 infeasible   92         1.02761    4.66289   354%  92.0 8670s
 22560881 12798318    4.17072   77  255    1.02761    4.66269   354%  92.0 8675s
 22571154 12802004    1.42479   86  249    1.02761    4.66248   354%  92.0 8680s
H22576022 12805239                       1.0276391    4.66242   354%  92.0 8684s
 22578049 12808412    2.97821   69  263    1.02764    4.66234   354%  92.0 8686s
 22586997 12811925    3.51283   78  240    1.02764    4.66218   354%  92.0 8690s
 22597592 12817776    3.34558   69  287    1.02764    4.66192   354%  92.0 8695s
 22606662 12824971     cutoff   90         1.02764    4.66179   354%  92.0 8700s
 22618168 12830953     cutoff   91         1.02764    4.66171   354%  92.0 8706s
 22627409 12837361    1.39218   87  228    1.02764    4.66159   354%  92.0 8710s
H22631106 12838551                       1.0277001    4.66148   354%  92.0 8713s
H22634403 12839464                       1.0277227    4.66146   354%  92.0 8715s
H22645542 12840000                       1.0281605    4.66128   353%  92.0 8720s
 22651819 12845205     cutoff   99         1.02816    4.66107   353%  92.0 8725s
H22660412 12847876                       1.0281906    4.66089   353%  92.0 8729s
 22661899 12849987    4.24661   74  287    1.02819    4.66082   353%  92.0 8731s
 22672506 12855770     cutoff   85         1.02819    4.66048   353%  92.0 8736s
 22682932 12860125    3.00201   69  251    1.02819    4.66024   353%  92.0 8740s
 22692760 12866565    1.64615   76  213    1.02819    4.66003   353%  92.0 8745s
 22703408 12871283    1.16904  102  186    1.02819    4.65983   353%  92.0 8750s
 22713905 12876467    1.15761   88  155    1.02819    4.65947   353%  92.0 8755s
 22724096 12881499    4.61021   72  231    1.02819    4.65921   353%  92.0 8760s
 22736476 12888022    1.22397   99  222    1.02819    4.65890   353%  92.0 8766s
 22745193 12893504    4.22471   66  268    1.02819    4.65864   353%  92.0 8770s
H22753322 12895302                       1.0283464    4.65846   353%  92.0 8775s
H22755107 12897654                       1.0283491    4.65840   353%  92.0 8777s
H22756621 12896893                       1.0283976    4.65839   353%  92.0 8778s
 22759498 12898827    1.05298  102  255    1.02840    4.65834   353%  92.0 8780s
H22763909 12881096                       1.0297871    4.65825   352%  92.0 8783s
H22768603 12883370                       1.0297931    4.65818   352%  92.0 8785s
H22773277 12887108                       1.0297985    4.65807   352%  92.0 8789s
H22773561 12887008                       1.0298061    4.65805   352%  92.0 8790s
H22774901 12886727                       1.0298247    4.65803   352%  92.0 8791s
H22779908 12889175                       1.0298551    4.65790   352%  92.0 8795s
 22787459 12894917    1.86161   78  271    1.02986    4.65771   352%  92.0 8800s
H22793722 12896315                       1.0298630    4.65763   352%  92.0 8802s
 22794151 12896362    1.48574   86  228    1.02986    4.65760   352%  92.0 8805s
H22795653 12897630                       1.0298649    4.65760   352%  92.0 8809s
 22798279 12899228    3.60639   69  268    1.02986    4.65759   352%  92.0 8811s
 22805049 12903128    1.26419   99  229    1.02986    4.65745   352%  92.0 8815s
 22819523 12909227    1.20598   79  253    1.02986    4.65706   352%  92.0 8821s
 22828855 12914796    2.88213   78  217    1.02986    4.65681   352%  92.1 8825s
 22837265 12919739    1.04992  111  233    1.02986    4.65665   352%  92.1 8830s
 22846761 12925007     cutoff   90         1.02986    4.65643   352%  92.1 8835s
 22858519 12930264    1.09251   95  218    1.02986    4.65611   352%  92.1 8840s
 22867764 12936045    1.53717   82  258    1.02986    4.65587   352%  92.1 8845s
 22878085 12942207 infeasible   80         1.02986    4.65567   352%  92.1 8850s
 22893061 12948398     cutoff   91         1.02986    4.65524   352%  92.1 8856s
 22902967 12954762     cutoff   94         1.02986    4.65509   352%  92.1 8861s
 22912285 12960826    1.39773   79  201    1.02986    4.65485   352%  92.1 8865s
 22924661 12967107    1.08393   87  186    1.02986    4.65458   352%  92.1 8871s
 22934456 12973057    1.12894   96  186    1.02986    4.65435   352%  92.1 8876s
 22944286 12978033    1.03485   98  211    1.02986    4.65423   352%  92.1 8881s
 22954183 12983496    2.93656   78  239    1.02986    4.65403   352%  92.1 8885s
 22963728 12989231    2.97096   83  234    1.02986    4.65385   352%  92.1 8890s
 22977140 12998267    1.24640   90  228    1.02986    4.65360   352%  92.1 8896s
 22987314 13003019    2.70395   71  251    1.02986    4.65333   352%  92.1 8901s
 22997044 13009303    1.19566   86  238    1.02986    4.65318   352%  92.1 8905s
 23005964 13014006     cutoff   84         1.02986    4.65295   352%  92.1 8910s
 23018486 13021329    1.48981   89  254    1.02986    4.65267   352%  92.1 8916s
 23028333 13026610    1.79853   85  269    1.02986    4.65250   352%  92.1 8920s
 23040249 13033584    1.28357   91  224    1.02986    4.65217   352%  92.1 8926s
 23050328 13037948    1.03011   91  212    1.02986    4.65181   352%  92.1 8931s
 23060831 13044575    1.29078   78  283    1.02986    4.65155   352%  92.1 8936s
 23069933 13049768    1.70783   84  270    1.02986    4.65135   352%  92.1 8941s
 23079192 13055902    1.45186   71  178    1.02986    4.65115   352%  92.1 8945s
 23088828 13060194    1.12995   79  250    1.02986    4.65093   352%  92.1 8950s
 23099397 13065903    1.23278   83  201    1.02986    4.65067   352%  92.1 8955s
 23112364 13073916    2.98180   74  275    1.02986    4.65035   352%  92.1 8961s
 23121421 13080415    1.20363   97  248    1.02986    4.65025   352%  92.1 8966s
 23132817 13086305    1.21286   85  279    1.02986    4.65006   352%  92.1 8971s
 23142237 13091667    1.63490   67  233    1.02986    4.64982   351%  92.1 8976s
 23152087 13097375    2.16514   74  225    1.02986    4.64964   351%  92.1 8980s
 23164191 13104538 infeasible   79         1.02986    4.64939   351%  92.1 8986s
 23173910 13109816 infeasible   81         1.02986    4.64906   351%  92.1 8990s
 23184923 13115634    1.04446   84  215    1.02986    4.64874   351%  92.1 8995s
 23198210 13124125    1.62241   80  258    1.02986    4.64842   351%  92.1 9001s
 23208095 13128865     cutoff   95         1.02986    4.64835   351%  92.1 9005s
 23218354 13134180    4.55741   68  279    1.02986    4.64806   351%  92.1 9010s
 23230966 13140640    3.15839   78  254    1.02986    4.64778   351%  92.1 9016s
 23240531 13146462    3.21554   69  267    1.02986    4.64752   351%  92.1 9021s
 23251374 13152309    2.55120   81  242    1.02986    4.64724   351%  92.1 9025s
 23264839 13158958    1.03941  102  191    1.02986    4.64692   351%  92.1 9031s
 23274407 13163836    2.70804   76  258    1.02986    4.64670   351%  92.1 9035s
 23284117 13169574    1.23346   93  236    1.02986    4.64644   351%  92.1 9040s
 23293752 13175359    1.20781   66  244    1.02986    4.64624   351%  92.1 9045s
 23307101 13182743    1.07098   94  207    1.02986    4.64594   351%  92.2 9051s
 23318143 13188411    1.59633   85  267    1.02986    4.64572   351%  92.2 9056s
 23321608 13188776     cutoff  101         1.02986    4.64564   351%  92.2 9061s
 23324179 13191477    1.13244  116  177    1.02986    4.64564   351%  92.2 9065s
 23334049 13195964    1.61288   78  287    1.02986    4.64532   351%  92.2 9070s
 23343931 13201461     cutoff   74         1.02986    4.64509   351%  92.2 9075s
 23357620 13208598    2.55645   85  231    1.02986    4.64473   351%  92.2 9081s
H23366655 13212950                       1.0298750    4.64460   351%  92.2 9085s
 23377487 13218833    4.58306   68  265    1.02987    4.64435   351%  92.2 9091s
 23387920 13224911    2.00131   75  209    1.02987    4.64412   351%  92.2 9096s
 23398917 13230918    1.11211  107  252    1.02987    4.64393   351%  92.2 9101s
 23408497 13235511    1.12049   99  255    1.02987    4.64369   351%  92.2 9105s
 23416916 13241008     cutoff   90         1.02987    4.64351   351%  92.2 9110s
 23428996 13247939    4.56880   73  271    1.02987    4.64317   351%  92.2 9116s
 23440048 13254075    1.54449   72  164    1.02987    4.64300   351%  92.2 9121s
 23449395 13259609    1.10940  100  188    1.02987    4.64286   351%  92.2 9125s
 23458779 13265503    1.69236   91  233    1.02987    4.64265   351%  92.2 9130s
 23468785 13269554    1.05175   77  243    1.02987    4.64244   351%  92.2 9135s
 23481229 13277960    1.37182   90  281    1.02987    4.64219   351%  92.2 9141s
 23491016 13283830    1.72518   79  235    1.02987    4.64197   351%  92.2 9145s
 23501119 13289043 infeasible  103         1.02987    4.64169   351%  92.2 9150s
 23511338 13294078    1.22095   82  205    1.02987    4.64153   351%  92.2 9155s
 23520704 13300248    2.51477   82  277    1.02987    4.64126   351%  92.2 9160s
 23534556 13307500     cutoff  100         1.02987    4.64105   351%  92.2 9166s
 23544322 13314915    3.31824   74  262    1.02987    4.64080   351%  92.2 9171s
 23552386 13318527    1.18600   98  182    1.02987    4.64070   351%  92.2 9175s
 23562494 13324794    1.03344  103  230    1.02987    4.64055   351%  92.2 9180s
 23574519 13331160    1.30714   92  191    1.02987    4.64027   351%  92.2 9185s
 23584174 13336205 infeasible  117         1.02987    4.64014   351%  92.2 9190s
 23593791 13342365    1.52440   89  261    1.02987    4.63996   351%  92.2 9195s
 23605533 13349983    1.48211   81  290    1.02987    4.63986   351%  92.2 9201s
 23614838 13355293    1.04778  102  243    1.02987    4.63965   351%  92.2 9206s
 23619223 13357016    1.55473   85  257    1.02987    4.63946   350%  92.2 9210s
 23628873 13363483    1.03132  108  236    1.02987    4.63923   350%  92.2 9215s
 23639401 13368922    2.44345   76  222    1.02987    4.63911   350%  92.2 9220s
 23649641 13374512    3.97819   73  301    1.02987    4.63886   350%  92.2 9225s
 23659049 13379738    1.77851   71  284    1.02987    4.63856   350%  92.2 9230s
 23669622 13385710    1.78771   84  286    1.02987    4.63831   350%  92.2 9235s
 23683178 13393029    1.03748   97  191    1.02987    4.63815   350%  92.3 9241s
 23689426 13396891    2.04559   82  216    1.02987    4.63803   350%  92.3 9245s
 23704383 13405372     cutoff  100         1.02987    4.63765   350%  92.3 9251s
 23713166 13411797     cutoff  107         1.02987    4.63756   350%  92.3 9255s
 23724228 13416627    1.41651   91  233    1.02987    4.63732   350%  92.3 9261s
 23734851 13422348    1.55976   71  259    1.02987    4.63705   350%  92.3 9265s
 23744550 13428089    1.73654   87  217    1.02987    4.63675   350%  92.3 9270s
 23755467 13435720    4.50592   74  271    1.02987    4.63658   350%  92.3 9276s
 23765111 13440669    1.14441   89  176    1.02987    4.63642   350%  92.3 9280s
 23774671 13446534    2.18728   70  255    1.02987    4.63609   350%  92.3 9285s
 23785282 13453670    1.21375   75  190    1.02987    4.63591   350%  92.3 9290s
 23795001 13458360     cutoff  100         1.02987    4.63583   350%  92.3 9295s
 23808490 13465381     cutoff   82         1.02987    4.63553   350%  92.3 9301s
 23818308 13472142    1.79053   85  270    1.02987    4.63527   350%  92.3 9306s
 23828540 13478506    2.40404   79  267    1.02987    4.63511   350%  92.3 9311s
H23837672 13482126                       1.0298776    4.63498   350%  92.3 9314s
 23840000 13482163 infeasible   99         1.02988    4.63492   350%  92.3 9316s
 23840113 13499246    1.16729   96  219    1.02988    4.63492   350%  92.3 9329s
 23872113 13501077     cutoff  108         1.02988    4.63427   350%  92.3 9331s
 23882544 13506536    1.45316   86  205    1.02988    4.63396   350%  92.3 9335s
 23894784 13513272    1.51186   90  229    1.02988    4.63364   350%  92.3 9341s
 23904529 13518378 infeasible   99         1.02988    4.63351   350%  92.3 9345s
 23915021 13523963     cutoff   88         1.02988    4.63331   350%  92.3 9350s
 23927966 13531892    1.27613   87  203    1.02988    4.63299   350%  92.3 9355s
 23937991 13537625    3.78407   82  214    1.02988    4.63284   350%  92.3 9360s
 23948002 13542177     cutoff   94         1.02988    4.63252   350%  92.3 9365s
 23960064 13549987    2.61586   69  281    1.02988    4.63221   350%  92.3 9371s
 23969101 13555422    1.09881   89  245    1.02988    4.63201   350%  92.3 9376s
 23978741 13561372    1.41505   94  159    1.02988    4.63180   350%  92.3 9380s
 23988591 13567445    1.22187   91  284    1.02988    4.63170   350%  92.3 9385s
 23999959 13574300     cutoff  103         1.02988    4.63154   350%  92.3 9390s
 24009746 13580476    1.04200  113  209    1.02988    4.63134   350%  92.3 9395s
 24020013 13586369    1.55002   79  275    1.02988    4.63120   350%  92.3 9400s
 24029617 13591864     cutoff   75         1.02988    4.63093   350%  92.3 9405s
 24042600 13598965    1.04292  113  170    1.02988    4.63075   350%  92.3 9411s
 24052201 13605025    2.39320   73  259    1.02988    4.63049   350%  92.3 9416s
 24061673 13610376    1.27407   75  209    1.02988    4.63029   350%  92.4 9421s
 24071621 13616447    1.38917   87  250    1.02988    4.63011   350%  92.4 9425s
 24081060 13621782    1.82522   76  265    1.02988    4.62991   350%  92.4 9430s
 24094838 13628851    1.08283   73  168    1.02988    4.62964   350%  92.4 9436s
 24104207 13633715     cutoff  103         1.02988    4.62941   350%  92.4 9440s
 24113686 13638902     cutoff  102         1.02988    4.62919   349%  92.4 9445s
 24124144 13643022     cutoff   81         1.02988    4.62891   349%  92.4 9450s
 24133250 13649284    3.35244   73  267    1.02988    4.62871   349%  92.4 9455s
 24146868 13656662 infeasible  109         1.02988    4.62832   349%  92.4 9461s
 24156118 13660620    1.05500   95  200    1.02988    4.62812   349%  92.4 9465s
 24165120 13664265    1.44280   77  225    1.02988    4.62793   349%  92.4 9470s
 24177663 13673204    2.38718   66  238    1.02988    4.62771   349%  92.4 9476s
 24187101 13679379    2.50360   75  265    1.02988    4.62758   349%  92.4 9481s
 24197058 13685237    1.16644   87  198    1.02988    4.62748   349%  92.4 9485s
 24206479 13690176    1.04867   79  235    1.02988    4.62727   349%  92.4 9490s
 24217765 13698000     cutoff   86         1.02988    4.62708   349%  92.4 9495s
 24227788 13703376    2.51814   68  304    1.02988    4.62685   349%  92.4 9500s
 24237337 13709271    2.87384   70  272    1.02988    4.62667   349%  92.4 9505s
 24249420 13717083    2.31978   79  246    1.02988    4.62652   349%  92.4 9511s
 24259323 13721996    2.73447   75  285    1.02988    4.62643   349%  92.4 9515s
 24267907 13726937    1.20442   91  215    1.02988    4.62623   349%  92.4 9520s
 24280573 13734371    3.12877   79  238    1.02988    4.62593   349%  92.4 9526s
 24290613 13740383    1.28562   83  232    1.02988    4.62579   349%  92.4 9530s
 24302339 13747814    2.70718   67  248    1.02988    4.62557   349%  92.4 9536s
 24311755 13752713    2.55591   69  273    1.02988    4.62541   349%  92.4 9541s
 24320938 13757829    1.66390   82  251    1.02988    4.62517   349%  92.4 9545s
 24334077 13763440     cutoff   90         1.02988    4.62481   349%  92.4 9551s
 24343624 13769620    1.47713   86  202    1.02988    4.62464   349%  92.4 9556s
 24351119 13771723    1.10828   99  193    1.02988    4.62448   349%  92.4 9561s
 24354647 13775478    1.06948   99  200    1.02988    4.62440   349%  92.4 9566s
 24362227 13781060    1.50520   87  307    1.02988    4.62434   349%  92.4 9570s
 24375552 13789557    1.15225   97  235    1.02988    4.62411   349%  92.4 9576s
 24385948 13794243    1.98930   81  264    1.02988    4.62385   349%  92.4 9581s
 24395305 13799523 infeasible   88         1.02988    4.62372   349%  92.4 9586s
 24404300 13805227     cutoff   86         1.02988    4.62352   349%  92.4 9590s
 24413770 13810564    1.07369  105  214    1.02988    4.62340   349%  92.4 9595s
 24426759 13817048    3.96503   77  264    1.02988    4.62306   349%  92.4 9601s
 24434488 13821973    1.94309   78  282    1.02988    4.62298   349%  92.4 9605s
 24447491 13829256    1.76697   73  221    1.02988    4.62269   349%  92.4 9611s
 24457276 13834512    4.61370   70  267    1.02988    4.62244   349%  92.4 9616s
 24468354 13840586    1.15057   97  225    1.02988    4.62215   349%  92.5 9621s
 24478306 13845944    4.49446   74  241    1.02988    4.62193   349%  92.5 9626s
 24486851 13850885    1.21078   91  280    1.02988    4.62167   349%  92.5 9630s
 24499149 13857435    1.50761   76  262    1.02988    4.62143   349%  92.5 9636s
 24508518 13862997    1.05298  105  199    1.02988    4.62134   349%  92.5 9641s
 24517317 13869477    1.11666   82  171    1.02988    4.62120   349%  92.5 9646s
 24526587 13873536    1.04709   82  145    1.02988    4.62092   349%  92.5 9650s
 24539187 13879632    1.09732  109  185    1.02988    4.62058   349%  92.5 9656s
 24547402 13884942    1.36129  103  194    1.02988    4.62039   349%  92.5 9661s
 24556849 13890807     cutoff   88         1.02988    4.62025   349%  92.5 9665s
 24566382 13896527    1.42025   82  261    1.02988    4.62015   349%  92.5 9670s
 24579719 13902919    1.88965   84  261    1.02988    4.61991   349%  92.5 9676s
 24590491 13908488    1.03038  113  208    1.02988    4.61960   349%  92.5 9681s
 24599946 13913719     cutoff   96         1.02988    4.61947   349%  92.5 9685s
 24608456 13918654    1.05281  105  241    1.02988    4.61921   349%  92.5 9690s
 24616988 13924059    4.45945   78  290    1.02988    4.61895   348%  92.5 9695s
 24629860 13930957 infeasible   96         1.02988    4.61873   348%  92.5 9701s
 24639220 13935312    1.15944   87  234    1.02988    4.61846   348%  92.5 9705s
 24650806 13941919    2.08505   77  182    1.02988    4.61829   348%  92.5 9710s
 24654969 13943956    1.73340   70  271    1.02988    4.61814   348%  92.5 9715s
 24665246 13950046    3.40909   78  237    1.02988    4.61811   348%  92.5 9720s
 24675392 13955595    1.41371   80  215    1.02988    4.61781   348%  92.5 9725s
 24688734 13962030    1.14034   99  227    1.02988    4.61750   348%  92.5 9731s
 24697516 13968231    1.11510   82  222    1.02988    4.61733   348%  92.5 9735s
 24707019 13974122    1.38324   90  201    1.02988    4.61715   348%  92.5 9740s
 24719176 13979816    3.54537   63  259    1.02988    4.61688   348%  92.5 9745s
 24729108 13985710    2.41940   94  259    1.02988    4.61667   348%  92.5 9750s
 24742507 13993141    3.15986   79  247    1.02988    4.61646   348%  92.5 9756s
 24750967 13999251    1.19526  103  203    1.02988    4.61623   348%  92.5 9760s
 24761415 14004422    1.60325   89  268    1.02988    4.61600   348%  92.5 9765s
 24770072 14010991 infeasible   92         1.02988    4.61585   348%  92.5 9770s
 24781794 14016043    1.33820   84  243    1.02988    4.61562   348%  92.5 9775s
 24795429 14022206    4.34769   78  247    1.02988    4.61532   348%  92.5 9781s
 24804750 14027107     cutoff   94         1.02988    4.61506   348%  92.5 9785s
 24812897 14031603    2.17131   67  218    1.02988    4.61479   348%  92.5 9790s
 24825951 14039766     cutoff   74         1.02988    4.61449   348%  92.5 9796s
 24836791 14046350    1.74014   74  276    1.02988    4.61424   348%  92.5 9801s
 24843338 14047591    1.03548  101  265    1.02988    4.61413   348%  92.5 9806s
 24846394 14050719     cutoff  113         1.02988    4.61409   348%  92.5 9811s
 24854138 14055338    1.87936   78  265    1.02988    4.61391   348%  92.5 9815s
 24867048 14061431    2.46812   72  269    1.02988    4.61364   348%  92.5 9821s
 24876637 14067436    1.11400  109  216    1.02988    4.61358   348%  92.5 9825s
 24886372 14073223    1.18431   79  169    1.02988    4.61330   348%  92.6 9830s
 24895486 14079652 infeasible   99         1.02988    4.61318   348%  92.6 9835s
 24910187 14086959    2.12334   75  218    1.02988    4.61287   348%  92.6 9841s
 24919901 14092508    3.22677   79  227    1.02988    4.61265   348%  92.6 9845s
 24928083 14098070     cutoff   84         1.02988    4.61251   348%  92.6 9850s
 24941660 14105333    1.39727   96  266    1.02988    4.61226   348%  92.6 9856s
 24951443 14110763    2.42408   82  264    1.02988    4.61203   348%  92.6 9860s
 24960877 14115803    1.92024   84  277    1.02988    4.61180   348%  92.6 9865s
 24973565 14123759    1.04169  102  263    1.02988    4.61166   348%  92.6 9870s
 24984114 14129375    1.30366   74  212    1.02988    4.61146   348%  92.6 9875s
 24993074 14135390    1.14405  111  217    1.02988    4.61128   348%  92.6 9880s
 25005553 14143229    3.07475   76  232    1.02988    4.61103   348%  92.6 9886s
 25016369 14147590     cutoff   91         1.02988    4.61084   348%  92.6 9891s
 25026634 14152608     cutoff   93         1.02988    4.61055   348%  92.6 9895s
 25035059 14158065    3.77796   76  282    1.02988    4.61029   348%  92.6 9900s
 25049297 14164024    1.09285   88  203    1.02988    4.61005   348%  92.6 9906s
 25057748 14169271    1.17497   83  256    1.02988    4.60983   348%  92.6 9910s
 25068443 14175173    1.43668   92  232    1.02988    4.60962   348%  92.6 9915s
 25078234 14181804    1.51843   86  219    1.02988    4.60947   348%  92.6 9920s
 25091662 14188996    2.85628   75  264    1.02988    4.60927   348%  92.6 9925s
 25101333 14194479    1.52408   73  264    1.02988    4.60897   348%  92.6 9930s
 25113753 14201898    2.49640   76  238    1.02988    4.60867   347%  92.6 9936s
 25122935 14207598    1.48750   92  268    1.02988    4.60854   347%  92.6 9940s
 25132573 14213605     cutoff   86         1.02988    4.60827   347%  92.6 9945s
 25146065 14220404    2.40475   80  225    1.02988    4.60809   347%  92.6 9950s
 25155541 14226011    1.64080   73  251    1.02988    4.60801   347%  92.6 9955s
 25170654 14233813    1.13653  100  247    1.02988    4.60768   347%  92.6 9961s
 25179503 14238706    1.07638  113  238    1.02988    4.60733   347%  92.6 9965s
 25189233 14245064    1.34837   73  270    1.02988    4.60714   347%  92.6 9970s
 25201285 14251949     cutoff  105         1.02988    4.60696   347%  92.6 9976s
 25211103 14257773    1.43801   75  240    1.02988    4.60667   347%  92.6 9980s
 25219985 14263942    1.09590  101  163    1.02988    4.60660   347%  92.6 9985s
 25231972 14271039    3.02521   78  280    1.02988    4.60638   347%  92.6 9990s
 25241437 14276727    1.20842   85  236    1.02988    4.60625   347%  92.6 9995s
 25251815 14281480    1.84973   78  290    1.02988    4.60601   347%  92.6 10000s
 25261370 14285833    3.32469   76  307    1.02988    4.60577   347%  92.6 10005s
 25273537 14291984    2.58623   73  237    1.02988    4.60548   347%  92.6 10011s
 25283195 14298399    1.45421   86  241    1.02988    4.60540   347%  92.6 10016s
 25294875 14303263    1.25288   87  212    1.02988    4.60519   347%  92.6 10021s
 25304721 14309493    3.34787   66  282    1.02988    4.60493   347%  92.6 10026s
 25313165 14315014    1.19458   97  244    1.02988    4.60488   347%  92.6 10031s
 25323135 14319795    1.11586   96  245    1.02988    4.60470   347%  92.6 10035s
 25332977 14325332     cutoff   86         1.02988    4.60442   347%  92.6 10040s
 25342729 14332394    1.04456  113  223    1.02988    4.60426   347%  92.6 10045s
 25353636 14337393    1.04638   97  206    1.02988    4.60407   347%  92.6 10050s
 25366639 14344833     cutoff   73         1.02988    4.60385   347%  92.6 10056s
 25373803 14346989    2.02311   74  254    1.02988    4.60376   347%  92.6 10060s
 25376513 14350731    2.61481   74  262    1.02988    4.60366   347%  92.6 10066s
 25385024 14355209    1.09605   80  227    1.02988    4.60350   347%  92.6 10070s
 25395980 14361815    1.31060   91  201    1.02988    4.60326   347%  92.6 10075s
 25407440 14368502    1.03471  104  183    1.02988    4.60322   347%  92.7 10080s
 25416782 14374823    2.90332   77  284    1.02988    4.60301   347%  92.7 10085s
 25426868 14379856    1.47705   76  285    1.02988    4.60286   347%  92.7 10090s
 25436729 14384325    1.57684   60  242    1.02988    4.60252   347%  92.7 10095s
 25450506 14391373    2.52834   83  263    1.02988    4.60230   347%  92.7 10101s
 25460406 14397883    1.55091   90  274    1.02988    4.60212   347%  92.7 10106s
 25467661 14402271    2.47374   66  254    1.02988    4.60204   347%  92.7 10110s
 25479939 14411473    1.15413   96  224    1.02988    4.60183   347%  92.7 10116s
 25491120 14417289    1.34828   85  249    1.02988    4.60161   347%  92.7 10120s
 25501208 14423820    1.21959  102  229    1.02988    4.60150   347%  92.7 10126s
 25511382 14428229    1.05250  107  242    1.02988    4.60122   347%  92.7 10131s
 25521191 14432801    1.20738   67  130    1.02988    4.60102   347%  92.7 10135s
 25531175 14439202    1.12124  104  179    1.02988    4.60071   347%  92.7 10140s
 25540598 14444485     cutoff   85         1.02988    4.60067   347%  92.7 10145s
 25554094 14450873    1.12431   87  271    1.02988    4.60034   347%  92.7 10151s
 25562897 14456287    1.95385   69  220    1.02988    4.60017   347%  92.7 10156s
 25572397 14461245     cutoff  107         1.02988    4.59994   347%  92.7 10160s
 25582317 14466962 infeasible  117         1.02988    4.59974   347%  92.7 10165s
 25593211 14473829     cutoff   94         1.02988    4.59954   347%  92.7 10170s
 25602333 14478619 infeasible   87         1.02988    4.59947   347%  92.7 10175s
 25612351 14484701    1.14874   79  204    1.02988    4.59927   347%  92.7 10180s
 25626208 14492752    2.34956   72  267    1.02988    4.59899   347%  92.7 10186s
 25636457 14498480    1.44616  107  247    1.02988    4.59878   347%  92.7 10191s
 25645109 14503734    3.63624   75  261    1.02988    4.59863   347%  92.7 10196s
 25654931 14509783    1.23264   90  229    1.02988    4.59847   347%  92.7 10200s
 25664687 14515478    2.53414   78  244    1.02988    4.59834   346%  92.7 10205s
 25675264 14521958 infeasible  100         1.02988    4.59814   346%  92.7 10210s
 25681525 14523790    1.21515   99  277    1.02988    4.59798   346%  92.7 10215s
 25689862 14530203    1.32029   76  237    1.02988    4.59774   346%  92.7 10220s
 25700069 14535352    1.29375   87  278    1.02988    4.59759   346%  92.7 10225s
 25711333 14540804     cutoff  109         1.02988    4.59728   346%  92.7 10230s
 25721488 14545659    3.39484   69  313    1.02988    4.59707   346%  92.7 10235s
 25730144 14552629     cutoff   92         1.02988    4.59686   346%  92.8 10240s
 25746104 14559672    3.06330   67  288    1.02988    4.59659   346%  92.8 10246s
 25755881 14565702    4.48636   63  266    1.02988    4.59649   346%  92.8 10251s
 25764324 14570878    1.35522   97  276    1.02988    4.59618   346%  92.8 10255s
 25774188 14576635    1.60954   73  257    1.02988    4.59606   346%  92.8 10260s
 25787764 14583801    1.65680   83  231    1.02988    4.59572   346%  92.8 10266s
 25797483 14589088    1.35558   80  254    1.02988    4.59552   346%  92.8 10271s
 25807093 14594850    1.53338   81  251    1.02988    4.59539   346%  92.8 10276s
 25818183 14601893    4.05734   78  280    1.02988    4.59521   346%  92.8 10281s
 25828102 14607029    1.18317   98  235    1.02988    4.59498   346%  92.8 10286s
 25837529 14611607 infeasible   76         1.02988    4.59486   346%  92.8 10290s
 25847404 14616283    1.05167   88  206    1.02988    4.59467   346%  92.8 10295s
 25857509 14621984    1.14422  103  268    1.02988    4.59444   346%  92.8 10300s
 25867373 14627418    3.20016   69  257    1.02988    4.59416   346%  92.8 10305s
 25871206 14627581    1.18917  107  202    1.02988    4.59414   346%  92.8 10310s
 25876548 14632533    4.18674   71  295    1.02988    4.59397   346%  92.8 10316s
 25885460 14637969    2.04210   73  266    1.02988    4.59377   346%  92.8 10320s
 25895794 14641808    1.31935   92  236    1.02988    4.59356   346%  92.8 10325s
 25905203 14647488    1.59991   98  253    1.02988    4.59345   346%  92.8 10330s
 25916596 14655506    4.23895   75  246    1.02988    4.59318   346%  92.8 10336s
 25925781 14660531    1.47010   88  217    1.02988    4.59303   346%  92.8 10340s
 25935367 14666330    1.53835   79  259    1.02988    4.59285   346%  92.8 10345s
 25946197 14671127    1.19072  103  210    1.02988    4.59262   346%  92.8 10350s
 25956067 14676065    1.55320   71  236    1.02988    4.59243   346%  92.8 10355s
 25965460 14682495    3.97037   76  211    1.02988    4.59224   346%  92.8 10360s
 25976480 14687937     cutoff   95         1.02988    4.59195   346%  92.8 10365s
 25986813 14693740 infeasible   84         1.02988    4.59184   346%  92.8 10370s
 25999438 14701233     cutoff  116         1.02988    4.59154   346%  92.8 10376s
 26009169 14705340     cutoff   97         1.02988    4.59135   346%  92.8 10381s
 26018685 14709919    1.12707   94  190    1.02988    4.59111   346%  92.8 10385s
 26027372 14714663    1.63246   88  236    1.02988    4.59096   346%  92.8 10390s
 26038211 14720973    1.65132   75  242    1.02988    4.59077   346%  92.8 10395s
 26048336 14725728    1.32679   89  231    1.02988    4.59048   346%  92.8 10400s
 26057615 14731576    1.62787   76  260    1.02988    4.59030   346%  92.8 10405s
 26067266 14737170    1.07408  115  196    1.02988    4.59026   346%  92.8 10410s
 26080119 14742911    1.49686   86  237    1.02988    4.58996   346%  92.8 10416s
 26086419 14747200    1.36556   89  233    1.02988    4.58981   346%  92.8 10420s
 26096870 14751702 infeasible  101         1.02988    4.58962   346%  92.8 10425s
 26110625 14759020     cutoff   87         1.02988    4.58939   346%  92.8 10431s
 26120024 14763580    1.07259  111  203    1.02988    4.58920   346%  92.8 10436s
 26130021 14770610    1.58244   81  185    1.02988    4.58903   346%  92.8 10441s
 26140273 14775375    1.41620   99  202    1.02988    4.58882   346%  92.8 10446s
 26149996 14780469    1.57067   75  269    1.02988    4.58856   346%  92.9 10450s
 26158922 14786249    1.40716   95  250    1.02988    4.58834   346%  92.9 10455s
 26172259 14792597    1.99509   71  279    1.02988    4.58806   345%  92.9 10461s
 26181877 14798373    1.05286   96  140    1.02988    4.58795   345%  92.9 10465s
 26191239 14803757 infeasible   79         1.02988    4.58776   345%  92.9 10470s
 26203677 14810052     cutoff   82         1.02988    4.58746   345%  92.9 10476s
 26213017 14815337    1.45848   92  219    1.02988    4.58735   345%  92.9 10480s
 26222126 14820030     cutoff   94         1.02988    4.58716   345%  92.9 10485s
 26231763 14825788    2.55813   74  271    1.02988    4.58698   345%  92.9 10490s
 26245660 14832638    1.12124   92  188    1.02988    4.58669   345%  92.9 10496s
 26255289 14838891    1.24703   82  229    1.02988    4.58653   345%  92.9 10500s
 26265118 14845191    1.35810   91  230    1.02988    4.58633   345%  92.9 10505s
 26275010 14850436    1.69339   65  248    1.02988    4.58619   345%  92.9 10510s
 26287219 14857562    1.09818   94  262    1.02988    4.58597   345%  92.9 10516s
 26297101 14864538    1.80329   80  231    1.02988    4.58583   345%  92.9 10520s
 26307551 14869602    1.21231  104  253    1.02988    4.58573   345%  92.9 10525s
 26320756 14875126     cutoff   97         1.02988    4.58536   345%  92.9 10531s
 26329041 14879924    2.03851   93  232    1.02988    4.58517   345%  92.9 10536s
 26338767 14884425     cutoff   92         1.02988    4.58499   345%  92.9 10540s
 26348492 14890071    1.46470   75  242    1.02988    4.58478   345%  92.9 10545s
 26361509 14897210    1.70238   81  231    1.02988    4.58456   345%  92.9 10551s
 26371354 14902943    1.20295   91  247    1.02988    4.58444   345%  92.9 10556s
 26379677 14908555    1.04927  106  263    1.02988    4.58428   345%  92.9 10560s
 26389349 14914251     cutoff   86         1.02988    4.58407   345%  92.9 10565s
 26399405 14919847    1.56658   84  263    1.02988    4.58388   345%  92.9 10570s
 26409238 14924087     cutoff   99         1.02988    4.58364   345%  92.9 10575s
 26415601 14926917    1.12194   85  175    1.02988    4.58348   345%  92.9 10581s
 26421492 14932747    1.45906   89  231    1.02988    4.58340   345%  92.9 10586s
 26428425 14936484    1.23088  102  248    1.02988    4.58332   345%  92.9 10590s
 26441476 14941652    1.47885   79  228    1.02988    4.58307   345%  92.9 10595s
 26449712 14946876    1.56964   82  258    1.02988    4.58285   345%  92.9 10600s
 26459643 14951976 infeasible   93         1.02988    4.58260   345%  92.9 10605s
H26466962 14953195                       1.0300373    4.58246   345%  92.9 10608s
 26468799 14955361 infeasible   95         1.03004    4.58245   345%  92.9 10610s
H26471979 14953450                       1.0301643    4.58241   345%  92.9 10611s
H26473146 14954303                       1.0301981    4.58239   345%  92.9 10613s
H26474002 14952684                       1.0303074    4.58239   345%  92.9 10614s
 26474711 14954958    1.06855  106  221    1.03031    4.58239   345%  92.9 10615s
H26476008 14954282                       1.0303548    4.58239   345%  92.9 10616s
 26484331 14958632     cutoff   88         1.03035    4.58209   345%  92.9 10621s
H26491303 14958555                       1.0304638    4.58200   345%  92.9 10623s
 26491892 14959747     cutoff  100         1.03046    4.58190   345%  92.9 10625s
H26493785 14959689                       1.0304672    4.58190   345%  92.9 10626s
H26495798 14961828                       1.0305123    4.58185   345%  92.9 10628s
 26499625 14963112    2.64058   74  237    1.03051    4.58172   345%  92.9 10630s
H26508396 14967685                       1.0305127    4.58165   345%  92.9 10634s
 26509510 14968875    1.46007   95  228    1.03051    4.58155   345%  92.9 10636s
H26511365 14968826                       1.0305169    4.58154   345%  92.9 10636s
 26515879 14972889    1.11610   86  187    1.03052    4.58141   345%  92.9 10640s
 26525248 14977525    1.30206   91  227    1.03052    4.58122   345%  92.9 10645s
 26538054 14984121    1.61303   94  256    1.03052    4.58094   345%  92.9 10650s
 26547102 14989026    1.58547   76  261    1.03052    4.58076   345%  92.9 10655s
H26551872 14991241                       1.0305175    4.58071   345%  92.9 10657s
 26556125 14994379    2.30280   67  228    1.03052    4.58057   344%  92.9 10660s
 26566813 15001350    1.47824   96  206    1.03052    4.58035   344%  93.0 10666s
 26577068 15006752     cutoff   83         1.03052    4.58014   344%  93.0 10670s
H26582987 15009243                       1.0305435    4.58006   344%  93.0 10673s
 26587157 15012200    1.14080   79  161    1.03054    4.57996   344%  93.0 10676s
 26595110 15017688    3.14114   73  284    1.03054    4.57984   344%  93.0 10680s
 26604966 15022491    4.37311   69  290    1.03054    4.57953   344%  93.0 10685s
 26614472 15027792    1.47767   84  223    1.03054    4.57939   344%  93.0 10690s
 26623369 15032603    1.42613   87  285    1.03054    4.57923   344%  93.0 10695s
 26636907 15040150    1.14521   98  250    1.03054    4.57878   344%  93.0 10701s
 26646765 15045127    1.79591   76  296    1.03054    4.57856   344%  93.0 10706s
 26656572 15050405    2.68800   71  287    1.03054    4.57831   344%  93.0 10710s
 26666804 15056586     cutoff   83         1.03054    4.57823   344%  93.0 10715s
H26674003 15060485                       1.0305448    4.57805   344%  93.0 10719s
 26676114 15061656    3.56997   74  238    1.03054    4.57799   344%  93.0 10720s
 26686200 15067765     cutoff  108         1.03054    4.57777   344%  93.0 10726s
 26695804 15074040    4.36585   77  233    1.03054    4.57754   344%  93.0 10730s
 26705913 15078838    1.08614   86  199    1.03054    4.57748   344%  93.0 10735s
 26710962 15083892    2.02353   87  201    1.03054    4.57735   344%  93.0 10741s
 26719539 15087787    1.13836   95  212    1.03054    4.57730   344%  93.0 10745s
 26730322 15093597    3.92677   75  291    1.03054    4.57705   344%  93.0 10750s
 26744145 15100182    2.20461   81  262    1.03054    4.57673   344%  93.0 10756s
 26752949 15105528    1.18090   80  225    1.03054    4.57658   344%  93.0 10761s
 26761476 15111473    1.32263   87  203    1.03054    4.57639   344%  93.0 10765s
H26770165 15114893                       1.0305509    4.57630   344%  93.0 10769s
 26771467 15117295    2.18383   74  229    1.03055    4.57623   344%  93.0 10771s
 26779792 15120616    1.18496   78  168    1.03055    4.57603   344%  93.0 10775s
H26788080 15123485                       1.0305638    4.57585   344%  93.0 10779s
 26789338 15125194    1.30048   83  233    1.03056    4.57585   344%  93.0 10781s
H26790911 15125095                       1.0305723    4.57582   344%  93.0 10781s
 26794739 15128666    3.41294   63  284    1.03057    4.57570   344%  93.0 10785s
H26803146 15130696                       1.0306258    4.57548   344%  93.0 10789s
 26804424 15132830     cutoff  100         1.03063    4.57546   344%  93.0 10790s
 26814025 15139276    1.30302   81  248    1.03063    4.57528   344%  93.0 10795s
 26825552 15145209    1.08714   95  159    1.03063    4.57519   344%  93.0 10800s
 26834652 15151262    1.43273   82  213    1.03063    4.57506   344%  93.0 10805s
 26847031 15157662    3.06271   79  277    1.03063    4.57488   344%  93.0 10811s
 26857027 15163593     cutoff   82         1.03063    4.57466   344%  93.0 10816s
 26866839 15169252    1.55944   89  314    1.03063    4.57439   344%  93.0 10820s
 26876499 15175117     cutoff   79         1.03063    4.57423   344%  93.0 10825s
 26885959 15180957    1.21703   90  259    1.03063    4.57410   344%  93.0 10830s
 26895795 15187247    3.74478   72  236    1.03063    4.57395   344%  93.0 10835s
 26906385 15191370    2.44837   81  275    1.03063    4.57372   344%  93.0 10840s
 26909016 15191844    1.03123   67  163    1.03063    4.57363   344%  93.0 10845s
 26917195 15196834    1.08805  107  245    1.03063    4.57345   344%  93.0 10850s
 26926979 15203356    1.03481  107  231    1.03063    4.57321   344%  93.0 10855s
 26936751 15209163     cutoff   95         1.03063    4.57299   344%  93.0 10860s
H26942894 15209297                       1.0306934    4.57293   344%  93.0 10862s
 26947208 15213228    1.04094   97  223    1.03069    4.57277   344%  93.0 10866s
 26957112 15218604    1.06255  101  180    1.03069    4.57256   344%  93.0 10871s
 26966717 15224707    1.38497   86  189    1.03069    4.57239   344%  93.0 10875s
 26976453 15231039    1.03348  102  157    1.03069    4.57222   344%  93.1 10880s
 26988767 15237594    4.35420   66  250    1.03069    4.57195   344%  93.1 10886s
 26999734 15241477    1.11430  107  194    1.03069    4.57178   344%  93.1 10890s
 27008543 15248251    2.98759   76  241    1.03069    4.57159   344%  93.1 10895s
 27020648 15252685     cutoff   94         1.03069    4.57132   344%  93.1 10900s
 27031887 15259934    1.22530  101  218    1.03069    4.57107   343%  93.1 10906s
 27041996 15264655     cutoff   99         1.03069    4.57087   343%  93.1 10911s
 27050757 15269924    1.21264  100  280    1.03069    4.57074   343%  93.1 10916s
 27060499 15275279    1.74660   70  257    1.03069    4.57060   343%  93.1 10920s
 27070304 15281000 infeasible   82         1.03069    4.57039   343%  93.1 10925s
 27082083 15287541    1.41507   83  168    1.03069    4.57012   343%  93.1 10931s
 27091415 15293473    1.65892   75  247    1.03069    4.56997   343%  93.1 10936s
 27101358 15298493    1.16577   88  232    1.03069    4.56984   343%  93.1 10940s
 27111342 15303652    1.21755  107  250    1.03069    4.56960   343%  93.1 10945s
 27120581 15308706    1.77700   81  222    1.03069    4.56941   343%  93.1 10950s
 27134041 15317684    1.57973   91  230    1.03069    4.56911   343%  93.1 10956s
 27144040 15323769    1.46145   89  216    1.03069    4.56896   343%  93.1 10961s
 27153886 15328418    1.56623   76  189    1.03069    4.56886   343%  93.1 10966s
 27163250 15332922     cutoff  103         1.03069    4.56866   343%  93.1 10970s
 27172171 15339380    1.72477   79  242    1.03069    4.56849   343%  93.1 10975s
 27183874 15347271    2.65183   74  268    1.03069    4.56829   343%  93.1 10981s
 27194833 15353139    3.06722   75  296    1.03069    4.56812   343%  93.1 10986s
 27204753 15358637     cutoff  111         1.03069    4.56798   343%  93.1 10990s
 27214314 15363390    1.76466   81  260    1.03069    4.56774   343%  93.1 10995s
 27226645 15369425     cutoff   92         1.03069    4.56744   343%  93.1 11000s
 27235934 15374538    3.26230   76  281    1.03069    4.56728   343%  93.1 11005s
 27245153 15380067    1.51692   79  274    1.03069    4.56712   343%  93.1 11010s
 27256508 15387461    1.38862   76  173    1.03069    4.56690   343%  93.1 11016s
 27265567 15392213    1.39670   74  248    1.03069    4.56671   343%  93.1 11020s
 27275367 15397766    2.57944   83  284    1.03069    4.56658   343%  93.1 11025s
 27288111 15403605    1.12831   97  215    1.03069    4.56635   343%  93.1 11031s
 27296063 15409352     cutoff  116         1.03069    4.56624   343%  93.1 11036s
 27305867 15414104    2.39117   74  293    1.03069    4.56603   343%  93.1 11041s
 27316622 15421206    2.70489   68  228    1.03069    4.56587   343%  93.1 11046s
 27326678 15425839    2.01355   75  232    1.03069    4.56562   343%  93.1 11051s
 27336763 15431955     cutoff   96         1.03069    4.56534   343%  93.1 11055s
 27346973 15437779    1.26911   86  247    1.03069    4.56514   343%  93.1 11060s
 27356550 15443749    1.07438  103  252    1.03069    4.56495   343%  93.1 11065s
 27367007 15449864    2.68363   80  256    1.03069    4.56465   343%  93.1 11070s
 27378143 15456625     cutoff  107         1.03069    4.56449   343%  93.1 11075s
 27387911 15461402    2.21199   86  307    1.03069    4.56427   343%  93.1 11080s
 27397376 15467367 infeasible   85         1.03069    4.56412   343%  93.1 11085s
 27409677 15473745    1.16559   94  289    1.03069    4.56386   343%  93.2 11091s
 27419051 15478543    1.05292  105  246    1.03069    4.56360   343%  93.2 11095s
 27428736 15482695    2.80395   80  273    1.03069    4.56345   343%  93.2 11100s
 27429115 15484089    2.19028   82  263    1.03069    4.56343   343%  93.2 11105s
 27440176 15491822    3.05317   84  275    1.03069    4.56333   343%  93.2 11110s
 27450659 15497031    4.43342   73  245    1.03069    4.56301   343%  93.2 11116s
 27460747 15502896    1.32285   93  255    1.03069    4.56278   343%  93.2 11121s
 27471855 15507938    2.85939   70  277    1.03069    4.56255   343%  93.2 11125s
 27482414 15514021     cutoff  125         1.03069    4.56235   343%  93.2 11131s
 27491965 15519734     cutoff   93         1.03069    4.56220   343%  93.2 11135s
 27502041 15525321     cutoff   97         1.03069    4.56195   343%  93.2 11140s
H27512580 15525807                       1.0310598    4.56176   342%  93.2 11146s
H27514245 15526233                       1.0311504    4.56169   342%  93.2 11148s
H27515127 15526226                       1.0311509    4.56167   342%  93.2 11149s
H27515717 15525581                       1.0311937    4.56167   342%  93.2 11150s
H27516825 15525358                       1.0312071    4.56167   342%  93.2 11151s
H27519656 15527235                       1.0312072    4.56162   342%  93.2 11153s
H27520493 15526356                       1.0312662    4.56159   342%  93.2 11154s
 27521214 15527937    2.69426   72  277    1.03127    4.56152   342%  93.2 11155s
H27521995 15527937                       1.0312663    4.56152   342%  93.2 11156s
H27523555 15530068                       1.0312713    4.56150   342%  93.2 11159s
H27523658 15529852                       1.0312854    4.56150   342%  93.2 11160s
H27525281 15529547                       1.0313074    4.56150   342%  93.2 11161s
 27533038 15534898    1.24801   84  207    1.03131    4.56139   342%  93.2 11166s
 27542817 15540696    1.16655   85  192    1.03131    4.56119   342%  93.2 11170s
 27553362 15546339    2.88638   79  290    1.03131    4.56095   342%  93.2 11175s
 27561466 15551467    1.27996  102  216    1.03131    4.56083   342%  93.2 11180s
 27574321 15559766    1.11534  101  221    1.03131    4.56055   342%  93.2 11186s
 27584234 15564582     cutoff   95         1.03131    4.56043   342%  93.2 11190s
 27592889 15569836    2.39205   65  268    1.03131    4.56027   342%  93.2 11195s
 27602421 15575087    1.17160  105  199    1.03131    4.56012   342%  93.2 11200s
 27612835 15581300    3.65204   84  268    1.03131    4.55994   342%  93.2 11205s
 27623856 15587987    1.67007   83  289    1.03131    4.55982   342%  93.2 11210s
 27632672 15593458    2.90982   77  245    1.03131    4.55956   342%  93.2 11215s
 27646060 15599514    1.87702   79  216    1.03131    4.55928   342%  93.2 11221s
 27655361 15606498    1.66052   76  268    1.03131    4.55910   342%  93.2 11225s
 27664833 15611139 infeasible   99         1.03131    4.55907   342%  93.2 11230s
 27675036 15617660    1.10552   93  212    1.03131    4.55890   342%  93.2 11235s
 27684477 15622416    1.59696   73  256    1.03131    4.55867   342%  93.2 11240s
 27690435 15625135 infeasible   96         1.03131    4.55864   342%  93.2 11245s
 27698905 15630893    1.30128   82  203    1.03131    4.55848   342%  93.2 11250s
 27710849 15638068    3.67797   62  298    1.03131    4.55820   342%  93.2 11256s
 27720233 15643338    2.27472   68  221    1.03131    4.55801   342%  93.2 11261s
 27729782 15648239    1.74157   87  269    1.03131    4.55782   342%  93.2 11265s
 27737983 15653506    1.11537  104  203    1.03131    4.55771   342%  93.2 11270s
 27747851 15659346    3.19290   80  225    1.03131    4.55755   342%  93.2 11275s
 27761392 15665887    1.34758   78  234    1.03131    4.55738   342%  93.2 11281s
 27771178 15671081    1.62483   77  214    1.03131    4.55706   342%  93.3 11286s
H27774871 15672149                       1.0313413    4.55692   342%  93.3 11288s
 27776945 15674038    1.31794   99  245    1.03134    4.55689   342%  93.3 11290s
H27785814 15677989                       1.0313480    4.55674   342%  93.3 11294s
H27785961 15677702                       1.0313698    4.55674   342%  93.3 11295s
H27788441 15671402                       1.0319186    4.55670   342%  93.3 11297s
H27790865 15672181                       1.0319671    4.55663   342%  93.3 11299s
H27791015 15666966                       1.0323091    4.55663   341%  93.3 11300s
 27800225 15671569    1.38221   93  272    1.03231    4.55651   341%  93.3 11305s
H27806816 15675264                       1.0323203    4.55633   341%  93.3 11310s
H27809543 15675221                       1.0323233    4.55632   341%  93.3 11310s
H27814165 15590901                       1.0379082    4.55619   339%  93.3 11314s
 27816149 15592926    1.75529   85  261    1.03791    4.55614   339%  93.3 11316s
H27816516 15571054                       1.0392701    4.55614   338%  93.3 11317s
H27817612 15570797                       1.0392835    4.55614   338%  93.3 11318s
H27819490 15570730                       1.0393602    4.55609   338%  93.3 11320s
H27819988 15570370                       1.0393809    4.55609   338%  93.3 11321s
H27821311 15570219                       1.0393914    4.55607   338%  93.3 11322s
H27822446 15571442                       1.0394073    4.55604   338%  93.3 11324s
 27825393 15572246    1.09348  108  215    1.03941    4.55593   338%  93.3 11326s
 27833302 15578104    1.21854   96  223    1.03941    4.55576   338%  93.3 11331s
H27833685 15577901                       1.0394197    4.55576   338%  93.3 11332s
 27840263 15581652    1.09653  101  178    1.03942    4.55564   338%  93.3 11335s
 27850035 15586784     cutoff   79         1.03942    4.55549   338%  93.3 11340s
 27862636 15594303    1.11788  103  239    1.03942    4.55536   338%  93.3 11346s
 27870994 15600417    1.33337   78  233    1.03942    4.55524   338%  93.3 11351s
 27877468 15602593 infeasible   84         1.03942    4.55515   338%  93.3 11355s
 27890106 15609266    1.31397   99  251    1.03942    4.55491   338%  93.3 11361s
H27897651 15612143                       1.0394206    4.55465   338%  93.3 11365s
 27906701 15617213    1.77556   73  279    1.03942    4.55444   338%  93.3 11370s
 27916348 15623268    2.54697   77  271    1.03942    4.55430   338%  93.3 11375s
 27926807 15627821    4.23684   78  227    1.03942    4.55406   338%  93.3 11380s
 27933846 15630078 infeasible   83         1.03942    4.55390   338%  93.3 11385s
 27936799 15633973    4.00042   81  264    1.03942    4.55384   338%  93.3 11390s
 27948946 15640046    1.22036  100  216    1.03942    4.55365   338%  93.3 11395s
 27958453 15644534    1.45907   87  212    1.03942    4.55343   338%  93.3 11400s
 27971361 15651119     cutoff   85         1.03942    4.55312   338%  93.3 11406s
 27980838 15656467 infeasible   84         1.03942    4.55288   338%  93.3 11411s
 27991127 15662256     cutoff   76         1.03942    4.55269   338%  93.3 11415s
 28001176 15667870     cutoff  124         1.03942    4.55248   338%  93.3 11420s
 28010975 15672762    4.52356   69  282    1.03942    4.55219   338%  93.3 11425s
 28021780 15678752    1.46589   89  215    1.03942    4.55189   338%  93.3 11430s
H28025722 15681048                       1.0394233    4.55189   338%  93.3 11432s
 28031494 15683828     cutoff   99         1.03942    4.55173   338%  93.3 11435s
 28041526 15690282    1.13012  103  193    1.03942    4.55159   338%  93.3 11440s
 28053882 15697507    1.10440   69  201    1.03942    4.55137   338%  93.3 11446s
 28063772 15702698    2.58524   80  272    1.03942    4.55116   338%  93.3 11450s
 28073527 15707993    1.63349   86  269    1.03942    4.55090   338%  93.3 11455s
 28085259 15713402    2.47384   67  253    1.03942    4.55068   338%  93.3 11460s
H28092276 15717587                       1.0394236    4.55055   338%  93.3 11464s
 28093889 15719481    1.17527   98  264    1.03942    4.55052   338%  93.3 11466s
 28103709 15725306 infeasible  110         1.03942    4.55036   338%  93.3 11471s
H28113773 15713494                       1.0403532    4.55012   337%  93.3 11475s
H28118340 15706625                       1.0409808    4.55005   337%  93.3 11479s
 28119746 15708426     cutoff   70         1.04098    4.55000   337%  93.3 11481s
H28120946 15708327                       1.0409870    4.55000   337%  93.3 11482s
 28125831 15712258    4.43944   80  291    1.04099    4.54988   337%  93.3 11485s
 28136086 15717745    1.10585   90  220    1.04099    4.54970   337%  93.4 11490s
H28137389 15717402                       1.0410108    4.54970   337%  93.4 11490s
 28144225 15722398     cutoff  102         1.04101    4.54956   337%  93.4 11495s
 28154482 15727512    2.02838   81  242    1.04101    4.54938   337%  93.4 11500s
 28163138 15733464    1.24198   89  202    1.04101    4.54919   337%  93.4 11505s
 28175886 15739996     cutoff   80         1.04101    4.54896   337%  93.4 11511s
 28185332 15744995    1.86092   77  286    1.04101    4.54874   337%  93.4 11516s
H28187697 15744045                       1.0410679    4.54873   337%  93.4 11516s
 28190944 15747894    4.11080   77  267    1.04107    4.54864   337%  93.4 11520s
H28198696 15750878                       1.0410693    4.54853   337%  93.4 11524s
 28200600 15752663     cutoff   98         1.04107    4.54850   337%  93.4 11525s
 28209646 15758547    1.89840   76  229    1.04107    4.54822   337%  93.4 11530s
 28220740 15763635    2.33756   68  274    1.04107    4.54800   337%  93.4 11535s
 28229404 15770486    1.30466   81  173    1.04107    4.54779   337%  93.4 11540s
 28240623 15776139     cutoff  101         1.04107    4.54767   337%  93.4 11545s
 28254251 15783193     cutoff  105         1.04107    4.54735   337%  93.4 11551s
H28260717 15787405                       1.0410802    4.54728   337%  93.4 11555s
H28267383 15790976                       1.0410830    4.54717   337%  93.4 11559s
 28269764 15791935    1.36517   85  201    1.04108    4.54712   337%  93.4 11560s
 28278470 15796861    1.05309  112  225    1.04108    4.54699   337%  93.4 11565s
 28288349 15802546    2.57852   77  310    1.04108    4.54684   337%  93.4 11570s
 28297986 15808967    1.65665   71  255    1.04108    4.54663   337%  93.4 11575s
 28308599 15814787    2.79877   74  272    1.04108    4.54647   337%  93.4 11580s
 28318502 15820473    1.81255   88  183    1.04108    4.54620   337%  93.4 11585s
 28332133 15829357    1.14765   91  176    1.04108    4.54605   337%  93.4 11591s
 28342000 15834046    1.84129   66  198    1.04108    4.54588   337%  93.4 11596s
 28350812 15839701    2.24427   71  270    1.04108    4.54564   337%  93.4 11601s
 28361373 15845631    1.10078   89  217    1.04108    4.54539   337%  93.4 11606s
 28371523 15850869     cutoff  103         1.04108    4.54522   337%  93.4 11611s
 28381241 15856343    1.19397   84  224    1.04108    4.54501   337%  93.4 11615s
 28391699 15862363    1.42185   96  213    1.04108    4.54481   337%  93.4 11620s
 28401503 15867868    1.08185  101  171    1.04108    4.54472   337%  93.4 11625s
 28411298 15872761    1.38116   86  250    1.04108    4.54445   337%  93.4 11630s
H28419595 15875482                       1.0410955    4.54429   336%  93.4 11633s
 28420241 15877367    1.32793   84  257    1.04110    4.54422   336%  93.4 11635s
 28429413 15882222    1.61236   87  278    1.04110    4.54407   336%  93.4 11640s
 28441639 15890288    1.26282   91  218    1.04110    4.54386   336%  93.4 11646s
 28449298 15893996    1.19306  105  172    1.04110    4.54382   336%  93.4 11650s
 28463307 15899250    1.54410   78  239    1.04110    4.54345   336%  93.4 11656s
 28463395 15899614    1.53375   78  255    1.04110    4.54344   336%  93.4 11660s
 28473342 15906811    1.87072   72  271    1.04110    4.54336   336%  93.4 11666s
 28482633 15911455    1.36765   77  250    1.04110    4.54314   336%  93.4 11671s
 28491930 15916270    3.24600   80  273    1.04110    4.54293   336%  93.4 11675s
 28501557 15921577    1.53433   82  258    1.04110    4.54271   336%  93.4 11680s
 28512695 15928074    1.59903   78  271    1.04110    4.54255   336%  93.4 11685s
 28520988 15933982    2.13382   93  229    1.04110    4.54231   336%  93.4 11690s
 28534449 15940491 infeasible   71         1.04110    4.54202   336%  93.4 11696s
 28543716 15944456    1.76478   83  206    1.04110    4.54183   336%  93.4 11700s
 28553527 15949127     cutoff  101         1.04110    4.54160   336%  93.4 11705s
 28562999 15953738    1.11886  100  199    1.04110    4.54139   336%  93.4 11710s
 28572491 15960402    1.14394  105  191    1.04110    4.54119   336%  93.5 11715s
 28583347 15965542    1.14349   82  229    1.04110    4.54105   336%  93.5 11720s
H28583848 15965452                       1.0411007    4.54105   336%  93.5 11721s
 28589359 15968477    1.43732   92  196    1.04110    4.54090   336%  93.5 11725s
H28601282 15972239                       1.0411665    4.54067   336%  93.5 11730s
H28606432 15973651                       1.0412107    4.54053   336%  93.5 11734s
 28607162 15975684     cutoff   87         1.04121    4.54053   336%  93.5 11736s
 28617201 15980403 infeasible  109         1.04121    4.54026   336%  93.5 11740s
 28626421 15985728    1.11962  103  291    1.04121    4.54012   336%  93.5 11745s
 28636975 15991360    1.17464   82  275    1.04121    4.53989   336%  93.5 11750s
 28646955 15995737    1.38601   92  246    1.04121    4.53969   336%  93.5 11756s
 28655941 16001173    1.07922  108  223    1.04121    4.53947   336%  93.5 11760s
 28666680 16005541 infeasible   72         1.04121    4.53927   336%  93.5 11765s
 28671354 16007484    2.60016   76  251    1.04121    4.53913   336%  93.5 11770s
 28682558 16013108 infeasible  101         1.04121    4.53883   336%  93.5 11775s
 28692731 16019285    1.14116   90  188    1.04121    4.53863   336%  93.5 11780s
 28702951 16024630    1.29654   83  188    1.04121    4.53841   336%  93.5 11785s
 28712496 16030341    1.40993   81  265    1.04121    4.53828   336%  93.5 11790s
 28724563 16036713    2.92897   85  259    1.04121    4.53801   336%  93.5 11796s
H28726653 16036633                       1.0412147    4.53801   336%  93.5 11797s
 28731007 16039623    1.67530   78  257    1.04121    4.53786   336%  93.5 11800s
 28740841 16045802    1.35572   83  217    1.04121    4.53766   336%  93.5 11805s
 28753479 16053383    1.19639   90  166    1.04121    4.53744   336%  93.5 11811s
 28761697 16059278    2.79206   73  284    1.04121    4.53736   336%  93.5 11815s
 28771553 16064943    1.05267   99  184    1.04121    4.53720   336%  93.5 11820s
 28780312 16071033    1.44010   86  226    1.04121    4.53704   336%  93.5 11825s
 28789731 16076450    2.75781   81  241    1.04121    4.53697   336%  93.5 11830s
 28804336 16083183     cutoff   88         1.04121    4.53670   336%  93.5 11836s
 28814805 16089500    2.49654   87  274    1.04121    4.53646   336%  93.5 11841s
 28824634 16094607    1.21357   96  218    1.04121    4.53629   336%  93.5 11846s
 28833984 16099611     cutoff   95         1.04121    4.53601   336%  93.5 11850s
 28843020 16104542    2.56573   73  278    1.04121    4.53585   336%  93.5 11855s
 28853404 16109769 infeasible   90         1.04121    4.53565   336%  93.5 11860s
 28863044 16115424    1.51238   87  208    1.04121    4.53548   336%  93.5 11865s
 28874083 16121345    1.29626   82  179    1.04121    4.53526   336%  93.5 11870s
 28886129 16128987    1.75451   84  229    1.04121    4.53505   336%  93.5 11876s
 28894292 16132437    2.12646   84  259    1.04121    4.53496   336%  93.5 11880s
 28905689 16138525 infeasible   68         1.04121    4.53465   336%  93.5 11886s
 28911622 16141056    1.35662   85  232    1.04121    4.53452   336%  93.5 11890s
 28924385 16146518    1.28100   89  262    1.04121    4.53423   335%  93.5 11896s
 28930222 16150520    1.11610   89  203    1.04121    4.53415   335%  93.6 11900s
 28941937 16155802    3.49891   74  288    1.04121    4.53389   335%  93.6 11905s
 28948240 16157329    2.56292   77  243    1.04121    4.53378   335%  93.6 11910s
 28951982 16162080    2.76689   73  290    1.04121    4.53371   335%  93.6 11916s
H28962042 16164760                       1.0412263    4.53347   335%  93.6 11920s
 28971616 16172997 infeasible  105         1.04123    4.53335   335%  93.6 11926s
 28982078 16178259    3.40596   83  266    1.04123    4.53319   335%  93.6 11930s
 28991467 16182989    4.36715   67  304    1.04123    4.53296   335%  93.6 11936s
 29001671 16188466    1.25782   98  199    1.04123    4.53280   335%  93.6 11940s
 29011541 16194413     cutoff   98         1.04123    4.53263   335%  93.6 11945s
H29017556 16191188                       1.0415136    4.53252   335%  93.6 11947s
 29022113 16194802     cutoff   71         1.04151    4.53243   335%  93.6 11950s
H29024141 16194798                       1.0415137    4.53243   335%  93.6 11951s
H29027708 16196689                       1.0415277    4.53238   335%  93.6 11954s
 29028319 16198503    2.28094   82  226    1.04153    4.53229   335%  93.6 11956s
H29028509 16198374                       1.0415339    4.53229   335%  93.6 11957s
 29033784 16202392    1.16515   95  212    1.04153    4.53218   335%  93.6 11961s
 29043949 16207743    1.06755  101  228    1.04153    4.53208   335%  93.6 11965s
H29049786 16211441                       1.0415353    4.53198   335%  93.6 11969s
 29053494 16213092     cutoff   98         1.04154    4.53198   335%  93.6 11971s
 29061932 16218153     cutoff  102         1.04154    4.53179   335%  93.6 11975s
 29072200 16223719    1.06437   99  143    1.04154    4.53157   335%  93.6 11980s
H29072602 16223428                       1.0415536    4.53157   335%  93.6 11981s
 29077648 16227332 infeasible  103         1.04155    4.53157   335%  93.6 11985s
 29089715 16233680    1.19884   76  183    1.04155    4.53146   335%  93.6 11991s
 29099231 16238997 infeasible   87         1.04155    4.53125   335%  93.6 11996s
 29109189 16244832    1.09489  104  240    1.04155    4.53099   335%  93.6 12001s
 29120443 16250320    1.37563   82  238    1.04155    4.53072   335%  93.6 12006s
H29120509 16250294                       1.0415546    4.53072   335%  93.6 12007s
 29126021 16254001    1.51330   82  321    1.04155    4.53065   335%  93.6 12010s
 29136710 16259617     cutoff   90         1.04155    4.53047   335%  93.6 12015s
 29146310 16264386    3.07015   66  285    1.04155    4.53029   335%  93.6 12020s
 29158059 16271338    3.04012   78  272    1.04155    4.53001   335%  93.6 12026s
 29168775 16276171    1.06962   85  178    1.04155    4.52981   335%  93.6 12030s
 29179364 16281598     cutoff   92         1.04155    4.52955   335%  93.6 12036s
 29188641 16286938 infeasible   77         1.04155    4.52936   335%  93.6 12040s
H29198325 16290956                       1.0415607    4.52920   335%  93.6 12044s
 29198966 16292333    1.07500   83  231    1.04156    4.52913   335%  93.6 12046s
H29200069 16292320                       1.0415616    4.52913   335%  93.6 12047s
H29203419 16294531                       1.0415788    4.52912   335%  93.6 12050s
H29206162 16296592                       1.0415803    4.52900   335%  93.6 12052s
H29206449 16295503                       1.0416450    4.52900   335%  93.6 12053s
 29212118 16298133    3.17049   69  284    1.04165    4.52888   335%  93.6 12056s
 29222069 16302373    2.71600   77  255    1.04165    4.52866   335%  93.6 12061s
 29231566 16308266    1.48685   84  223    1.04165    4.52849   335%  93.6 12066s
H29242632 16294261                       1.0426474    4.52833   334%  93.6 12071s
 29249020 16299420    1.08993   96  235    1.04265    4.52815   334%  93.6 12075s
 29258977 16305564    1.34712   94  279    1.04265    4.52800   334%  93.6 12080s
 29267844 16309902    1.74907   86  233    1.04265    4.52783   334%  93.6 12085s
 29278238 16314937     cutoff  105         1.04265    4.52760   334%  93.6 12090s
 29290102 16323453    1.51624   80  229    1.04265    4.52743   334%  93.6 12096s
 29299300 16328383    4.25247   64  266    1.04265    4.52730   334%  93.6 12100s
 29312501 16334747    1.32623   71  195    1.04265    4.52702   334%  93.6 12106s
 29322158 16339964     cutoff  105         1.04265    4.52686   334%  93.6 12110s
 29332851 16345741     cutoff   93         1.04265    4.52662   334%  93.6 12116s
 29342728 16352596    1.74215   81  256    1.04265    4.52653   334%  93.6 12121s
 29352243 16357995     cutoff  123         1.04265    4.52633   334%  93.6 12125s
 29361963 16362915    1.07151   90  221    1.04265    4.52617   334%  93.6 12130s
 29371795 16368793    1.17596   77  214    1.04265    4.52597   334%  93.6 12135s
 29380479 16374127     cutoff   93         1.04265    4.52584   334%  93.6 12140s
 29390407 16379402     cutoff  102         1.04265    4.52570   334%  93.6 12145s
 29401090 16386505     cutoff   90         1.04265    4.52547   334%  93.6 12150s
 29410420 16390997    1.05433   92  215    1.04265    4.52530   334%  93.6 12155s
 29423816 16398298 infeasible   82         1.04265    4.52509   334%  93.6 12161s
 29433314 16403400    1.05962   93  223    1.04265    4.52492   334%  93.6 12165s
 29439190 16404859    3.34525   81  292    1.04265    4.52473   334%  93.7 12170s
 29442272 16409235    1.22466  110  168    1.04265    4.52470   334%  93.7 12175s
 29453648 16414070     cutoff   89         1.04265    4.52444   334%  93.7 12181s
 29463727 16418763    3.01752   84  204    1.04265    4.52429   334%  93.7 12186s
 29473327 16423960    2.58474   79  238    1.04265    4.52404   334%  93.7 12190s
 29484179 16430414    1.08260  100  215    1.04265    4.52379   334%  93.7 12195s
 29494162 16436019    1.14503  106  168    1.04265    4.52364   334%  93.7 12200s
 29503801 16440704    2.55921   72  232    1.04265    4.52344   334%  93.7 12205s
 29514484 16447340    1.80510   78  263    1.04265    4.52316   334%  93.7 12210s
H29522722 16450877                       1.0426501    4.52310   334%  93.7 12214s
 29524097 16453040    1.51950   96  262    1.04265    4.52302   334%  93.7 12216s
 29533603 16458811    1.62898   80  224    1.04265    4.52292   334%  93.7 12220s
 29544653 16464015    2.58769   90  271    1.04265    4.52262   334%  93.7 12226s
 29554655 16468623    2.58262   76  257    1.04265    4.52241   334%  93.7 12230s
 29564447 16474971    1.95088   87  254    1.04265    4.52237   334%  93.7 12236s
 29573932 16479905    1.11637  104  170    1.04265    4.52228   334%  93.7 12240s
 29583226 16485271    1.05793  102  210    1.04265    4.52204   334%  93.7 12245s
 29591831 16491210    1.16396   87  213    1.04265    4.52190   334%  93.7 12250s
 29605039 16499132    1.14240   93  181    1.04265    4.52167   334%  93.7 12256s
 29614967 16503440    1.08690  106  195    1.04265    4.52150   334%  93.7 12260s
 29624187 16508444    2.93585   70  286    1.04265    4.52137   334%  93.7 12265s
 29634398 16513762    1.35561   94  240    1.04265    4.52117   334%  93.7 12270s
 29642963 16519684    1.10821   99  227    1.04265    4.52100   334%  93.7 12275s
 29655903 16523861    3.48854   73  297    1.04265    4.52074   334%  93.7 12281s
 29659866 16528202    1.58987   78  235    1.04265    4.52067   334%  93.7 12286s
 29669054 16532971    1.15724   91  192    1.04265    4.52042   334%  93.7 12290s
 29681746 16540547    1.33834   88  249    1.04265    4.52020   334%  93.7 12296s
 29690999 16546661    1.63478   77  231    1.04265    4.52002   334%  93.7 12300s
 29700531 16551581    1.34369   87  301    1.04265    4.51991   334%  93.7 12305s
 29710307 16556439    1.98000   93  235    1.04265    4.51972   333%  93.7 12310s
 29718931 16562961    1.10693   91  205    1.04265    4.51965   333%  93.7 12315s
 29731985 16569480    1.22293   96  205    1.04265    4.51936   333%  93.7 12321s
 29741739 16575322    3.13860   69  258    1.04265    4.51922   333%  93.7 12326s
 29751452 16580311    1.18966  101  197    1.04265    4.51905   333%  93.7 12330s
 29762678 16588176    3.96405   76  292    1.04265    4.51885   333%  93.7 12336s
 29772485 16594281    2.63149   78  275    1.04265    4.51872   333%  93.7 12341s
 29781968 16599425    1.81703   76  240    1.04265    4.51855   333%  93.7 12345s
 29791234 16605430    1.56641   85  251    1.04265    4.51852   333%  93.7 12350s
 29802013 16612649    2.93139   69  257    1.04265    4.51841   333%  93.7 12356s
 29810828 16616842 infeasible   89         1.04265    4.51824   333%  93.7 12360s
 29821446 16623074    2.78977   78  249    1.04265    4.51797   333%  93.7 12365s
 29831268 16629349    3.67409   90  294    1.04265    4.51788   333%  93.7 12370s
 29844025 16634952    1.30418   92  272    1.04265    4.51760   333%  93.8 12376s
 29852951 16640261    1.42531   86  230    1.04265    4.51739   333%  93.8 12380s
 29865863 16646326     cutoff   90         1.04265    4.51716   333%  93.8 12386s
 29875122 16651547    3.10109   85  210    1.04265    4.51700   333%  93.8 12391s
 29884752 16655725    2.14466   81  240    1.04265    4.51676   333%  93.8 12395s
 29893149 16662248 infeasible   95         1.04265    4.51659   333%  93.8 12400s
 29903189 16667078    1.28333  103  202    1.04265    4.51652   333%  93.8 12405s
 29916730 16674413    4.32855   65  263    1.04265    4.51631   333%  93.8 12411s
 29923226 16677651    1.06127  100  192    1.04265    4.51617   333%  93.8 12415s
 29936773 16685274    1.06256   94  187    1.04265    4.51586   333%  93.8 12421s
 29946141 16690421    1.24688   98  232    1.04265    4.51578   333%  93.8 12426s
 29955085 16694142    1.23121   99  242    1.04265    4.51567   333%  93.8 12431s
 29955750 16695318    1.17368  101  258    1.04265    4.51565   333%  93.8 12435s
 29965495 16701954    1.64953   82  290    1.04265    4.51542   333%  93.8 12440s
 29975793 16707336    1.88439   74  226    1.04265    4.51520   333%  93.8 12445s
 29985680 16712730    1.82277   81  267    1.04265    4.51512   333%  93.8 12450s
 29995235 16718946    1.27232  101  210    1.04265    4.51491   333%  93.8 12455s
 30007601 16725734    1.71758   77  255    1.04265    4.51471   333%  93.8 12461s
 30017324 16730451    1.09999  105  255    1.04265    4.51448   333%  93.8 12466s
 30027420 16736134     cutoff  104         1.04265    4.51430   333%  93.8 12470s
 30038348 16740998     cutoff   91         1.04265    4.51404   333%  93.8 12475s
 30047649 16744910    1.14167   81  229    1.04265    4.51388   333%  93.8 12480s
 30057115 16749401    2.95241   87  302    1.04265    4.51373   333%  93.8 12485s
 30069243 16756523    2.13236   77  283    1.04265    4.51343   333%  93.8 12491s
 30076449 16760593    3.14143   74  269    1.04265    4.51329   333%  93.8 12495s
 30087097 16765554    1.56664   89  207    1.04265    4.51305   333%  93.8 12500s
 30099900 16773026    1.42533   93  266    1.04265    4.51279   333%  93.8 12506s
 30109810 16779793    1.14724   94  219    1.04265    4.51262   333%  93.8 12511s
 30119408 16785612     cutoff  107         1.04265    4.51250   333%  93.8 12515s
 30130102 16790807    1.52764   87  268    1.04265    4.51229   333%  93.8 12520s
 30140226 16797224     cutoff   63         1.04265    4.51216   333%  93.8 12525s
 30150340 16801810    1.10459  100  243    1.04265    4.51204   333%  93.8 12530s
 30162032 16808867    1.54376   78  223    1.04265    4.51176   333%  93.8 12536s
 30171303 16813563    2.24335   85  200    1.04265    4.51156   333%  93.8 12540s
 30180688 16818492 infeasible   96         1.04265    4.51138   333%  93.8 12545s
 30191364 16823315    1.07142  105  209    1.04265    4.51118   333%  93.8 12550s
 30201616 16828168    1.14114   96  194    1.04265    4.51092   333%  93.8 12555s
 30213960 16836869     cutoff  133         1.04265    4.51075   333%  93.8 12561s
 30223615 16841235    3.38966   83  280    1.04265    4.51066   333%  93.8 12565s
 30232707 16848113    1.72776   85  243    1.04265    4.51050   333%  93.8 12570s
 30244660 16855318     cutoff   86         1.04265    4.51033   333%  93.9 12576s
 30254116 16860119    1.60194   71  226    1.04265    4.51018   333%  93.9 12581s
 30264292 16865238    1.10508   88  275    1.04265    4.51000   333%  93.9 12586s
 30273863 16871383    2.01293   73  278    1.04265    4.50980   333%  93.9 12591s
 30279739 16877111 infeasible   90         1.04265    4.50980   333%  93.9 12595s
H30288002 16867785                       1.0434328    4.50973   332%  93.9 12599s
 30292339 16869362    1.15748   94  254    1.04343    4.50964   332%  93.9 12601s
 30302255 16874678    1.69970   89  234    1.04343    4.50940   332%  93.9 12606s
H30304269 16874125                       1.0434649    4.50939   332%  93.9 12607s
 30308417 16878280    3.39562   57  270    1.04346    4.50928   332%  93.9 12611s
 30320357 16883535    1.08926   99  196    1.04346    4.50911   332%  93.9 12616s
 30330007 16888558    3.27584   75  298    1.04346    4.50891   332%  93.9 12621s
 30339792 16894468    1.35474   77  206    1.04346    4.50866   332%  93.9 12626s
 30350631 16899471    1.14911  101  202    1.04346    4.50851   332%  93.9 12631s
 30360960 16905783    1.33845   87  270    1.04346    4.50835   332%  93.9 12636s
 30369832 16911378    1.37112   81  238    1.04346    4.50817   332%  93.9 12641s
 30380738 16916498     cutoff  101         1.04346    4.50799   332%  93.9 12646s
 30390802 16921148     cutoff   82         1.04346    4.50782   332%  93.9 12651s
 30400599 16925032    1.28196   76  192    1.04346    4.50768   332%  93.9 12655s
 30400842 16926168    1.06946   81  145    1.04346    4.50767   332%  93.9 12660s
 30409972 16933284    1.35905   99  253    1.04346    4.50762   332%  93.9 12666s
H30417603 16936228                       1.0434804    4.50749   332%  93.9 12670s
H30417720 16936103                       1.0434881    4.50749   332%  93.9 12670s
 30427175 16941263    1.25826   89  229    1.04349    4.50729   332%  93.9 12675s
H30432354 16944147                       1.0434884    4.50728   332%  93.9 12678s
 30434940 16946070    4.39389   72  275    1.04349    4.50720   332%  93.9 12680s
 30444092 16950311 infeasible   79         1.04349    4.50705   332%  93.9 12685s
 30453934 16955653    4.37674   74  270    1.04349    4.50687   332%  93.9 12690s
 30463540 16961032     cutoff  100         1.04349    4.50666   332%  93.9 12695s
 30474789 16968124     cutoff   81         1.04349    4.50654   332%  93.9 12701s
 30484078 16972919    1.17151   88  226    1.04349    4.50633   332%  93.9 12705s
H30489002 16974457                       1.0435117    4.50625   332%  93.9 12708s
 30493304 16977574    1.66805   72  269    1.04351    4.50617   332%  93.9 12711s
H30503031 16980362                       1.0435370    4.50596   332%  93.9 12715s
 30509773 16986521    1.06114   83  122    1.04354    4.50581   332%  93.9 12720s
 30522277 16994268    1.06836   85  187    1.04354    4.50565   332%  93.9 12726s
 30533551 16999486     cutoff  103         1.04354    4.50543   332%  93.9 12731s
 30543177 17005209    1.29783   93  221    1.04354    4.50523   332%  93.9 12735s
 30553079 17010427    2.76595   74  246    1.04354    4.50510   332%  93.9 12740s
 30564952 17017427     cutoff   83         1.04354    4.50482   332%  93.9 12746s
 30574199 17022929    4.21047   69  264    1.04354    4.50466   332%  93.9 12750s
 30582802 17027713     cutoff   94         1.04354    4.50456   332%  93.9 12755s
 30594139 17034329    1.49897   82  287    1.04354    4.50435   332%  93.9 12761s
 30604554 17040444    1.18868   83  193    1.04354    4.50420   332%  93.9 12765s
 30614234 17046769    3.47417   80  274    1.04354    4.50402   332%  93.9 12770s
 30622355 17052207    1.18769  100  214    1.04354    4.50400   332%  93.9 12775s
 30632949 17058592    1.81657   68  264    1.04354    4.50386   332%  93.9 12780s
 30637603 17060358 infeasible   69         1.04354    4.50380   332%  93.9 12785s
 30646331 17066630 infeasible   85         1.04354    4.50366   332%  93.9 12790s
 30659473 17073696    1.70921   74  256    1.04354    4.50348   332%  93.9 12796s
 30669094 17078600    3.45288   78  274    1.04354    4.50323   332%  93.9 12800s
 30680068 17085212    1.39466   77  218    1.04354    4.50298   332%  94.0 12805s
H30683404 17082226                       1.0437172    4.50296   331%  94.0 12806s
H30683828 17082549                       1.0437725    4.50296   331%  94.0 12809s
 30686015 17084591    4.28836   73  250    1.04377    4.50291   331%  94.0 12810s
H30686810 17084139                       1.0437984    4.50291   331%  94.0 12811s
 30691573 17088112    2.34860   76  225    1.04380    4.50286   331%  94.0 12815s
H30697589 17089176                       1.0438044    4.50275   331%  94.0 12817s
H30700225 17091404                       1.0438117    4.50272   331%  94.0 12820s
 30707954 17097203    1.87852   91  266    1.04381    4.50261   331%  94.0 12825s
 30719155 17102943    1.05962   96  212    1.04381    4.50237   331%  94.0 12830s
 30732374 17109568 infeasible  110         1.04381    4.50209   331%  94.0 12836s
 30739813 17115268    1.94635   87  264    1.04381    4.50200   331%  94.0 12840s
H30740786 17115171                       1.0438196    4.50200   331%  94.0 12841s
H30745659 17117566                       1.0438306    4.50194   331%  94.0 12845s
 30754595 17123212 infeasible  115         1.04383    4.50182   331%  94.0 12850s
 30764920 17129757    1.44648   91  291    1.04383    4.50160   331%  94.0 12855s
 30772795 17135481    1.40941   94  255    1.04383    4.50147   331%  94.0 12860s
 30782931 17141033    4.10252   74  238    1.04383    4.50135   331%  94.0 12865s
 30797146 17148474    1.38031  108  183    1.04383    4.50109   331%  94.0 12871s
 30805338 17154660    1.92128   87  226    1.04383    4.50101   331%  94.0 12876s
 30815274 17160050    1.39171   74  217    1.04383    4.50084   331%  94.0 12881s
 30826048 17166470 infeasible   89         1.04383    4.50073   331%  94.0 12885s
 30835211 17171294    1.95062   75  266    1.04383    4.50064   331%  94.0 12890s
 30844037 17177396    1.48738   84  284    1.04383    4.50041   331%  94.0 12895s
 30854314 17182336    4.38997   75  255    1.04383    4.50023   331%  94.0 12900s
 30865360 17188810    1.25754   84  213    1.04383    4.50004   331%  94.0 12905s
 30874096 17193818    3.07649   84  289    1.04383    4.49987   331%  94.0 12910s
 30884258 17196855    1.75734   86  236    1.04383    4.49968   331%  94.0 12915s
 30884321 17213749    1.72909   87  237    1.04383    4.49968   331%  94.0 12928s
 30916321 17215646     cutoff   98         1.04383    4.49919   331%  94.0 12930s
 30929623 17222180    3.83709   84  262    1.04383    4.49895   331%  94.0 12936s
 30939462 17227073    1.80460   78  280    1.04383    4.49875   331%  94.0 12940s
 30949525 17232189     cutoff   92         1.04383    4.49855   331%  94.0 12945s
 30962467 17239538    1.18931   87  281    1.04383    4.49829   331%  94.0 12951s
H30966917 17239093                       1.0439656    4.49823   331%  94.0 12953s
 30968417 17240812    2.17291   71  241    1.04397    4.49819   331%  94.0 12955s
H30968885 17240810                       1.0439656    4.49819   331%  94.0 12956s
 30977792 17246214     cutoff   71         1.04397    4.49802   331%  94.0 12960s
H30978815 17246145                       1.0439694    4.49802   331%  94.0 12961s
 30987904 17251230    1.10923  109  233    1.04397    4.49789   331%  94.0 12966s
 30997266 17255691    2.36023   84  275    1.04397    4.49770   331%  94.0 12971s
 31005457 17261687     cutoff   98         1.04397    4.49757   331%  94.0 12976s
 31016490 17268579    1.06145  109  207    1.04397    4.49735   331%  94.0 12981s
 31026324 17273059    1.29778   85  285    1.04397    4.49716   331%  94.0 12985s
H31034891 17272369                       1.0442121    4.49708   331%  94.0 12989s
 31036030 17273471     cutoff   93         1.04421    4.49706   331%  94.0 12991s
H31036427 17273298                       1.0442219    4.49706   331%  94.0 12992s
H31037427 17272172                       1.0442885    4.49705   331%  94.0 12993s
H31039114 17273027                       1.0442892    4.49699   331%  94.0 12996s
H31039264 17272042                       1.0443422    4.49699   331%  94.0 12997s
 31046065 17275310    2.16588   69  283    1.04434    4.49687   331%  94.0 13001s
H31051592 17277601                       1.0443469    4.49677   331%  94.0 13003s
H31052008 17277278                       1.0443648    4.49677   331%  94.0 13004s
 31053106 17278973    1.17737   91  263    1.04436    4.49673   331%  94.0 13006s
 31063157 17283638    4.02808   78  227    1.04436    4.49646   331%  94.0 13011s
H31069608 17285806                       1.0443776    4.49638   331%  94.0 13014s
 31069858 17288236    4.23444   85  285    1.04438    4.49635   331%  94.0 13015s
 31077983 17293572     cutoff  104         1.04438    4.49625   331%  94.0 13021s
H31087062 17297268                       1.0444258    4.49609   330%  94.0 13025s
H31090661 17297335                       1.0444799    4.49605   330%  94.0 13027s
 31095080 17300787    1.05375   99  181    1.04448    4.49594   330%  94.0 13030s
H31104688 17305410                       1.0444953    4.49584   330%  94.0 13035s
H31104852 17306324                       1.0445173    4.49584   330%  94.0 13037s
 31110543 17309964     cutoff   78         1.04452    4.49574   330%  94.0 13041s
 31120992 17314917 infeasible  106         1.04452    4.49557   330%  94.0 13045s
 31129707 17321114    2.05239   74  207    1.04452    4.49545   330%  94.0 13050s
 31139388 17325885    1.86302   89  163    1.04452    4.49527   330%  94.1 13055s
 31148581 17331623    1.05136   79  190    1.04452    4.49510   330%  94.1 13060s
 31161706 17338338     cutoff   70         1.04452    4.49486   330%  94.1 13066s
 31171619 17343962    1.05088   98  176    1.04452    4.49465   330%  94.1 13070s
H31173179 17343719                       1.0445302    4.49465   330%  94.1 13071s
 31181177 17347630    2.75241   77  253    1.04453    4.49452   330%  94.1 13076s
 31189597 17354115    1.21491  102  221    1.04453    4.49441   330%  94.1 13081s
 31199565 17358664    4.05071   80  260    1.04453    4.49425   330%  94.1 13086s
 31210127 17363823    1.38183   85  245    1.04453    4.49400   330%  94.1 13091s
 31219726 17368754    1.05463   95  157    1.04453    4.49386   330%  94.1 13095s
 31229342 17374827     cutoff   96         1.04453    4.49359   330%  94.1 13100s
 31240681 17379582    1.12197   90  288    1.04453    4.49342   330%  94.1 13105s
 31250750 17384974    1.18130   93  257    1.04453    4.49323   330%  94.1 13110s
 31260445 17391075    1.93842   84  246    1.04453    4.49305   330%  94.1 13115s
 31269578 17396040    1.27868   79  299    1.04453    4.49297   330%  94.1 13120s
 31280135 17401817    1.35785   78  264    1.04453    4.49280   330%  94.1 13125s
 31292581 17409303    1.19838   94  212    1.04453    4.49253   330%  94.1 13131s
 31302348 17415011 infeasible   93         1.04453    4.49240   330%  94.1 13136s
 31311676 17420189    3.77944   74  281    1.04453    4.49217   330%  94.1 13140s
 31321288 17425348    1.56281   82  258    1.04453    4.49198   330%  94.1 13145s
 31331058 17429986    1.04968   80  194    1.04453    4.49178   330%  94.1 13150s
 31340793 17434883    1.08106   94  238    1.04453    4.49152   330%  94.1 13155s
 31351810 17440613 infeasible   97         1.04453    4.49128   330%  94.1 13160s
 31361244 17446036     cutoff  114         1.04453    4.49114   330%  94.1 13165s
 31374427 17453842    1.10446  102  154    1.04453    4.49092   330%  94.1 13171s
 31383874 17458559    1.07122  111  213    1.04453    4.49069   330%  94.1 13175s
 31386519 17458867    2.50030   74  266    1.04453    4.49066   330%  94.1 13180s
 31392927 17464798    1.48973   81  264    1.04453    4.49053   330%  94.1 13186s
 31404071 17471414    1.58684   78  196    1.04453    4.49040   330%  94.1 13191s
 31414025 17476616    1.30052   87  229    1.04453    4.49029   330%  94.1 13195s
 31423350 17481072    1.84351   69  228    1.04453    4.49006   330%  94.1 13200s
 31435590 17487956    1.16862   90  162    1.04453    4.48978   330%  94.1 13206s
 31444895 17493758    1.55582   86  252    1.04453    4.48967   330%  94.1 13211s
 31456008 17498816    1.69997   85  255    1.04453    4.48939   330%  94.1 13215s
 31465785 17503017     cutoff  100         1.04453    4.48922   330%  94.1 13220s
 31476444 17508387     cutoff  115         1.04453    4.48896   330%  94.1 13226s
 31485439 17513533 infeasible   76         1.04453    4.48874   330%  94.1 13230s
 31495693 17519264    2.22010   76  249    1.04453    4.48858   330%  94.1 13236s
 31505102 17524989    1.16929  105  202    1.04453    4.48847   330%  94.1 13240s
 31514935 17529815    2.76421   77  249    1.04453    4.48827   330%  94.1 13245s
 31524581 17535461    3.39019   79  293    1.04453    4.48811   330%  94.1 13250s
 31537443 17542820    1.04733  113  170    1.04453    4.48791   330%  94.1 13256s
 31547058 17547633    1.25597   96  205    1.04453    4.48773   330%  94.1 13261s
 31556435 17552934     cutoff   91         1.04453    4.48764   330%  94.1 13265s
 31566035 17557357    1.30986   92  206    1.04453    4.48745   330%  94.2 13270s
 31575826 17562137    1.96996   80  226    1.04453    4.48721   330%  94.2 13275s
 31584860 17566806    1.30376   93  230    1.04453    4.48703   330%  94.2 13280s
 31595790 17571995    1.43550   97  291    1.04453    4.48689   330%  94.2 13285s
 31605280 17577274    1.18657   90  291    1.04453    4.48668   330%  94.2 13290s
 31617404 17585086     cutoff  104         1.04453    4.48653   330%  94.2 13296s
 31626975 17589796     cutoff   98         1.04453    4.48629   330%  94.2 13301s
 31636660 17594340    3.65339   67  257    1.04453    4.48609   329%  94.2 13305s
 31649611 17602772    1.18948   90  261    1.04453    4.48593   329%  94.2 13311s
 31659155 17606861    1.57248   79  264    1.04453    4.48578   329%  94.2 13316s
 31667801 17612868    1.54391   72  202    1.04453    4.48561   329%  94.2 13321s
 31674437 17614936    1.05162  105  173    1.04453    4.48548   329%  94.2 13325s
 31682840 17621126 infeasible  104         1.04453    4.48531   329%  94.2 13331s
 31692297 17626765    1.86294   76  250    1.04453    4.48515   329%  94.2 13335s
 31701964 17632328    1.74672   69  267    1.04453    4.48501   329%  94.2 13340s
 31713918 17639002     cutoff   90         1.04453    4.48474   329%  94.2 13346s
 31723822 17644115    1.54000   95  178    1.04453    4.48459   329%  94.2 13350s
 31731996 17650505    1.06019  106  216    1.04453    4.48454   329%  94.2 13355s
 31745341 17657938    1.62320   87  213    1.04453    4.48434   329%  94.2 13361s
 31754982 17662292    2.83227   78  252    1.04453    4.48414   329%  94.2 13365s
 31764577 17667928    1.62065   84  226    1.04453    4.48399   329%  94.2 13370s
 31777199 17675904    1.05793   92  247    1.04453    4.48378   329%  94.2 13376s
 31787684 17681368    1.45918   94  255    1.04453    4.48360   329%  94.2 13381s
 31796528 17687680    1.44664   78  243    1.04453    4.48345   329%  94.2 13386s
 31807132 17693804    1.31023   78  289    1.04453    4.48328   329%  94.2 13391s
 31818038 17698624    4.47474   70  305    1.04453    4.48306   329%  94.2 13396s
 31827846 17703758    1.16706   94  233    1.04453    4.48289   329%  94.2 13400s
 31837720 17709008    1.12775  105  234    1.04453    4.48273   329%  94.2 13405s
 31850260 17715723    1.24844  102  196    1.04453    4.48253   329%  94.2 13411s
 31858895 17720604    2.50882   72  300    1.04453    4.48240   329%  94.2 13416s
 31868816 17725915    1.06304   98  194    1.04453    4.48226   329%  94.2 13420s
H31871112 17725860                       1.0445332    4.48226   329%  94.2 13421s
 31876623 17730607    1.35384   84  192    1.04453    4.48215   329%  94.2 13425s
 31880314 17730786    3.52299   79  305    1.04453    4.48212   329%  94.2 13430s
 31885197 17735700    1.10111   87  256    1.04453    4.48205   329%  94.2 13435s
 31895589 17740661    2.59325   75  256    1.04453    4.48191   329%  94.2 13440s
 31907555 17748160    1.39672   91  212    1.04453    4.48172   329%  94.2 13446s
 31917713 17753726    1.57650   89  273    1.04453    4.48162   329%  94.2 13450s
 31928945 17758043    1.40272   85  240    1.04453    4.48141   329%  94.2 13455s
 31938268 17763419    1.14605  102  219    1.04453    4.48122   329%  94.2 13460s
 31950506 17770585    1.54182   83  217    1.04453    4.48103   329%  94.2 13466s
 31956804 17774599    2.34863   74  187    1.04453    4.48090   329%  94.2 13470s
 31971517 17782807    1.31930   91  249    1.04453    4.48074   329%  94.2 13476s
 31981676 17787671    3.55510   78  237    1.04453    4.48057   329%  94.2 13481s
 31992011 17793371    1.40180   91  241    1.04453    4.48045   329%  94.2 13485s
 32001766 17798573    1.22952   89  245    1.04453    4.48029   329%  94.2 13490s
 32011248 17804898    1.06109  113  209    1.04453    4.48016   329%  94.2 13496s
 32019662 17809945 infeasible   74         1.04453    4.48002   329%  94.2 13500s
 32029057 17815728    1.38042   92  238    1.04453    4.47986   329%  94.2 13505s
 32043155 17822961    4.21896   76  269    1.04453    4.47967   329%  94.2 13511s
 32050358 17826198    1.15858   99  206    1.04453    4.47950   329%  94.2 13515s
 32063428 17832955     cutoff  115         1.04453    4.47928   329%  94.2 13521s
H32070536 17836662                       1.0445410    4.47917   329%  94.3 13525s
 32078618 17842357    2.74462   80  228    1.04454    4.47899   329%  94.3 13530s
 32092764 17849373    1.55394   72  235    1.04454    4.47874   329%  94.3 13536s
 32102644 17854952    2.02256   96  242    1.04454    4.47865   329%  94.3 13541s
 32112351 17860339    1.52854   85  266    1.04454    4.47848   329%  94.3 13546s
 32121118 17866642    1.79459   92  291    1.04454    4.47839   329%  94.3 13550s
 32131208 17872176    1.12491   96  246    1.04454    4.47825   329%  94.3 13555s
 32144282 17879122    1.09343  102  235    1.04454    4.47804   329%  94.3 13561s
 32153800 17883951    2.19456   81  255    1.04454    4.47789   329%  94.3 13565s
 32162962 17888805    4.35295   74  256    1.04454    4.47767   329%  94.3 13570s
 32172689 17894422    3.21287   66  246    1.04454    4.47754   329%  94.3 13575s
 32182968 17899359    1.51310   73  259    1.04454    4.47735   329%  94.3 13580s
 32193120 17904179    1.11861   97  209    1.04454    4.47718   329%  94.3 13585s
H32198059 17905722                       1.0445419    4.47710   329%  94.3 13587s
 32202333 17909064     cutoff   87         1.04454    4.47699   329%  94.3 13590s
 32212549 17914990     cutoff  112         1.04454    4.47679   329%  94.3 13595s
H32215673 17914904                       1.0445469    4.47676   329%  94.3 13597s
 32219087 17917602 infeasible   96         1.04455    4.47671   329%  94.3 13600s
 32229240 17922953    1.87871   76  259    1.04455    4.47651   329%  94.3 13605s
 32239277 17928654    1.74229   71  213    1.04455    4.47635   329%  94.3 13610s
 32249853 17934494    1.29433   90  240    1.04455    4.47616   329%  94.3 13615s
 32262881 17940841    2.98963   77  242    1.04455    4.47588   328%  94.3 13620s
 32272355 17946678    2.03052   74  188    1.04455    4.47577   328%  94.3 13625s
 32281910 17951489    1.06175  102  231    1.04455    4.47559   328%  94.3 13630s
 32292170 17957849    3.68533   81  234    1.04455    4.47542   328%  94.3 13635s
 32302211 17963623    1.45318   89  223    1.04455    4.47536   328%  94.3 13640s
 32311470 17968432    3.39110   79  258    1.04455    4.47515   328%  94.3 13645s
 32322118 17975560    2.91294   74  270    1.04455    4.47505   328%  94.3 13650s
 32332211 17981406     cutoff  106         1.04455    4.47487   328%  94.3 13655s
 32340877 17986023    1.55133   81  225    1.04455    4.47473   328%  94.3 13660s
 32354882 17993192 infeasible  104         1.04455    4.47454   328%  94.3 13666s
 32364420 17998406    1.24499   89  281    1.04455    4.47436   328%  94.3 13671s
 32374075 18004595    2.67092   77  270    1.04455    4.47423   328%  94.3 13675s
 32383859 18009679    1.09271   98  217    1.04455    4.47407   328%  94.3 13681s
 32388048 18010413     cutoff  104         1.04455    4.47398   328%  94.3 13686s
 32395255 18016405    1.40870   92  207    1.04455    4.47386   328%  94.3 13691s
 32404517 18019907     cutoff  115         1.04455    4.47366   328%  94.3 13695s
 32415377 18026692    1.07946   99  194    1.04455    4.47349   328%  94.3 13700s
 32428120 18034530 infeasible   85         1.04455    4.47334   328%  94.3 13706s
 32437886 18039060    2.35902   81  251    1.04455    4.47311   328%  94.3 13711s
 32447208 18044547    1.18058   98  211    1.04455    4.47291   328%  94.3 13715s
 32455643 18051090    1.60488   79  217    1.04455    4.47283   328%  94.3 13720s
 32466139 18056319    1.49221   79  248    1.04455    4.47276   328%  94.3 13725s
 32478250 18062317    1.06862   99  165    1.04455    4.47250   328%  94.3 13731s
 32487513 18067481    1.59884   83  278    1.04455    4.47234   328%  94.3 13735s
 32497889 18073379     cutoff  103         1.04455    4.47221   328%  94.3 13740s
 32509488 18078256    1.29367   86  261    1.04455    4.47198   328%  94.3 13745s
 32519630 18083392    1.13739  100  200    1.04455    4.47178   328%  94.3 13750s
 32528623 18089935    1.42411   83  241    1.04455    4.47165   328%  94.3 13755s
 32540445 18094676    2.60532   73  256    1.04455    4.47152   328%  94.3 13760s
 32553988 18100936    1.22338   76  298    1.04455    4.47126   328%  94.3 13766s
 32564254 18108175    1.52866   80  161    1.04455    4.47112   328%  94.3 13771s
 32573716 18113275    1.30124   86  177    1.04455    4.47105   328%  94.3 13776s
 32584307 18117792    1.26754   91  249    1.04455    4.47087   328%  94.3 13781s
 32593660 18122776    2.62859   82  216    1.04455    4.47068   328%  94.3 13785s
 32601907 18127315     cutoff   90         1.04455    4.47052   328%  94.4 13790s
 32614744 18133907    2.79544   73  232    1.04455    4.47029   328%  94.4 13796s
 32624219 18139490    3.45334   66  263    1.04455    4.47017   328%  94.4 13801s
 32634439 18144070     cutoff   84         1.04455    4.46999   328%  94.4 13805s
 32644458 18149450    1.05780   78  144    1.04455    4.46981   328%  94.4 13810s
 32656520 18156171    2.70509   81  286    1.04455    4.46957   328%  94.4 13816s
 32667317 18160945    3.38496   72  226    1.04455    4.46938   328%  94.4 13821s
 32677053 18165637     cutoff   91         1.04455    4.46921   328%  94.4 13826s
 32686305 18171355    1.20113  101  232    1.04455    4.46905   328%  94.4 13831s
 32695043 18175792    2.81712   84  265    1.04455    4.46892   328%  94.4 13835s
 32704740 18181536    2.32211   81  199    1.04455    4.46875   328%  94.4 13840s
 32717546 18189630    1.22179   86  277    1.04455    4.46858   328%  94.4 13846s
 32725389 18192435    1.12905  108  187    1.04455    4.46847   328%  94.4 13851s
 32729378 18196867    1.57586   92  276    1.04455    4.46836   328%  94.4 13855s
 32741296 18201596    1.13886   82  242    1.04455    4.46816   328%  94.4 13860s
 32751235 18207346    2.31540   84  220    1.04455    4.46795   328%  94.4 13865s
 32761656 18213226    1.46717   86  243    1.04455    4.46779   328%  94.4 13870s
 32771439 18219886    1.25997   80  205    1.04455    4.46767   328%  94.4 13875s
 32780967 18223038 infeasible  114         1.04455    4.46760   328%  94.4 13880s
 32793101 18231308 infeasible   63         1.04455    4.46742   328%  94.4 13886s
 32802827 18237277    1.36349   95  176    1.04455    4.46727   328%  94.4 13891s
 32813892 18241661    1.04933   94  262    1.04455    4.46706   328%  94.4 13895s
 32824001 18246707    1.71437   99  260    1.04455    4.46688   328%  94.4 13900s
 32835939 18253755    1.30156   92  201    1.04455    4.46673   328%  94.4 13906s
 32845344 18259333     cutoff   99         1.04455    4.46657   328%  94.4 13910s
 32855107 18265498    1.11284   96  224    1.04455    4.46638   328%  94.4 13915s
 32866062 18270121    1.79035   80  276    1.04455    4.46627   328%  94.4 13920s
 32866366 18271215    1.66404   81  263    1.04455    4.46627   328%  94.4 13925s
 32875747 18276714    1.10428  102  270    1.04455    4.46609   328%  94.4 13930s
 32886504 18282296    1.65070   79  283    1.04455    4.46590   328%  94.4 13935s
 32897323 18286797    1.52439   90  237    1.04455    4.46569   328%  94.4 13940s
 32909816 18293545    2.74100   87  270    1.04455    4.46544   328%  94.4 13946s
 32919988 18298925    1.05443   98  249    1.04455    4.46533   327%  94.4 13951s
 32929379 18303927    2.41967   77  221    1.04455    4.46522   327%  94.4 13956s
 32939241 18308938    2.97147   72  237    1.04455    4.46505   327%  94.4 13960s
 32949202 18313082    2.16672   68  241    1.04455    4.46489   327%  94.4 13965s
 32958976 18319555    1.12916   89  184    1.04455    4.46472   327%  94.4 13971s
 32969309 18325449    1.65610   77  251    1.04455    4.46459   327%  94.4 13975s
 32979278 18331287    1.75050   91  193    1.04455    4.46444   327%  94.4 13980s
 32992395 18336963     cutoff   83         1.04455    4.46415   327%  94.4 13986s
 33000828 18342827    1.05621  105  198    1.04455    4.46401   327%  94.4 13991s
 33011083 18348061    1.39812   94  208    1.04455    4.46381   327%  94.4 13996s
 33021978 18353625    1.11905   81  217    1.04455    4.46369   327%  94.4 14000s
 33031850 18359509    1.99949   68  276    1.04455    4.46351   327%  94.4 14005s
 33041835 18364926    3.44698   76  253    1.04455    4.46334   327%  94.4 14010s
 33053881 18372861    1.60940   84  202    1.04455    4.46319   327%  94.4 14015s
 33062658 18377185    4.17006   77  249    1.04455    4.46308   327%  94.4 14020s
 33071849 18382693     cutoff  100         1.04455    4.46287   327%  94.4 14025s
 33082686 18388437     cutoff   91         1.04455    4.46273   327%  94.4 14030s
 33096307 18396772    2.05983   82  272    1.04455    4.46252   327%  94.4 14036s
 33107085 18402230     cutoff   99         1.04455    4.46236   327%  94.4 14041s
 33116122 18408105    1.60734   93  244    1.04455    4.46226   327%  94.4 14046s
 33126773 18412566    1.37014   78  160    1.04455    4.46204   327%  94.4 14050s
 33135950 18417029    2.28413   70  253    1.04455    4.46186   327%  94.5 14055s
 33149292 18425034    1.12942   98  209    1.04455    4.46164   327%  94.5 14061s
 33159115 18430762    4.04626   77  250    1.04455    4.46154   327%  94.5 14066s
 33169106 18435712     cutoff  100         1.04455    4.46130   327%  94.5 14071s
 33178297 18441848     cutoff   81         1.04455    4.46114   327%  94.5 14075s
 33189356 18447603    1.15216   99  210    1.04455    4.46101   327%  94.5 14080s
 33199810 18453635    1.05369   93  227    1.04455    4.46088   327%  94.5 14085s
 33209113 18458956    3.49403   63  285    1.04455    4.46073   327%  94.5 14090s
 33222214 18465259    1.16500   83  200    1.04455    4.46048   327%  94.5 14096s
 33230637 18470994    2.88050   71  271    1.04455    4.46039   327%  94.5 14100s
 33239764 18476817    1.06557   73  220    1.04455    4.46028   327%  94.5 14105s
 33250640 18482037    1.99896   75  239    1.04455    4.46006   327%  94.5 14110s
 33261529 18488682    1.33329   90  258    1.04455    4.46005   327%  94.5 14116s
 33270994 18495015    1.46772   82  293    1.04455    4.45979   327%  94.5 14120s
 33282479 18500333    3.14240   78  251    1.04455    4.45968   327%  94.5 14125s
 33292941 18506020    1.83240   85  194    1.04455    4.45947   327%  94.5 14130s
 33306016 18512972    2.53010   94  262    1.04455    4.45924   327%  94.5 14136s
 33315833 18518465    1.14305   91  184    1.04455    4.45906   327%  94.5 14141s
 33324335 18524568    1.07225  115  199    1.04455    4.45896   327%  94.5 14146s
 33334257 18529928    1.33258  103  253    1.04455    4.45886   327%  94.5 14150s
 33343164 18535146     cutoff   77         1.04455    4.45864   327%  94.5 14155s
 33352562 18539907 infeasible   97         1.04455    4.45850   327%  94.5 14160s
 33365656 18545862    1.09553   94  172    1.04455    4.45822   327%  94.5 14165s
 33374371 18551364    1.52418   79  194    1.04455    4.45811   327%  94.5 14170s
 33382922 18555693 infeasible  108         1.04455    4.45792   327%  94.5 14175s
 33393284 18558841     cutoff   80         1.04455    4.45767   327%  94.5 14180s
 33394266 18560345    1.34291   74  258    1.04455    4.45767   327%  94.5 14185s
 33405020 18565894 infeasible   99         1.04455    4.45752   327%  94.5 14190s
 33417847 18572288    1.47585   76  221    1.04455    4.45728   327%  94.5 14196s
 33426941 18577641    1.45967   77  261    1.04455    4.45710   327%  94.5 14201s
 33435620 18582910    2.60395   71  255    1.04455    4.45698   327%  94.5 14205s
 33448406 18589480    1.40490   75  192    1.04455    4.45685   327%  94.5 14211s
 33457741 18595901    1.45216   94  205    1.04455    4.45675   327%  94.5 14215s
 33467475 18600816 infeasible   76         1.04455    4.45651   327%  94.5 14221s
 33479006 18604663    1.20752   93  291    1.04455    4.45630   327%  94.5 14225s
 33489751 18610794    1.12929   75  137    1.04455    4.45613   327%  94.5 14230s
 33498903 18615704    2.77228   82  237    1.04455    4.45604   327%  94.5 14235s
 33511339 18622206    1.06268  103  258    1.04455    4.45580   327%  94.5 14241s
 33520915 18628033    1.74298   83  257    1.04455    4.45560   327%  94.5 14245s
 33531451 18634544    1.07023  101  213    1.04455    4.45547   327%  94.5 14250s
 33541408 18639819    1.48254   89  263    1.04455    4.45525   327%  94.5 14255s
 33551319 18645087    1.60815   87  248    1.04455    4.45508   327%  94.5 14260s
 33562010 18650383    2.60087   72  285    1.04455    4.45492   326%  94.5 14265s
 33572157 18656277    1.40675   83  219    1.04455    4.45480   326%  94.5 14270s
 33582180 18661814 infeasible  106         1.04455    4.45461   326%  94.5 14275s
 33593623 18669658    1.45295   80  309    1.04455    4.45439   326%  94.5 14281s
 33604066 18674668     cutoff   87         1.04455    4.45430   326%  94.5 14286s
 33612863 18679550    1.50741   77  286    1.04455    4.45407   326%  94.5 14290s
 33623703 18685837    2.12243   70  257    1.04455    4.45392   326%  94.5 14295s
 33633378 18691203     cutoff   91         1.04455    4.45374   326%  94.5 14300s
 33643122 18696820     cutoff   74         1.04455    4.45357   326%  94.5 14305s
 33656849 18705446    1.57721   75  229    1.04455    4.45329   326%  94.5 14311s
 33667531 18710872    1.10479  110  223    1.04455    4.45322   326%  94.5 14316s
 33676162 18715579     cutoff  100         1.04455    4.45307   326%  94.6 14321s
 33685554 18720756    3.13735   77  288    1.04455    4.45293   326%  94.6 14325s
 33695218 18725644 infeasible  104         1.04455    4.45274   326%  94.6 14330s
 33704984 18730773     cutoff  100         1.04455    4.45254   326%  94.6 14335s
 33716789 18737036    2.70975   79  281    1.04455    4.45236   326%  94.6 14340s
 33726254 18742505    3.84165   82  266    1.04455    4.45214   326%  94.6 14345s
 33736493 18746472    1.46566   76  221    1.04455    4.45201   326%  94.6 14350s
 33736545 18763884    1.42547   77  214    1.04455    4.45201   326%  94.6 14362s
 33772145 18767126    3.24001   74  267    1.04455    4.45138   326%  94.6 14365s
 33785412 18773692     cutoff   91         1.04455    4.45116   326%  94.6 14371s
 33795118 18779351    1.10272  110  237    1.04455    4.45095   326%  94.6 14375s
 33808241 18786132    1.05832   91  217    1.04455    4.45071   326%  94.6 14381s
 33818108 18792287    1.45602  107  231    1.04455    4.45056   326%  94.6 14386s
 33828100 18798363    2.83224   99  241    1.04455    4.45047   326%  94.6 14390s
 33838195 18803467    2.69169   82  271    1.04455    4.45025   326%  94.6 14395s
 33851048 18810257    1.46785   90  225    1.04455    4.44999   326%  94.6 14401s
 33860670 18815653    1.48417  111  260    1.04455    4.44987   326%  94.6 14405s
 33869609 18821014     cutoff   75         1.04455    4.44973   326%  94.6 14410s
 33883445 18828380    1.16706  101  240    1.04455    4.44949   326%  94.6 14416s
 33893212 18832875    1.07105   79  248    1.04455    4.44933   326%  94.6 14421s
 33893757 18834922    1.40761   80  235    1.04455    4.44933   326%  94.6 14426s
 33900668 18838608 infeasible  103         1.04455    4.44924   326%  94.6 14431s
 33913049 18844967    1.89440   82  301    1.04455    4.44904   326%  94.6 14436s
 33922983 18851899    1.07784   94  263    1.04455    4.44886   326%  94.6 14441s
 33933579 18857351    1.23841   86  233    1.04455    4.44876   326%  94.6 14446s
 33943826 18862230    2.50018   88  276    1.04455    4.44862   326%  94.6 14451s
 33950258 18865767    1.23935   77  222    1.04455    4.44850   326%  94.6 14455s
 33959815 18872312     cutoff   87         1.04455    4.44829   326%  94.6 14460s
 33971242 18877054    1.71970   76  271    1.04455    4.44811   326%  94.6 14465s
 33980886 18882609    1.79624   74  252    1.04455    4.44799   326%  94.6 14470s
 33994545 18890938    1.11718   92  247    1.04455    4.44777   326%  94.6 14476s
 34004052 18896596    2.61665   84  225    1.04455    4.44761   326%  94.6 14480s
 34014055 18902677    2.67808   85  243    1.04455    4.44743   326%  94.6 14485s
 34024447 18908356    1.64303   89  184    1.04455    4.44727   326%  94.6 14490s
 34038216 18915469    1.07046  101  230    1.04455    4.44698   326%  94.6 14496s
 34044259 18920352    1.33270   93  173    1.04455    4.44689   326%  94.6 14500s
 34059113 18926170    1.51423   79  252    1.04455    4.44668   326%  94.6 14506s
 34069255 18931135    1.13703   92  160    1.04455    4.44649   326%  94.6 14510s
 34078542 18936493    1.39876   92  277    1.04455    4.44630   326%  94.6 14515s
 34090048 18943396    1.06899  104  212    1.04455    4.44610   326%  94.6 14521s
 34099932 18950142    1.30141   87  281    1.04455    4.44596   326%  94.6 14526s
 34109830 18955129     cutoff  106         1.04455    4.44596   326%  94.6 14530s
 34119436 18960162    1.12504   91  225    1.04455    4.44572   326%  94.6 14535s
 34129097 18964708     cutoff  104         1.04455    4.44561   326%  94.6 14540s
 34138051 18969914    1.91476   73  231    1.04455    4.44535   326%  94.6 14545s
 34152319 18976341    1.06656  100  226    1.04455    4.44511   326%  94.6 14551s
 34161186 18983491    2.86362   81  263    1.04455    4.44499   326%  94.6 14556s
 34171017 18988105 infeasible   91         1.04455    4.44486   326%  94.6 14561s
 34181364 18993129     cutoff   86         1.04455    4.44475   326%  94.6 14566s
 34191042 18997946    1.74371   76  274    1.04455    4.44450   325%  94.6 14570s
 34199743 19004545    4.01496   78  257    1.04455    4.44437   325%  94.6 14575s
 34210344 19009734    1.07417   94  182    1.04455    4.44411   325%  94.6 14580s
 34220343 19015523    1.84965   82  237    1.04455    4.44400   325%  94.7 14585s
 34229664 19021827    2.20747   86  257    1.04455    4.44381   325%  94.7 14591s
 34240726 19026718     cutoff  112         1.04455    4.44361   325%  94.7 14595s
 34250340 19031347    2.00813   76  255    1.04455    4.44342   325%  94.7 14600s
 34259762 19036764    2.58023   80  285    1.04455    4.44324   325%  94.7 14605s
 34270928 19042218     cutoff   93         1.04455    4.44313   325%  94.7 14610s
 34280368 19047303     cutoff  105         1.04455    4.44292   325%  94.7 14615s
 34292275 19053651    1.32918   81  242    1.04455    4.44273   325%  94.7 14621s
 34301719 19059091    1.70177   86  284    1.04455    4.44257   325%  94.7 14625s
 34311485 19063578    1.42985   84  261    1.04455    4.44240   325%  94.7 14630s
 34321161 19068077    1.23605   97  270    1.04455    4.44220   325%  94.7 14635s
 34330987 19073152    2.53161   62  252    1.04455    4.44202   325%  94.7 14640s
 34340806 19078622    1.46493   87  299    1.04455    4.44189   325%  94.7 14645s
 34351513 19084362    1.09626  107  201    1.04455    4.44171   325%  94.7 14651s
 34361993 19090390    3.12812   81  257    1.04455    4.44161   325%  94.7 14656s
 34371895 19095943    2.47697   71  304    1.04455    4.44140   325%  94.7 14660s
 34380692 19100763    2.98334   75  252    1.04455    4.44120   325%  94.7 14665s
 34393610 19108621    1.31241  106  210    1.04455    4.44107   325%  94.7 14671s
 34402502 19114630     cutoff  108         1.04455    4.44101   325%  94.7 14675s
 34412188 19120258    3.07170   73  230    1.04455    4.44083   325%  94.7 14680s
 34416117 19120636     cutoff  103         1.04455    4.44077   325%  94.7 14685s
 34421568 19126191     cutoff   90         1.04455    4.44068   325%  94.7 14690s
 34433658 19131555    1.22286   97  238    1.04455    4.44049   325%  94.7 14695s
 34442802 19137165    3.67982   65  293    1.04455    4.44037   325%  94.7 14700s
 34454159 19143458    1.23566  111  212    1.04455    4.44020   325%  94.7 14706s
 34463854 19148419    2.25985   85  245    1.04455    4.43999   325%  94.7 14710s
 34475000 19154852    2.13578   75  187    1.04455    4.43989   325%  94.7 14716s
 34484778 19161042    2.41046   91  231    1.04455    4.43975   325%  94.7 14720s
 34493546 19166607    1.07424  101  183    1.04455    4.43964   325%  94.7 14725s
 34505812 19174098    3.52315   80  264    1.04455    4.43951   325%  94.7 14731s
 34515629 19178432    1.38528   84  213    1.04455    4.43933   325%  94.7 14736s
 34525389 19184670    1.57921   91  177    1.04455    4.43919   325%  94.7 14741s
 34534933 19190738    2.75050   76  224    1.04455    4.43908   325%  94.7 14746s
 34545832 19195936    2.68698   75  241    1.04455    4.43895   325%  94.7 14751s
 34556033 19201747     cutoff   98         1.04455    4.43874   325%  94.7 14756s
 34565982 19208156    1.54162   88  220    1.04455    4.43859   325%  94.7 14761s
 34575835 19214142    1.64582   76  257    1.04455    4.43842   325%  94.7 14766s
 34586546 19219690 infeasible   95         1.04455    4.43830   325%  94.7 14771s
 34596146 19225717    1.33858   95  237    1.04455    4.43818   325%  94.7 14775s
 34605936 19230293    2.31093   87  241    1.04455    4.43808   325%  94.7 14780s
 34618415 19237401    4.01543   70  253    1.04455    4.43787   325%  94.7 14786s
 34628071 19242598     cutoff   79         1.04455    4.43776   325%  94.7 14791s
 34637523 19247194    4.33227   78  277    1.04455    4.43758   325%  94.7 14796s
 34646091 19253627    1.24737  102  217    1.04455    4.43746   325%  94.7 14801s
 34656155 19258897    1.61586   80  270    1.04455    4.43739   325%  94.7 14805s
 34665134 19264147    2.47386   76  238    1.04455    4.43712   325%  94.7 14810s
 34679018 19272257    1.68260   70  265    1.04455    4.43696   325%  94.7 14816s
 34686250 19277361 infeasible  103         1.04455    4.43687   325%  94.7 14820s
 34699967 19285161    1.58519   80  282    1.04455    4.43667   325%  94.7 14826s
 34709405 19289944    1.15529  108  239    1.04455    4.43661   325%  94.7 14831s
 34719600 19294869    1.32989   82  271    1.04455    4.43645   325%  94.7 14836s
 34729467 19301848     cutoff   72         1.04455    4.43633   325%  94.7 14841s
 34739084 19308352    1.07465   80  286    1.04455    4.43621   325%  94.7 14846s
 34748815 19311716    1.05080  103  166    1.04455    4.43600   325%  94.7 14851s
 34752485 19316224     cutoff  120         1.04455    4.43597   325%  94.7 14856s
 34763257 19322029    2.07537   76  257    1.04455    4.43577   325%  94.7 14861s
 34773071 19328401 infeasible  103         1.04455    4.43565   325%  94.7 14866s
 34784429 19334245    1.32587   88  278    1.04455    4.43549   325%  94.7 14871s
 34794515 19337974    1.55475   91  262    1.04455    4.43531   325%  94.7 14875s
 34804311 19344128 infeasible  104         1.04455    4.43512   325%  94.7 14881s
 34813665 19349795 infeasible   88         1.04455    4.43498   325%  94.7 14885s
 34822673 19354421     cutoff  101         1.04455    4.43490   325%  94.7 14890s
 34831912 19359268     cutoff   81         1.04455    4.43469   325%  94.8 14895s
 34841802 19363895 infeasible  104         1.04455    4.43446   325%  94.8 14900s
 34851041 19369401     cutoff  119         1.04455    4.43436   325%  94.8 14905s
 34860553 19374517     cutoff   96         1.04455    4.43419   325%  94.8 14910s
 34873169 19380455    1.06009  102  252    1.04455    4.43394   324%  94.8 14916s
 34883175 19385193    2.23346   84  245    1.04455    4.43381   324%  94.8 14920s
 34892572 19391271    1.32008   95  213    1.04455    4.43364   324%  94.8 14925s
 34902273 19396899    1.25401   90  151    1.04455    4.43355   324%  94.8 14930s
 34909078 19398188    1.20324   99  222    1.04455    4.43346   324%  94.8 14935s
 34912112 19401076     cutoff  100         1.04455    4.43345   324%  94.8 14940s
 34922296 19406687    1.33330   97  231    1.04455    4.43323   324%  94.8 14945s
 34931823 19412283    1.61634   76  230    1.04455    4.43311   324%  94.8 14951s
 34942480 19417807    1.87583   92  248    1.04455    4.43295   324%  94.8 14956s
 34952857 19425616     cutoff  101         1.04455    4.43289   324%  94.8 14961s
 34962477 19431591    1.42432   92  181    1.04455    4.43276   324%  94.8 14966s
 34972662 19436953     cutoff   91         1.04455    4.43259   324%  94.8 14970s
 34982068 19441584    2.42736   81  277    1.04455    4.43242   324%  94.8 14976s
 34991854 19446478    1.16691   92  277    1.04455    4.43224   324%  94.8 14980s
 35002418 19450711    1.89079   68  203    1.04455    4.43207   324%  94.8 14985s
 35012540 19456130    1.31914   79  291    1.04455    4.43193   324%  94.8 14990s
 35024084 19464498    1.23260   77  263    1.04455    4.43176   324%  94.8 14996s
 35034126 19469359    1.13026  101  166    1.04455    4.43158   324%  94.8 15000s
 35043965 19475340 infeasible   84         1.04455    4.43141   324%  94.8 15005s
 35053137 19481190    1.89642   77  238    1.04455    4.43125   324%  94.8 15010s
 35066728 19489033     cutoff  102         1.04455    4.43118   324%  94.8 15016s
 35076867 19494344    1.32121   96  230    1.04455    4.43099   324%  94.8 15020s
 35086351 19500455    1.61176   90  217    1.04455    4.43087   324%  94.8 15025s
 35095797 19506721    3.22529   83  264    1.04455    4.43073   324%  94.8 15030s
 35104966 19512545    1.34536   75  248    1.04455    4.43066   324%  94.8 15035s
 35115487 19518871    2.53440   82  266    1.04455    4.43049   324%  94.8 15040s
 35128458 19525934 infeasible   99         1.04455    4.43033   324%  94.8 15046s
 35137728 19531697    2.52704   87  246    1.04455    4.43020   324%  94.8 15051s
 35148063 19537070    1.31188   88  262    1.04455    4.43013   324%  94.8 15055s
 35157784 19542168    1.17006  106  198    1.04455    4.42993   324%  94.8 15060s
 35167304 19546951     cutoff  106         1.04455    4.42973   324%  94.8 15065s
 35175502 19553066     cutoff   81         1.04455    4.42962   324%  94.8 15070s
 35189137 19560724    3.52886   74  260    1.04455    4.42942   324%  94.8 15076s
 35199929 19566220    1.14504  113  254    1.04455    4.42927   324%  94.8 15081s
 35209759 19570918    1.12859   92  220    1.04455    4.42907   324%  94.8 15086s
 35219443 19575841    1.37715   85  291    1.04455    4.42898   324%  94.8 15091s
 35229821 19581656    1.16080   93  221    1.04455    4.42870   324%  94.8 15096s
 35239727 19587685    1.12361   81  265    1.04455    4.42860   324%  94.8 15100s
 35249526 19593636    1.09515  107  238    1.04455    4.42846   324%  94.8 15105s
 35260256 19599675    1.06072  106  189    1.04455    4.42828   324%  94.8 15110s
 35270535 19604685    1.28035   75  249    1.04455    4.42811   324%  94.8 15115s
 35280248 19610069    1.44880   76  197    1.04455    4.42799   324%  94.8 15120s
 35289781 19615502    1.22538   98  235    1.04455    4.42785   324%  94.8 15125s
 35303285 19623765    1.11334  102  197    1.04455    4.42767   324%  94.8 15131s
 35313062 19629434    1.08735  106  156    1.04455    4.42754   324%  94.8 15135s
 35322862 19635847    1.15667  103  246    1.04455    4.42743   324%  94.8 15140s
 35336123 19642190     cutoff   79         1.04455    4.42718   324%  94.8 15146s
 35345570 19647137    2.16632   60  216    1.04455    4.42707   324%  94.8 15150s
 35354117 19652860    1.78848   87  190    1.04455    4.42687   324%  94.8 15155s
 35364420 19658803    1.54459   72  266    1.04455    4.42676   324%  94.8 15160s
 35374386 19663971    2.45046   87  225    1.04455    4.42655   324%  94.8 15165s
 35385052 19669340     cutoff   99         1.04455    4.42637   324%  94.8 15170s
 35398568 19674103    1.62642   91  240    1.04455    4.42614   324%  94.8 15176s
 35399135 19675871    1.38621  106  225    1.04455    4.42613   324%  94.8 15181s
 35408675 19682467    2.54338   95  283    1.04455    4.42603   324%  94.8 15186s
 35418626 19686781     cutoff  107         1.04455    4.42583   324%  94.8 15191s
 35428256 19692632    1.58339   81  279    1.04455    4.42576   324%  94.8 15195s
 35438954 19696940    1.12085   94  207    1.04455    4.42559   324%  94.8 15200s
 35448785 19702508    1.34474  107  264    1.04455    4.42540   324%  94.8 15205s
 35458951 19708322    2.79529   88  269    1.04455    4.42526   324%  94.8 15210s
 35470772 19714983    1.12810  101  200    1.04455    4.42512   324%  94.8 15216s
 35479941 19719778     cutoff   92         1.04455    4.42497   324%  94.8 15221s
 35489465 19725139    1.37928   87  248    1.04455    4.42479   324%  94.8 15226s
 35500940 19731110    3.79716   73  273    1.04455    4.42462   324%  94.8 15231s
 35510655 19736943    1.15898  102  200    1.04455    4.42450   324%  94.8 15235s
 35520737 19742950    1.07913  107  213    1.04455    4.42435   324%  94.8 15240s
 35533363 19750686    4.14551   71  234    1.04455    4.42424   324%  94.8 15245s
 35541506 19755797    1.07756  106  218    1.04455    4.42408   324%  94.8 15250s
 35554259 19762519    1.41143   88  258    1.04455    4.42391   324%  94.9 15256s
 35564155 19768144     cutoff  100         1.04455    4.42378   324%  94.9 15260s
 35573171 19773549    1.09889   95  259    1.04455    4.42367   324%  94.9 15265s
 35583162 19778351    3.99714   82  277    1.04455    4.42358   323%  94.9 15270s
 35594077 19784300    1.31140   81  227    1.04455    4.42339   323%  94.9 15275s
 35603184 19789815    1.10850   97  175    1.04455    4.42326   323%  94.9 15280s
 35617135 19797025    1.40936   81  210    1.04455    4.42299   323%  94.9 15286s
 35626138 19801432    2.90582   89  241    1.04455    4.42287   323%  94.9 15290s
 35635889 19807657    1.85496   83  250    1.04455    4.42273   323%  94.9 15295s
 35649058 19813473 infeasible   84         1.04455    4.42249   323%  94.9 15301s
 35658437 19818857    1.58505   77  213    1.04455    4.42228   323%  94.9 15306s
 35668036 19824422     cutoff  109         1.04455    4.42218   323%  94.9 15310s
 35678001 19829850    1.32668   68  219    1.04455    4.42199   323%  94.9 15315s
 35688091 19835657 infeasible   94         1.04455    4.42180   323%  94.9 15320s
 35698256 19841148    1.39693   89  192    1.04455    4.42162   323%  94.9 15325s
 35708836 19846922    1.14882   85  201    1.04455    4.42152   323%  94.9 15330s
 35719848 19853288    1.55831   80  212    1.04455    4.42134   323%  94.9 15335s
 35728651 19858497    1.90410   72  244    1.04455    4.42120   323%  94.9 15340s
 35738530 19863437    1.34299   88  256    1.04455    4.42099   323%  94.9 15345s
 35750972 19870577     cutoff  102         1.04455    4.42081   323%  94.9 15350s
 35760783 19875386    1.94261   87  246    1.04455    4.42061   323%  94.9 15355s
 35769647 19881631    1.23753   87  201    1.04455    4.42049   323%  94.9 15360s
 35776541 19885814    1.41672   75  243    1.04455    4.42045   323%  94.9 15366s
 35787198 19892153    1.36644   81  245    1.04455    4.42030   323%  94.9 15371s
 35797249 19897512    1.07649  105  247    1.04455    4.42018   323%  94.9 15376s
 35803093 19901250    1.22262   86  251    1.04455    4.42008   323%  94.9 15380s
 35817938 19907305    1.16532   88  231    1.04455    4.41986   323%  94.9 15386s
 35826735 19912391    1.42038   77  222    1.04455    4.41971   323%  94.9 15391s
 35836263 19917456    1.49134   83  226    1.04455    4.41952   323%  94.9 15395s
 35846245 19922539     cutoff  108         1.04455    4.41935   323%  94.9 15400s
 35856223 19928219 infeasible   92         1.04455    4.41931   323%  94.9 15405s
 35866836 19933736    1.65377   89  220    1.04455    4.41907   323%  94.9 15410s
 35876838 19938761 infeasible  107         1.04455    4.41893   323%  94.9 15415s
 35890148 19945681    1.10559  112  186    1.04455    4.41875   323%  94.9 15421s
 35897291 19947797 infeasible   72         1.04455    4.41863   323%  94.9 15426s
 35900587 19951455     cutoff  103         1.04455    4.41857   323%  94.9 15431s
 35908137 19954882    1.37350   88  258    1.04455    4.41841   323%  94.9 15435s
 35918807 19961489    1.49349   90  254    1.04455    4.41823   323%  94.9 15440s
 35928413 19967986    1.06613   81  278    1.04455    4.41817   323%  94.9 15445s
 35939166 19973302    1.83893   84  264    1.04455    4.41800   323%  94.9 15450s
 35949145 19979096    1.13474   94  224    1.04455    4.41783   323%  94.9 15455s
 35960419 19985286    2.72658   85  250    1.04455    4.41769   323%  94.9 15460s
 35969281 19991395    1.20852   99  213    1.04455    4.41758   323%  94.9 15465s
 35979437 19997354    1.65983   81  263    1.04455    4.41738   323%  94.9 15470s
 35992856 20004578    1.50070   73  252    1.04455    4.41717   323%  94.9 15476s
 36002115 20009301    2.04776   74  277    1.04455    4.41702   323%  94.9 15481s
 36011841 20015186     cutoff   82         1.04455    4.41693   323%  94.9 15485s
 36022535 20019784    1.71158   88  253    1.04455    4.41670   323%  94.9 15490s
 36031702 20025514    1.19739   97  235    1.04455    4.41654   323%  94.9 15495s
 36041909 20030561    2.09323   79  243    1.04455    4.41633   323%  94.9 15500s
 36051682 20035241     cutoff   69         1.04455    4.41617   323%  94.9 15505s
 36063736 20043773    1.07593   97  202    1.04455    4.41604   323%  94.9 15511s
 36074598 20047856    1.31283   79  211    1.04455    4.41597   323%  94.9 15516s
 36081606 20051466    1.63746   90  297    1.04455    4.41583   323%  94.9 15520s
 36091839 20056750    1.29793   92  257    1.04455    4.41568   323%  94.9 15525s
 36101366 20062227     cutoff   89         1.04455    4.41547   323%  94.9 15530s
 36112929 20068911    1.11111   80  275    1.04455    4.41531   323%  94.9 15536s
 36122177 20074489    1.49039   96  266    1.04455    4.41515   323%  94.9 15540s
 36131648 20080194    1.59405   71  232    1.04455    4.41503   323%  94.9 15545s
 36141578 20085144    1.61890   70  219    1.04455    4.41489   323%  94.9 15550s
 36154537 20092889    2.51480   64  264    1.04455    4.41477   323%  94.9 15556s
 36164070 20098422    1.90875   82  207    1.04455    4.41456   323%  94.9 15560s
 36173217 20104068    1.40730   91  218    1.04455    4.41443   323%  94.9 15565s
 36186421 20112209    1.42131   96  203    1.04455    4.41428   323%  95.0 15571s
 36195809 20117023    1.14811  100  231    1.04455    4.41420   323%  95.0 15576s
 36201741 20120952    1.30536   89  221    1.04455    4.41410   323%  95.0 15580s
 36216763 20127996    2.62592   74  240    1.04455    4.41388   323%  95.0 15585s
 36226603 20133606    1.37790   93  210    1.04455    4.41371   323%  95.0 15590s
 36236111 20138714    3.11808   80  265    1.04455    4.41355   323%  95.0 15595s
 36245990 20142584 infeasible  110         1.04455    4.41339   323%  95.0 15600s
 36259171 20150127    1.48107   91  226    1.04455    4.41312   322%  95.0 15606s
 36268895 20155814     cutoff  111         1.04455    4.41299   322%  95.0 15611s
 36278970 20160924    1.16345  102  201    1.04455    4.41283   322%  95.0 15616s
 36289638 20166741    1.30748   90  201    1.04455    4.41268   322%  95.0 15621s
 36296697 20171187    1.39713   84  256    1.04455    4.41266   322%  95.0 15625s
 36307099 20177047     cutoff   88         1.04455    4.41251   322%  95.0 15630s
 36320532 20184127    1.29005   87  201    1.04455    4.41229   322%  95.0 15636s
 36329697 20187871    1.38145   74  170    1.04455    4.41220   322%  95.0 15640s
 36338654 20192730    1.43172   93  262    1.04455    4.41200   322%  95.0 15645s
 36348529 20198460    1.97390   84  244    1.04455    4.41194   322%  95.0 15650s
 36361332 20204656    2.47132   74  282    1.04455    4.41166   322%  95.0 15655s
 36370074 20209714     cutoff   90         1.04455    4.41145   322%  95.0 15660s
 36381666 20217225     cutoff   99         1.04455    4.41133   322%  95.0 15666s
 36390604 20222253     cutoff  101         1.04455    4.41121   322%  95.0 15670s
 36400917 20227036    2.05446   81  260    1.04455    4.41105   322%  95.0 15675s
 36410313 20230331    1.85256   75  186    1.04455    4.41087   322%  95.0 15680s
 36410619 20231726    1.19631   78  229    1.04455    4.41086   322%  95.0 15685s
 36422035 20239546    1.55019   89  244    1.04455    4.41076   322%  95.0 15691s
 36433027 20245203    1.37052   93  308    1.04455    4.41054   322%  95.0 15696s
 36442806 20250402    1.12798  105  274    1.04455    4.41042   322%  95.0 15701s
 36453548 20256191    1.12724  110  202    1.04455    4.41027   322%  95.0 15706s
 36463275 20261376    1.08151   82  232    1.04455    4.41009   322%  95.0 15710s
 36473034 20266705     cutoff   80         1.04455    4.40995   322%  95.0 15715s
 36484161 20273232    2.11680   85  251    1.04455    4.40974   322%  95.0 15720s
 36493718 20277568    1.91858   76  231    1.04455    4.40964   322%  95.0 15725s
 36503216 20283720     cutoff  100         1.04455    4.40950   322%  95.0 15730s
 36516464 20290818    1.29231  100  281    1.04455    4.40932   322%  95.0 15736s
 36525084 20295544 infeasible   82         1.04455    4.40922   322%  95.0 15741s
 36535774 20301370    1.08237   78  256    1.04455    4.40908   322%  95.0 15746s
 36544660 20306579    1.34599  110  169    1.04455    4.40897   322%  95.0 15750s
 36554982 20311959     cutoff  102         1.04455    4.40876   322%  95.0 15755s
 36564655 20316521     cutoff  109         1.04455    4.40863   322%  95.0 15760s
 36574379 20322165     cutoff   99         1.04455    4.40845   322%  95.0 15765s
 36584860 20327199    3.86457   77  246    1.04455    4.40823   322%  95.0 15770s
 36594253 20333456    1.53575   91  229    1.04455    4.40810   322%  95.0 15775s
 36606572 20340191    1.68526   84  194    1.04455    4.40789   322%  95.0 15780s
 36615551 20345246    1.89319   78  264    1.04455    4.40774   322%  95.0 15785s
 36628680 20351567 infeasible   90         1.04455    4.40755   322%  95.0 15791s
 36637887 20357002     cutoff  100         1.04455    4.40740   322%  95.0 15795s
 36647387 20362187     cutoff   91         1.04455    4.40723   322%  95.0 15800s
 36657250 20367058    1.67893   82  282    1.04455    4.40708   322%  95.0 15805s
 36668186 20372287    2.75589   77  241    1.04455    4.40695   322%  95.0 15810s
 36678631 20377742    2.22640   90  266    1.04455    4.40678   322%  95.0 15815s
 36688135 20382433    1.34295  112  251    1.04455    4.40657   322%  95.0 15820s
 36698972 20388389    1.35435   88  289    1.04455    4.40645   322%  95.0 15825s
 36712048 20396032    2.80359   61  289    1.04455    4.40623   322%  95.0 15831s
 36722978 20401802 infeasible   89         1.04455    4.40603   322%  95.0 15836s
 36732977 20406945    1.75401   84  243    1.04455    4.40584   322%  95.0 15841s
 36742647 20411457    1.64363   78  273    1.04455    4.40578   322%  95.0 15846s
 36752298 20415676    1.63591   81  213    1.04455    4.40555   322%  95.0 15850s
 36761374 20420508    2.24578   90  288    1.04455    4.40542   322%  95.0 15855s
 36773095 20428515    2.57248   68  266    1.04455    4.40520   322%  95.0 15861s
 36784094 20433637    1.16429   87  197    1.04455    4.40509   322%  95.0 15866s
 36788392 20435958    1.78700   70  216    1.04455    4.40499   322%  95.0 15871s
 36799772 20441575    1.87139   88  276    1.04455    4.40481   322%  95.0 15876s
 36809980 20446479     cutoff   89         1.04455    4.40464   322%  95.0 15881s
 36819866 20451241    1.19919   83  269    1.04455    4.40445   322%  95.0 15885s
 36828664 20456845    1.50087   88  237    1.04455    4.40434   322%  95.0 15890s
 36839787 20461474    3.32525   82  214    1.04455    4.40414   322%  95.0 15895s
 36851917 20468590    4.33709   80  232    1.04455    4.40393   322%  95.0 15901s
 36861672 20473445     cutoff  111         1.04455    4.40375   322%  95.0 15905s
 36872488 20479985     cutoff  104         1.04455    4.40361   322%  95.1 15910s
 36882484 20485906     cutoff   97         1.04455    4.40345   322%  95.1 15915s
 36896063 20492228    1.11071   94  223    1.04455    4.40326   322%  95.1 15921s
 36903218 20496893     cutoff  106         1.04455    4.40320   322%  95.1 15925s
 36916760 20505176    1.04568  106  201    1.04455    4.40300   322%  95.1 15931s
 36926373 20509867    4.23416   69  242    1.04455    4.40288   322%  95.1 15936s
 36936270 20514202    1.18237   88  239    1.04455    4.40268   321%  95.1 15941s
 36936590 20514766    1.10080   90  230    1.04455    4.40268   321%  95.1 15945s
 36945677 20520912     cutoff   82         1.04455    4.40260   321%  95.1 15950s
 36956704 20526109    1.89952   82  254    1.04455    4.40235   321%  95.1 15955s
 36966392 20530470    1.67052   85  241    1.04455    4.40226   321%  95.1 15960s
 36978386 20537039    1.08656   89  248    1.04455    4.40206   321%  95.1 15966s
 36987965 20543124    1.22539   98  171    1.04455    4.40187   321%  95.1 15971s
 36999117 20548070     cutoff   88         1.04455    4.40175   321%  95.1 15976s
 37008892 20553203    1.91497   71  237    1.04455    4.40157   321%  95.1 15981s
 37018856 20558314 infeasible  109         1.04455    4.40138   321%  95.1 15986s
 37029610 20563931    1.19230   99  202    1.04455    4.40121   321%  95.1 15990s
 37039890 20568977    4.18372   70  283    1.04455    4.40102   321%  95.1 15995s
 37049331 20574522    1.08277  113  184    1.04455    4.40084   321%  95.1 16000s
 37060106 20580083    1.17973   78  249    1.04455    4.40065   321%  95.1 16005s
 37069613 20586226    1.21822   94  143    1.04455    4.40053   321%  95.1 16010s
 37082482 20592184     cutoff   93         1.04455    4.40038   321%  95.1 16016s
 37090911 20596119    3.25115   82  262    1.04455    4.40022   321%  95.1 16020s
 37100986 20600301    1.40359  100  218    1.04455    4.40008   321%  95.1 16025s
 37110935 20605971    1.75395   80  221    1.04455    4.39994   321%  95.1 16030s
 37120763 20611029    2.51152   78  244    1.04455    4.39975   321%  95.1 16035s
 37129244 20616820    1.10260   89  272    1.04455    4.39961   321%  95.1 16040s
 37142467 20624102    1.30487   82  249    1.04455    4.39937   321%  95.1 16046s
 37151796 20629380    3.11853   82  270    1.04455    4.39929   321%  95.1 16050s
 37161848 20634270    1.86885   67  201    1.04455    4.39914   321%  95.1 16055s
 37171292 20640482    1.57200   76  205    1.04455    4.39891   321%  95.1 16060s
 37181273 20646040    1.87380   83  253    1.04455    4.39882   321%  95.1 16065s
 37191085 20651161    1.16490   99  214    1.04455    4.39865   321%  95.1 16070s
 37200335 20655926    1.48353   79  212    1.04455    4.39849   321%  95.1 16075s
 37212027 20662932 infeasible   69         1.04455    4.39833   321%  95.1 16080s
 37221881 20668684    3.19590   81  285    1.04455    4.39814   321%  95.1 16085s
 37234430 20675355     cutoff   96         1.04455    4.39808   321%  95.1 16090s
 37242756 20680096    1.49667   89  256    1.04455    4.39794   321%  95.1 16095s
 37252495 20685083    1.52794   77  264    1.04455    4.39779   321%  95.1 16100s
 37262136 20691034     cutoff   78         1.04455    4.39769   321%  95.1 16105s
 37273032 20697268     cutoff  102         1.04455    4.39752   321%  95.1 16110s
 37285659 20704396    2.64401   84  272    1.04455    4.39739   321%  95.1 16116s
 37293308 20707308    4.28132   66  289    1.04455    4.39727   321%  95.1 16120s
 37305070 20715256    1.32839   91  221    1.04455    4.39714   321%  95.1 16126s
 37314631 20720867     cutoff   77         1.04455    4.39692   321%  95.1 16131s
 37325744 20725917     cutoff   93         1.04455    4.39686   321%  95.1 16135s
 37334242 20731143    1.25474   74  236    1.04455    4.39667   321%  95.1 16140s
 37347106 20738720    1.97584   87  262    1.04455    4.39650   321%  95.1 16146s
 37356833 20743580    4.34755   78  268    1.04455    4.39632   321%  95.1 16151s
 37365637 20747832     cutoff   93         1.04455    4.39619   321%  95.1 16155s
 37374587 20752867    1.33750   87  208    1.04455    4.39603   321%  95.1 16160s
 37387748 20758369    1.23390   93  242    1.04455    4.39584   321%  95.1 16166s
 37397979 20763743    2.72778   77  256    1.04455    4.39574   321%  95.1 16170s
 37407644 20769027    1.09240   97  216    1.04455    4.39554   321%  95.1 16175s
 37416980 20775184    3.46357   75  305    1.04455    4.39542   321%  95.1 16180s
 37427900 20780877    1.55760   69  247    1.04455    4.39529   321%  95.1 16185s
 37436593 20786492    3.38593   78  278    1.04455    4.39515   321%  95.1 16190s
 37446810 20792752    3.64799   68  240    1.04455    4.39491   321%  95.1 16195s
 37461157 20799890     cutoff   95         1.04455    4.39477   321%  95.1 16201s
 37464827 20800079     cutoff   96         1.04455    4.39466   321%  95.1 16206s
 37470407 20805311    1.41152   73  225    1.04455    4.39457   321%  95.1 16211s
 37480295 20810402    1.17016  100  222    1.04455    4.39444   321%  95.1 16216s
 37490296 20815619    4.36640   80  263    1.04455    4.39425   321%  95.1 16220s
 37499878 20820549    2.81394   79  254    1.04455    4.39407   321%  95.1 16225s
 37509079 20826105    1.31568   93  207    1.04455    4.39395   321%  95.1 16230s
 37523038 20834063     cutoff   97         1.04455    4.39369   321%  95.2 16236s
 37529603 20837392    1.17746   91  179    1.04455    4.39361   321%  95.2 16240s
 37543093 20844251    1.22018   81  257    1.04455    4.39345   321%  95.2 16246s
 37552593 20848923    2.81333   84  259    1.04455    4.39327   321%  95.2 16250s
 37560821 20854459     cutoff   97         1.04455    4.39315   321%  95.2 16255s
 37570581 20860615    1.63996   83  210    1.04455    4.39297   321%  95.2 16260s
 37585372 20869100    3.35709   65  243    1.04455    4.39287   321%  95.2 16266s
 37595466 20873484    1.13268   94  218    1.04455    4.39265   321%  95.2 16270s
 37606658 20880375    1.09040   75  159    1.04455    4.39251   321%  95.2 16276s
 37615502 20885669    2.34623   80  218    1.04455    4.39244   321%  95.2 16280s
 37625867 20890821 infeasible   93         1.04455    4.39224   320%  95.2 16285s
 37636392 20896301     cutoff  109         1.04455    4.39208   320%  95.2 16290s
 37649745 20904199 infeasible   94         1.04455    4.39192   320%  95.2 16296s
 37659213 20909448    1.83135   83  250    1.04455    4.39182   320%  95.2 16300s
 37668936 20913259     cutoff   89         1.04455    4.39171   320%  95.2 16305s
 37681522 20920335    1.62516   83  236    1.04455    4.39153   320%  95.2 16311s
 37691864 20926496     cutoff   88         1.04455    4.39141   320%  95.2 16316s
 37702702 20932459    1.86262   79  242    1.04455    4.39126   320%  95.2 16320s
 37712548 20937658    3.74449   79  232    1.04455    4.39108   320%  95.2 16325s
 37722190 20944041    1.40724   84  123    1.04455    4.39100   320%  95.2 16330s
 37731929 20950158     cutoff   97         1.04455    4.39087   320%  95.2 16335s
 37744961 20958296    3.50656   90  236    1.04455    4.39070   320%  95.2 16341s
 37754824 20963150    4.36786   63  240    1.04455    4.39059   320%  95.2 16346s
 37764563 20967671    1.34882   89  288    1.04455    4.39043   320%  95.2 16350s
 37777641 20975715    1.44321   90  220    1.04455    4.39027   320%  95.2 16356s
 37787428 20982624    1.41235   82  265    1.04455    4.39019   320%  95.2 16361s
 37796408 20987103     cutoff   82         1.04455    4.39006   320%  95.2 16365s
 37806032 20992882    1.05944   86  203    1.04455    4.38991   320%  95.2 16370s
 37815851 20998254    2.71267   73  288    1.04455    4.38981   320%  95.2 16375s
 37821800 21002123    3.75689   74  273    1.04455    4.38965   320%  95.2 16381s
 37834202 21008886    1.17696   91  252    1.04455    4.38950   320%  95.2 16386s
 37844521 21013440    1.29409   94  217    1.04455    4.38933   320%  95.2 16391s
 37853986 21017933    1.57986   70  219    1.04455    4.38914   320%  95.2 16395s
 37862895 21022950    2.89580   73  234    1.04455    4.38897   320%  95.2 16400s
 37875022 21029499    3.74293   76  252    1.04455    4.38879   320%  95.2 16406s
 37884283 21034999    2.68544   72  273    1.04455    4.38864   320%  95.2 16411s
 37894019 21040730    1.27486   88  223    1.04455    4.38854   320%  95.2 16415s
 37903220 21046627    1.32023   83  206    1.04455    4.38846   320%  95.2 16420s
 37914698 21051398    1.04818   83  230    1.04455    4.38832   320%  95.2 16425s
 37926251 21058825     cutoff   83         1.04455    4.38813   320%  95.2 16431s
 37936047 21064612    1.09197  100  204    1.04455    4.38805   320%  95.2 16435s
 37945855 21069074     cutoff   93         1.04455    4.38787   320%  95.2 16440s
 37955287 21074119 infeasible  108         1.04455    4.38776   320%  95.2 16445s
 37967283 21081460    1.11017   91  192    1.04455    4.38758   320%  95.2 16451s
 37973561 21085197     cutoff   95         1.04455    4.38745   320%  95.2 16455s
 37988111 21091787    1.44663   86  254    1.04455    4.38720   320%  95.2 16461s
 37990437 21092690    1.40698   91  232    1.04455    4.38718   320%  95.2 16466s
 37998933 21098363    1.56227   79  218    1.04455    4.38712   320%  95.2 16471s
 38008685 21103524    1.26374   68  291    1.04455    4.38701   320%  95.2 16475s
 38017811 21108070    2.65470   74  211    1.04455    4.38683   320%  95.2 16480s
 38027284 21112983     cutoff   99         1.04455    4.38670   320%  95.2 16485s
 38038445 21119998    1.62460   95  220    1.04455    4.38656   320%  95.2 16490s
 38049616 21124841    1.12779  109  246    1.04455    4.38642   320%  95.2 16495s
 38058295 21129575     cutoff   87         1.04455    4.38625   320%  95.2 16500s
 38071956 21136416     cutoff   99         1.04455    4.38603   320%  95.2 16506s
 38081854 21142534    1.30359   95  274    1.04455    4.38589   320%  95.2 16511s
 38091058 21147967     cutoff   97         1.04455    4.38577   320%  95.2 16515s
 38100983 21153134     cutoff   79         1.04455    4.38565   320%  95.2 16520s
 38112888 21160525    1.25391   90  239    1.04455    4.38548   320%  95.2 16526s
 38121945 21166789    2.44501   86  276    1.04455    4.38537   320%  95.2 16530s
 38135212 21172384    2.77683   71  231    1.04455    4.38523   320%  95.2 16536s
 38143007 21177823     cutoff  106         1.04455    4.38511   320%  95.2 16540s
 38152593 21182572    1.52062   89  216    1.04455    4.38500   320%  95.2 16545s
 38162300 21187626    1.35138   98  230    1.04455    4.38486   320%  95.2 16550s
 38170681 21192300    1.48955   40  136    1.04455    4.38478   320%  95.2 16555s
 38181562 21197843 infeasible  102         1.04455    4.38464   320%  95.2 16560s
 38190934 21204614    2.53076   83  231    1.04455    4.38451   320%  95.2 16565s
 38201755 21210890    1.93125   83  269    1.04455    4.38440   320%  95.2 16570s
 38211612 21216297    1.57777   82  227    1.04455    4.38423   320%  95.2 16575s
 38223737 21223180    3.18513   74  253    1.04455    4.38404   320%  95.2 16581s
 38233095 21227057    3.49341   72  240    1.04455    4.38394   320%  95.2 16585s
 38242954 21232927    3.15962   70  270    1.04455    4.38380   320%  95.2 16590s
 38254089 21239314    1.69057   85  295    1.04455    4.38369   320%  95.2 16595s
 38262775 21244541    1.75422   71  251    1.04455    4.38357   320%  95.3 16600s
 38273379 21249658    1.60165   81  210    1.04455    4.38339   320%  95.3 16605s
 38283426 21256704    1.34603   91  207    1.04455    4.38329   320%  95.3 16611s
 38293454 21262027    1.86443   79  224    1.04455    4.38312   320%  95.3 16615s
 38303728 21267374    1.72021   80  272    1.04455    4.38302   320%  95.3 16620s
 38317085 21274369     cutoff   90         1.04455    4.38283   320%  95.3 16626s
 38326539 21279553    1.55737   79  235    1.04455    4.38272   320%  95.3 16631s
 38336203 21283986    1.72869   77  238    1.04455    4.38254   320%  95.3 16635s
 38345840 21289304 infeasible  102         1.04455    4.38238   320%  95.3 16640s
 38355753 21294857    1.49806   75  224    1.04455    4.38225   320%  95.3 16645s
 38364619 21299822    1.09773   99  233    1.04455    4.38210   320%  95.3 16650s
 38378619 21307152    1.67950   66  272    1.04455    4.38189   320%  95.3 16656s
 38388771 21312218     cutoff  109         1.04455    4.38181   319%  95.3 16661s
 38398225 21317633    1.15203  111  182    1.04455    4.38163   319%  95.3 16666s
 38408154 21323068    1.29832   83  237    1.04455    4.38150   319%  95.3 16670s
 38418205 21328116    1.58893   83  219    1.04455    4.38135   319%  95.3 16675s
 38427884 21334724 infeasible   96         1.04455    4.38124   319%  95.3 16680s
 38437603 21340965    2.14592   70  235    1.04455    4.38118   319%  95.3 16685s
 38447108 21346574     cutoff   83         1.04455    4.38100   319%  95.3 16690s
 38461367 21354326    1.60197  106  278    1.04455    4.38088   319%  95.3 16696s
 38470477 21361102    2.22080   90  201    1.04455    4.38073   319%  95.3 16700s
 38480104 21366025    1.46508   67  173    1.04455    4.38070   319%  95.3 16705s
 38488883 21371328    1.13843   99  189    1.04455    4.38056   319%  95.3 16710s
 38496338 21372872     cutoff   77         1.04455    4.38046   319%  95.3 16716s
 38500776 21376429    1.11567  103  234    1.04455    4.38035   319%  95.3 16721s
 38507476 21380455    2.55871   71  285    1.04455    4.38027   319%  95.3 16725s
 38521618 21387615    1.04681  110  206    1.04455    4.38005   319%  95.3 16731s
 38531175 21392947    2.03611   71  246    1.04455    4.37985   319%  95.3 16736s
 38541339 21397381     cutoff   89         1.04455    4.37972   319%  95.3 16740s
 38551062 21403196     cutoff   77         1.04455    4.37953   319%  95.3 16745s
 38563941 21410211    1.37045  103  210    1.04455    4.37934   319%  95.3 16751s
 38573450 21414998 infeasible   93         1.04455    4.37918   319%  95.3 16756s
 38583253 21419963     cutoff   70         1.04455    4.37902   319%  95.3 16760s
 38592718 21425175    2.29710   72  233    1.04455    4.37886   319%  95.3 16765s
 38605233 21432723    1.23041  102  235    1.04455    4.37868   319%  95.3 16771s
 38616414 21437888    1.52424   66  245    1.04455    4.37858   319%  95.3 16776s
 38626163 21444677     cutoff  119         1.04455    4.37850   319%  95.3 16780s
 38634762 21450808    2.39714   74  273    1.04455    4.37840   319%  95.3 16785s
 38645937 21456470    1.29789   86  233    1.04455    4.37831   319%  95.3 16790s
 38656832 21461490    1.65039   82  219    1.04455    4.37811   319%  95.3 16795s
 38666326 21466773     cutoff  108         1.04455    4.37795   319%  95.3 16800s
 38676124 21471535     cutoff  105         1.04455    4.37784   319%  95.3 16805s
 38686423 21477015    3.84044   73  240    1.04455    4.37766   319%  95.3 16810s
 38695326 21482262    1.13767   93  193    1.04455    4.37754   319%  95.3 16815s
 38705846 21487960    1.12139  111  238    1.04455    4.37739   319%  95.3 16820s
 38719302 21495203    1.36275   89  222    1.04455    4.37716   319%  95.3 16826s
 38730111 21501333    1.07150  117  252    1.04455    4.37705   319%  95.3 16831s
 38739961 21506662    1.37391   99  214    1.04455    4.37688   319%  95.3 16836s
 38749740 21511780    1.09259   98  265    1.04455    4.37677   319%  95.3 16841s
 38758952 21516215    4.00039   81  280    1.04455    4.37662   319%  95.3 16846s
 38768448 21521882    1.09567  100  193    1.04455    4.37647   319%  95.3 16850s
 38780007 21528702    1.39038   90  205    1.04455    4.37630   319%  95.3 16856s
 38790801 21533187    1.13284   96  199    1.04455    4.37614   319%  95.3 16861s
 38800218 21539036    1.13489   92  198    1.04455    4.37600   319%  95.3 16865s
 38808974 21544214    4.00549   78  262    1.04455    4.37594   319%  95.3 16870s
 38818889 21550028    1.87133   70  253    1.04455    4.37578   319%  95.3 16875s
 38829858 21555670     cutoff   93         1.04455    4.37563   319%  95.3 16880s
 38843613 21561952    1.05478  103  222    1.04455    4.37542   319%  95.3 16886s
 38849700 21565871    1.90743   81  220    1.04455    4.37533   319%  95.3 16891s
 38856842 21570172    1.12673   99  215    1.04455    4.37525   319%  95.3 16895s
 38869251 21576634     cutoff   95         1.04455    4.37513   319%  95.3 16900s
 38881489 21584624    2.67318   82  322    1.04455    4.37492   319%  95.3 16906s
 38889199 21587797    1.42941   77  182    1.04455    4.37481   319%  95.3 16910s
 38900702 21592531    1.11966  104  243    1.04455    4.37464   319%  95.3 16915s
 38910681 21598592     cutoff  103         1.04455    4.37447   319%  95.3 16920s
 38921594 21604085    3.08953   78  269    1.04455    4.37431   319%  95.3 16925s
 38931189 21610077    1.22535  103  248    1.04455    4.37421   319%  95.3 16930s
 38943861 21616424    2.49493   78  263    1.04455    4.37398   319%  95.3 16936s
 38953918 21622644     cutoff  102         1.04455    4.37384   319%  95.3 16941s
 38963640 21627756    1.30942   86  207    1.04455    4.37374   319%  95.3 16945s
 38973257 21633706     cutoff   89         1.04455    4.37362   319%  95.3 16950s
 38982883 21637868 infeasible   89         1.04455    4.37346   319%  95.3 16955s
 38992419 21643229    2.01164   67  222    1.04455    4.37332   319%  95.4 16960s
 39002209 21648592    2.15688   81  225    1.04455    4.37314   319%  95.4 16965s
 39011634 21654083    1.50922   77  171    1.04455    4.37305   319%  95.4 16970s
 39024030 21661203    1.05312  106  254    1.04455    4.37282   319%  95.4 16976s
 39033604 21666698    1.10822   95  177    1.04455    4.37265   319%  95.4 16980s
 39043122 21672930    1.52034   96  186    1.04455    4.37255   319%  95.4 16985s
 39049260 21674307     cutoff   77         1.04455    4.37249   319%  95.4 16990s
 39052113 21678030    1.17317   93  224    1.04455    4.37246   319%  95.4 16995s
 39062752 21683042     cutoff   84         1.04455    4.37228   319%  95.4 17000s
 39073514 21689134    4.12568   79  262    1.04455    4.37215   319%  95.4 17005s
 39083932 21693959    1.10092   84  160    1.04455    4.37198   319%  95.4 17010s
 39096127 21700106    1.07678  101  202    1.04455    4.37177   319%  95.4 17016s
 39105290 21704800 infeasible  106         1.04455    4.37163   319%  95.4 17020s
 39117612 21712516    1.50893   76  233    1.04455    4.37144   319%  95.4 17026s
 39126775 21717248    1.34913   82  254    1.04455    4.37135   318%  95.4 17030s
 39139851 21723648    1.18021   89  300    1.04455    4.37114   318%  95.4 17036s
 39149607 21727918    1.08807   95  264    1.04455    4.37098   318%  95.4 17040s
 39160627 21734288    1.32933   93  234    1.04455    4.37087   318%  95.4 17045s
 39170413 21740059    3.94339   78  264    1.04455    4.37074   318%  95.4 17050s
 39182615 21747948    1.08718  100  199    1.04455    4.37059   318%  95.4 17056s
 39193812 21753081    1.27279   93  238    1.04455    4.37039   318%  95.4 17061s
 39203811 21758475 infeasible   67         1.04455    4.37020   318%  95.4 17065s
 39213528 21763276    1.10707   98  220    1.04455    4.37009   318%  95.4 17070s
 39225654 21770084    1.15441   98  264    1.04455    4.36988   318%  95.4 17075s
 39238588 21776357    1.23215   92  265    1.04455    4.36966   318%  95.4 17081s
 39248015 21781285 infeasible  102         1.04455    4.36952   318%  95.4 17085s
 39256353 21786155    1.12410   92  215    1.04455    4.36942   318%  95.4 17090s
 39269097 21791902    1.93383   82  244    1.04455    4.36923   318%  95.4 17095s
 39278625 21798479    1.30288   83  251    1.04455    4.36912   318%  95.4 17100s
 39291046 21804765 infeasible  100         1.04455    4.36895   318%  95.4 17105s
 39302235 21812123    1.54352   85  268    1.04455    4.36880   318%  95.4 17111s
 39311441 21816342     cutoff   92         1.04455    4.36866   318%  95.4 17115s
 39320680 21820865    1.19218   89  231    1.04455    4.36849   318%  95.4 17120s
 39332897 21828255    1.86941   83  252    1.04455    4.36832   318%  95.4 17126s
 39342378 21832730    4.28046   75  265    1.04455    4.36818   318%  95.4 17130s
 39353825 21840713    1.88557   93  217    1.04455    4.36805   318%  95.4 17136s
 39364762 21845048     cutoff  108         1.04455    4.36797   318%  95.4 17141s
 39375665 21851388    2.11305   77  190    1.04455    4.36783   318%  95.4 17146s
 39384980 21857390    1.32383   89  262    1.04455    4.36777   318%  95.4 17150s
 39394528 21862932    4.20387   73  313    1.04455    4.36765   318%  95.4 17155s
 39407746 21870561    1.22133   90  232    1.04455    4.36755   318%  95.4 17161s
 39415831 21876743    1.83978   90  271    1.04455    4.36750   318%  95.4 17166s
 39426577 21882842 infeasible  105         1.04455    4.36746   318%  95.4 17171s
 39436188 21888926    1.17290   83  261    1.04455    4.36734   318%  95.4 17175s
 39446158 21893589    1.61242   92  250    1.04455    4.36722   318%  95.4 17180s
 39458737 21900789     cutoff   92         1.04455    4.36706   318%  95.4 17186s
 39469208 21905834    2.27817   71  273    1.04455    4.36686   318%  95.4 17191s
 39478374 21911425 infeasible   86         1.04455    4.36677   318%  95.4 17195s
 39487557 21916721     cutoff   91         1.04455    4.36668   318%  95.4 17200s
 39498620 21922318    1.20843  103  217    1.04455    4.36652   318%  95.4 17205s
 39508927 21927496    2.21542   74  249    1.04455    4.36637   318%  95.4 17210s
 39519063 21933625    3.87954   76  254    1.04455    4.36627   318%  95.4 17215s
 39531274 21941730    1.51433   89  223    1.04455    4.36613   318%  95.4 17221s
 39540856 21945810    2.97433   77  281    1.04455    4.36607   318%  95.4 17226s
 39550850 21951560    1.42576   85  252    1.04455    4.36590   318%  95.4 17230s
 39563579 21959448    1.08236  104  208    1.04455    4.36584   318%  95.4 17236s
 39573150 21964233 infeasible   74         1.04455    4.36568   318%  95.4 17240s
 39584356 21969796    2.87203   75  275    1.04455    4.36553   318%  95.4 17245s
 39593537 21974806    3.93888   83  244    1.04455    4.36535   318%  95.4 17250s
 39607120 21983524    1.09821   91  256    1.04455    4.36523   318%  95.4 17256s
 39616604 21986472    1.06486  100  233    1.04455    4.36509   318%  95.4 17260s
 39617106 21987741     cutoff  102         1.04455    4.36508   318%  95.4 17265s
 39626662 21994580    1.62088   82  226    1.04455    4.36492   318%  95.4 17270s
 39637281 22000428    1.93877   85  213    1.04455    4.36481   318%  95.4 17275s
 39647061 22006492    1.88251   73  230    1.04455    4.36469   318%  95.4 17280s
 39659878 22013191    4.09038   82  269    1.04455    4.36451   318%  95.4 17286s
 39669563 22018001     cutoff  107         1.04455    4.36440   318%  95.5 17290s
 39679548 22023408 infeasible   78         1.04455    4.36427   318%  95.5 17295s
 39689279 22029310    1.15540  114  202    1.04455    4.36414   318%  95.5 17300s
 39702323 22035051    1.20736   93  178    1.04455    4.36393   318%  95.5 17306s
 39711532 22040694    1.21624   96  193    1.04455    4.36377   318%  95.5 17310s
 39721717 22046429    3.12827   76  269    1.04455    4.36365   318%  95.5 17315s
 39735389 22052900    1.69098   84  254    1.04455    4.36347   318%  95.5 17321s
 39744924 22058639    1.12022  107  191    1.04455    4.36332   318%  95.5 17326s
 39754785 22064133    4.16168   81  228    1.04455    4.36320   318%  95.5 17330s
 39764134 22069561    1.22451   94  209    1.04455    4.36303   318%  95.5 17335s
 39777265 22075265    1.67225   79  305    1.04455    4.36288   318%  95.5 17341s
 39786957 22080331     cutoff  101         1.04455    4.36273   318%  95.5 17345s
 39796666 22085828    1.78927   81  213    1.04455    4.36259   318%  95.5 17350s
 39806233 22090660    1.30123   79  267    1.04455    4.36247   318%  95.5 17355s
 39816520 22095522     cutoff   82         1.04455    4.36230   318%  95.5 17360s
 39829743 22102253 infeasible   98         1.04455    4.36208   318%  95.5 17366s
 39838399 22106290    1.07952  103  179    1.04455    4.36202   318%  95.5 17370s
 39846989 22110286    2.09124   90  209    1.04455    4.36188   318%  95.5 17375s
 39852692 22114949    1.58514   74  218    1.04455    4.36180   318%  95.5 17380s
 39861801 22120077 infeasible  112         1.04455    4.36170   318%  95.5 17385s
 39874350 22127227    1.10125  101  206    1.04455    4.36148   318%  95.5 17391s
 39884101 22132101    1.22646   95  242    1.04455    4.36129   318%  95.5 17396s
 39893340 22137564 infeasible  106         1.04455    4.36117   318%  95.5 17400s
 39906177 22143961    1.10788   73  212    1.04455    4.36100   318%  95.5 17406s
 39915632 22149957    1.46668   78  214    1.04455    4.36082   317%  95.5 17411s
 39926196 22155324    3.45147   76  253    1.04455    4.36069   317%  95.5 17416s
 39936283 22161046    1.30676   85  186    1.04455    4.36058   317%  95.5 17421s
 39946880 22166560    4.24623   83  268    1.04455    4.36044   317%  95.5 17425s
 39956849 22172048 infeasible   91         1.04455    4.36025   317%  95.5 17430s
 39969996 22179386    1.48498   89  199    1.04455    4.36011   317%  95.5 17436s
 39976023 22183054    1.26603   87  243    1.04455    4.36002   317%  95.5 17440s
 39990495 22191706    1.19975   89  183    1.04455    4.35989   317%  95.5 17446s
 40000551 22196463    1.86139   83  244    1.04455    4.35979   317%  95.5 17451s
 40011139 22201188 infeasible  105         1.04455    4.35964   317%  95.5 17456s
 40021089 22206467 infeasible   82         1.04455    4.35946   317%  95.5 17460s
 40034515 22212562    1.17292   99  296    1.04455    4.35918   317%  95.5 17466s
 40044858 22217944    1.18298  106  233    1.04455    4.35899   317%  95.5 17471s
 40055222 22223452    2.92410   84  270    1.04455    4.35888   317%  95.5 17476s
 40064673 22229336    1.10843  101  186    1.04455    4.35878   317%  95.5 17480s
 40074893 22236108    1.04903  101  193    1.04455    4.35865   317%  95.5 17485s
 40085352 22242660    1.25658   96  222    1.04455    4.35861   317%  95.5 17490s
 40097539 22248726    3.21084   81  275    1.04455    4.35841   317%  95.5 17496s
 40108018 22254362    1.64586   73  262    1.04455    4.35821   317%  95.5 17500s
 40118128 22260677    2.86746   74  219    1.04455    4.35812   317%  95.5 17505s
 40127642 22266327    1.13746  104  232    1.04455    4.35801   317%  95.5 17510s
 40138909 22271141    3.73068   67  290    1.04455    4.35780   317%  95.5 17515s
 40152671 22275688    3.33272   75  290    1.04455    4.35764   317%  95.5 17521s
 40153078 22276876    3.02061   78  286    1.04455    4.35764   317%  95.5 17526s
 40157781 22280571     cutoff   76         1.04455    4.35753   317%  95.5 17530s
 40169032 22286500    1.86336   80  301    1.04455    4.35734   317%  95.5 17535s
 40178934 22291487    1.13612   83  129    1.04455    4.35726   317%  95.5 17540s
 40191436 22299505    2.36502   75  224    1.04455    4.35708   317%  95.5 17546s
 40200778 22305302    3.12107   70  265    1.04455    4.35696   317%  95.5 17551s
 40210477 22310668 infeasible   97         1.04455    4.35687   317%  95.5 17555s
 40220230 22315542 infeasible  116         1.04455    4.35673   317%  95.5 17560s
 40230781 22320625    1.18913   85  193    1.04455    4.35654   317%  95.5 17565s
 40243991 22328282    1.08265   90  251    1.04455    4.35629   317%  95.5 17571s
 40254621 22332608    2.56484   86  239    1.04455    4.35623   317%  95.5 17575s
 40262979 22337204    2.78317   72  266    1.04455    4.35609   317%  95.5 17580s
 40276319 22343489    3.25692   81  280    1.04455    4.35593   317%  95.5 17586s
 40285383 22349239     cutoff   85         1.04455    4.35581   317%  95.5 17591s
 40295716 22354584 infeasible   96         1.04455    4.35565   317%  95.5 17595s
 40305556 22360371    2.13602   82  232    1.04455    4.35552   317%  95.5 17600s
 40318257 22366170    1.29574   88  215    1.04455    4.35537   317%  95.5 17606s
 40327744 22371850    2.58099   68  273    1.04455    4.35525   317%  95.6 17610s
 40337377 22376879    1.17245   83  209    1.04455    4.35507   317%  95.6 17615s
 40347121 22381535    1.31518   98  237    1.04455    4.35493   317%  95.6 17620s
 40359928 22387494    1.11926  104  234    1.04455    4.35482   317%  95.6 17626s
 40369382 22392762    1.07034   97  188    1.04455    4.35467   317%  95.6 17630s
 40380609 22399442    1.40819   76  229    1.04455    4.35451   317%  95.6 17635s
 40389068 22404648    3.24346   84  286    1.04455    4.35438   317%  95.6 17640s
 40399456 22409630    1.26823   97  263    1.04455    4.35427   317%  95.6 17645s
 40409072 22414306    1.20671   85  259    1.04455    4.35412   317%  95.6 17650s
 40422329 22420219    4.12902   74  249    1.04455    4.35390   317%  95.6 17656s
 40432086 22426615    1.12738   99  197    1.04455    4.35379   317%  95.6 17661s
 40442746 22432239     cutoff   91         1.04455    4.35365   317%  95.6 17666s
 40451328 22438345    2.32295   83  269    1.04455    4.35354   317%  95.6 17670s
 40461231 22443337    4.10042   79  281    1.04455    4.35342   317%  95.6 17675s
 40470439 22447865    1.32766   94  249    1.04455    4.35325   317%  95.6 17680s
 40483761 22454778     cutoff   78         1.04455    4.35302   317%  95.6 17686s
 40493353 22460718    1.33242   96  221    1.04455    4.35294   317%  95.6 17691s
 40503168 22465409    1.28346   92  278    1.04455    4.35275   317%  95.6 17695s
 40512859 22470042    1.26041  104  226    1.04455    4.35263   317%  95.6 17700s
 40525408 22478075    1.80109   87  213    1.04455    4.35242   317%  95.6 17706s
 40536150 22482379    1.09606   91  245    1.04455    4.35225   317%  95.6 17711s
 40546950 22486681    1.19053   99  294    1.04455    4.35211   317%  95.6 17715s
 40556457 22492050    1.75415   69  240    1.04455    4.35197   317%  95.6 17720s
 40568763 22499639    1.07629  116  198    1.04455    4.35178   317%  95.6 17726s
 40578299 22503791    1.16395   86  268    1.04455    4.35163   317%  95.6 17730s
 40588825 22509069     cutoff   84         1.04455    4.35151   317%  95.6 17735s
 40597894 22514191    4.04808   86  204    1.04455    4.35140   317%  95.6 17740s
 40608254 22518989     cutoff  108         1.04455    4.35123   317%  95.6 17745s
 40619128 22524669    1.58264   79  245    1.04455    4.35104   317%  95.6 17750s
 40628819 22530290     cutoff   81         1.04455    4.35093   317%  95.6 17755s
 40641963 22535719 infeasible  105         1.04455    4.35069   317%  95.6 17761s
 40652721 22541768     cutoff  105         1.04455    4.35056   317%  95.6 17766s
 40662579 22547425    1.68395   74  190    1.04455    4.35035   316%  95.6 17770s
 40672469 22553361    1.22379   90  171    1.04455    4.35024   316%  95.6 17775s
 40682754 22558952    2.64131   82  286    1.04455    4.35021   316%  95.6 17780s
 40693332 22563084    2.32003   82  285    1.04455    4.35000   316%  95.6 17785s
 40696111 22563645    1.93758   92  287    1.04455    4.34994   316%  95.6 17790s
 40703787 22568874    1.08183  100  184    1.04455    4.34985   316%  95.6 17795s
 40713492 22574163    1.49029   85  216    1.04455    4.34968   316%  95.6 17800s
 40723058 22578725    1.66538   81  253    1.04455    4.34956   316%  95.6 17805s
 40732539 22584604 infeasible   95         1.04455    4.34945   316%  95.6 17810s
 40743496 22590345    1.71600   83  244    1.04455    4.34931   316%  95.6 17815s
 40753706 22595888    1.06147   93  227    1.04455    4.34915   316%  95.6 17820s
 40766455 22602440     cutoff   81         1.04455    4.34895   316%  95.6 17826s
 40776343 22608049    4.01896   85  217    1.04455    4.34880   316%  95.6 17831s
 40786509 22613724    1.34280   86  269    1.04455    4.34863   316%  95.6 17836s
 40791481 22615481    1.19461   80  293    1.04455    4.34857   316%  95.6 17840s
 40800849 22621391    1.49952   96  240    1.04455    4.34850   316%  95.6 17845s
 40812087 22625869    4.24853   74  273    1.04455    4.34828   316%  95.6 17850s
 40821117 22632702 infeasible   89         1.04455    4.34821   316%  95.6 17855s
 40830934 22637845    2.35467   78  250    1.04455    4.34806   316%  95.6 17860s
 40842079 22642805     cutoff  101         1.04455    4.34791   316%  95.6 17865s
 40851550 22647347    1.05714  105  201    1.04455    4.34775   316%  95.6 17870s
 40865784 22654317 infeasible   85         1.04455    4.34753   316%  95.6 17876s
 40875436 22659527     cutoff   91         1.04455    4.34738   316%  95.6 17881s
 40884461 22665018    4.33652   76  274    1.04455    4.34723   316%  95.6 17886s
 40895685 22672160     cutoff   90         1.04455    4.34712   316%  95.6 17891s
 40905385 22676725    1.31326   91  310    1.04455    4.34698   316%  95.6 17896s
 40915046 22681341    2.20218   73  277    1.04455    4.34683   316%  95.6 17900s
 40924511 22685741    2.24331   67  264    1.04455    4.34666   316%  95.6 17905s
 40936334 22692106     cutoff   83         1.04455    4.34648   316%  95.6 17911s
 40945828 22697816     cutoff  103         1.04455    4.34638   316%  95.6 17915s
 40956774 22702702     cutoff   85         1.04455    4.34621   316%  95.6 17920s
 40966584 22707618    2.33027   83  278    1.04455    4.34604   316%  95.6 17925s
 40976579 22713962 infeasible   86         1.04455    4.34590   316%  95.6 17930s
 40987200 22719576     cutoff  124         1.04455    4.34569   316%  95.6 17935s
 40997155 22724120    1.22938   84  249    1.04455    4.34551   316%  95.6 17940s
 41006762 22729830 infeasible   84         1.04455    4.34537   316%  95.6 17945s
 41017476 22735443    1.35401   86  176    1.04455    4.34522   316%  95.6 17950s
 41027875 22741732     cutoff   96         1.04455    4.34507   316%  95.6 17955s
 41040898 22748312 infeasible   99         1.04455    4.34490   316%  95.6 17961s
 41047740 22752576    1.42306   78  285    1.04455    4.34476   316%  95.6 17965s
 41058004 22756364     cutoff   86         1.04455    4.34457   316%  95.6 17970s
 41070275 22763652     cutoff  100         1.04455    4.34433   316%  95.7 17976s
 41080052 22768678    2.22019   87  261    1.04455    4.34429   316%  95.7 17980s
 41089909 22773974    1.11493   95  238    1.04455    4.34417   316%  95.7 17985s
 41099534 22780714    1.07729  105  180    1.04455    4.34408   316%  95.7 17990s
 41108780 22785469    3.86233   79  257    1.04455    4.34397   316%  95.7 17995s
 41121693 22792083    1.13389  102  273    1.04455    4.34376   316%  95.7 18001s
 41131811 22798712     cutoff  101         1.04455    4.34364   316%  95.7 18006s
 41142502 22803296    1.19541   92  280    1.04455    4.34352   316%  95.7 18011s
 41151993 22809068     cutoff   95         1.04455    4.34337   316%  95.7 18016s
 41161290 22815295    1.54129   84  279    1.04455    4.34330   316%  95.7 18021s
 41172583 22820425     cutoff   93         1.04455    4.34312   316%  95.7 18026s
 41182497 22825488    1.19868   99  178    1.04455    4.34302   316%  95.7 18030s
 41192440 22831181     cutoff   98         1.04455    4.34289   316%  95.7 18036s
 41202728 22837253     cutoff  100         1.04455    4.34269   316%  95.7 18041s
 41213896 22842341    1.07842   90  215    1.04455    4.34256   316%  95.7 18045s
 41223405 22847647    1.50906   77  233    1.04455    4.34243   316%  95.7 18050s
 41233469 22852593    1.93129   74  252    1.04455    4.34226   316%  95.7 18055s
 41242020 22855299    1.17047   91  239    1.04455    4.34214   316%  95.7 18061s
 41244625 22858567     cutoff   79         1.04455    4.34207   316%  95.7 18066s
 41251494 22863359    1.18390   90  208    1.04455    4.34197   316%  95.7 18070s
 41266519 22870547    1.38171   82  207    1.04455    4.34190   316%  95.7 18076s
 41275909 22875748    2.50839   75  273    1.04455    4.34176   316%  95.7 18081s
 41285161 22881482    1.28285   94  227    1.04455    4.34166   316%  95.7 18086s
 41294057 22885772    3.94988   65  280    1.04455    4.34149   316%  95.7 18090s
 41303311 22890775     cutoff   96         1.04455    4.34136   316%  95.7 18095s
 41313056 22896941    1.27095   98  212    1.04455    4.34120   316%  95.7 18101s
 41324414 22903353    2.04509   85  276    1.04455    4.34104   316%  95.7 18105s
 41334772 22908607    1.63003   79  272    1.04455    4.34097   316%  95.7 18110s
 41344007 22912993    1.12128   98  210    1.04455    4.34086   316%  95.7 18115s
 41357204 22920547    1.38906   78  245    1.04455    4.34065   316%  95.7 18121s
 41366798 22926083    1.50973   78  278    1.04455    4.34056   316%  95.7 18126s
 41377959 22932513    2.23079   72  233    1.04455    4.34040   316%  95.7 18131s
 41387715 22937357    2.12679   92  250    1.04455    4.34020   316%  95.7 18135s
 41397015 22942759     cutoff   90         1.04455    4.34006   315%  95.7 18140s
 41409232 22949518 infeasible  121         1.04455    4.33991   315%  95.7 18146s
 41418772 22953907     cutoff  116         1.04455    4.33979   315%  95.7 18150s
 41428385 22959835    1.33864   83  191    1.04455    4.33968   315%  95.7 18155s
 41439459 22966063    1.10685  102  175    1.04455    4.33958   315%  95.7 18160s
 41451668 22972815    1.08111   91  215    1.04455    4.33937   315%  95.7 18166s
 41462041 22978671    2.37480   90  220    1.04455    4.33923   315%  95.7 18171s
 41472465 22983798    2.60736   74  254    1.04455    4.33910   315%  95.7 18176s
 41482205 22988227 infeasible   83         1.04455    4.33896   315%  95.7 18181s
 41492003 22994194     cutoff   94         1.04455    4.33883   315%  95.7 18186s
 41501120 22999514    1.84829   89  248    1.04455    4.33871   315%  95.7 18190s
 41510033 23004792     cutoff  107         1.04455    4.33862   315%  95.7 18195s
 41519766 23009127    1.11876   92  180    1.04455    4.33847   315%  95.7 18200s
 41529659 23015224    1.06509  112  184    1.04455    4.33835   315%  95.7 18205s
 41542600 23021321    2.32925   74  234    1.04455    4.33817   315%  95.7 18211s
 41552550 23026141    1.44284   90  232    1.04455    4.33807   315%  95.7 18215s
 41560967 23030576    1.28177   79  204    1.04455    4.33791   315%  95.7 18220s
 41574087 23037734     cutoff   77         1.04455    4.33772   315%  95.7 18226s
 41583283 23043081     cutoff  116         1.04455    4.33761   315%  95.7 18230s
 41592727 23047636    2.56575   75  281    1.04455    4.33751   315%  95.7 18235s
 41602649 23052444    1.62590   74  285    1.04455    4.33734   315%  95.7 18240s
 41611614 23057613     cutoff   85         1.04455    4.33718   315%  95.7 18245s
 41622491 23062426     cutoff   76         1.04455    4.33700   315%  95.7 18250s
 41632269 23067923    1.31018   91  249    1.04455    4.33691   315%  95.7 18255s
 41645274 23074372    1.20155  100  213    1.04455    4.33671   315%  95.7 18261s
 41654270 23081034    1.04593  101  272    1.04455    4.33662   315%  95.7 18265s
 41666756 23087806    1.15766   97  248    1.04455    4.33648   315%  95.7 18271s
 41677282 23093390    1.37909   84  190    1.04455    4.33634   315%  95.7 18276s
 41686668 23099666    1.22923   93  211    1.04455    4.33630   315%  95.7 18281s
 41697113 23104798    1.84458   86  227    1.04455    4.33615   315%  95.7 18286s
 41706264 23110450    1.56185  108  209    1.04455    4.33599   315%  95.7 18290s
 41716371 23116519    1.07442   99  205    1.04455    4.33589   315%  95.7 18295s
 41729920 23123373 infeasible   80         1.04455    4.33567   315%  95.7 18301s
 41740925 23128731     cutoff   70         1.04455    4.33553   315%  95.7 18305s
 41745270 23132317    1.07501  107  188    1.04455    4.33547   315%  95.7 18311s
 41755554 23137623    1.80341   84  231    1.04455    4.33535   315%  95.7 18315s
 41765365 23142889    1.09384   93  213    1.04455    4.33521   315%  95.7 18320s
 41775040 23149001    1.83307   90  247    1.04455    4.33513   315%  95.7 18325s
 41788222 23155962    2.81828   88  293    1.04455    4.33497   315%  95.7 18330s
 41797583 23161907    4.12316   72  313    1.04455    4.33489   315%  95.7 18335s
 41810902 23166939    1.63367   75  247    1.04455    4.33476   315%  95.7 18341s
 41811389 23168318    1.57908   78  243    1.04455    4.33473   315%  95.7 18346s
 41816636 23172392    1.60960   91  263    1.04455    4.33466   315%  95.7 18350s
 41827128 23177684    1.52898   80  227    1.04455    4.33448   315%  95.7 18355s
 41840463 23184883     cutoff   98         1.04455    4.33432   315%  95.7 18361s
 41849886 23189237    2.29068   73  260    1.04455    4.33420   315%  95.8 18365s
 41858393 23194541    2.94507   73  271    1.04455    4.33406   315%  95.8 18370s
 41871736 23201593    3.81322   86  228    1.04455    4.33388   315%  95.8 18376s
 41881222 23207315    1.86434   84  249    1.04455    4.33372   315%  95.8 18380s
 41890659 23213218    2.01070   95  254    1.04455    4.33364   315%  95.8 18385s
 41904271 23220359     cutoff  105         1.04455    4.33347   315%  95.8 18391s
 41913243 23225765    3.60935   72  248    1.04455    4.33335   315%  95.8 18395s
 41922888 23230518     cutoff   98         1.04455    4.33317   315%  95.8 18400s
 41933555 23235909    1.13666   90  218    1.04455    4.33297   315%  95.8 18405s
 41947386 23243748    2.25458   79  264    1.04455    4.33282   315%  95.8 18411s
 41957584 23249591     cutoff  112         1.04455    4.33268   315%  95.8 18416s
 41967046 23255527    1.76485   76  247    1.04455    4.33264   315%  95.8 18420s
 41975130 23260226    1.16925   93  201    1.04455    4.33256   315%  95.8 18425s
 41983946 23264570    1.54265   75  243    1.04455    4.33239   315%  95.8 18430s
 41994593 23269979    1.23356   99  260    1.04455    4.33226   315%  95.8 18435s
 42004670 23275533    1.34895   92  200    1.04455    4.33208   315%  95.8 18440s
 42016748 23282638    1.43142   94  191    1.04455    4.33188   315%  95.8 18446s
 42025907 23287245    1.49469   92  282    1.04455    4.33178   315%  95.8 18451s
 42035269 23291792    3.07755   73  232    1.04455    4.33167   315%  95.8 18455s
H42043921 23295739                       1.0445521    4.33156   315%  95.8 18461s
 42051581 23301787    3.01406   82  248    1.04455    4.33146   315%  95.8 18465s
 42062117 23306426    1.10875  109  220    1.04455    4.33137   315%  95.8 18470s
 42072545 23311880    1.98188   85  260    1.04455    4.33120   315%  95.8 18475s
 42081500 23317387    1.61063   78  231    1.04455    4.33108   315%  95.8 18480s
 42091043 23322449    1.49319   91  220    1.04455    4.33094   315%  95.8 18485s
 42100874 23327382    1.15600  103  175    1.04455    4.33078   315%  95.8 18490s
 42111630 23334516    2.45261   87  231    1.04455    4.33071   315%  95.8 18495s
 42124778 23340603     cutoff   99         1.04455    4.33046   315%  95.8 18501s
 42133723 23345863    1.08197   83  184    1.04455    4.33038   315%  95.8 18505s
 42144393 23350775    1.09217   89  245    1.04455    4.33023   315%  95.8 18510s
 42154359 23355215    2.19195   71  245    1.04455    4.33007   315%  95.8 18515s
 42167142 23362214    1.50103   77  239    1.04455    4.32987   315%  95.8 18520s
 42176381 23367603 infeasible  113         1.04455    4.32976   315%  95.8 18525s
 42189279 23374225    2.07452   68  263    1.04455    4.32954   314%  95.8 18531s
 42199756 23380168    1.16581   97  242    1.04455    4.32938   314%  95.8 18536s
 42208479 23384499    1.56548   86  210    1.04455    4.32928   314%  95.8 18540s
 42219204 23390229    1.22173   98  189    1.04455    4.32918   314%  95.8 18545s
 42231043 23398277    1.48644   89  282    1.04455    4.32900   314%  95.8 18550s
 42240727 23402951    1.14338   87  232    1.04455    4.32889   314%  95.8 18555s
 42253688 23409915    2.66061   85  260    1.04455    4.32867   314%  95.8 18561s
 42263453 23415257    1.22941   81  238    1.04455    4.32855   314%  95.8 18565s
 42272708 23422249    1.16458   94  212    1.04455    4.32844   314%  95.8 18570s
 42285861 23428393 infeasible   80         1.04455    4.32843   314%  95.8 18576s
 42295856 23434511     cutoff  100         1.04455    4.32825   314%  95.8 18581s
 42305946 23438852    1.09750   95  228    1.04455    4.32809   314%  95.8 18586s
 42315495 23444716    1.15552  106  271    1.04455    4.32796   314%  95.8 18590s
 42328609 23450563    1.44318   86  206    1.04455    4.32774   314%  95.8 18596s
 42338350 23455517     cutoff   86         1.04455    4.32757   314%  95.8 18601s
 42347715 23461389    1.45303   79  253    1.04455    4.32747   314%  95.8 18605s
 42356603 23465366    1.31350   94  196    1.04455    4.32738   314%  95.8 18610s
 42357995 23467673    1.50021   74  212    1.04455    4.32738   314%  95.8 18615s
 42369697 23473312 infeasible  100         1.04455    4.32718   314%  95.8 18620s
 42379863 23478763    1.78545   81  231    1.04455    4.32704   314%  95.8 18625s
 42392655 23487063    1.27058   87  231    1.04455    4.32688   314%  95.8 18631s
 42402690 23491522    1.29423   92  244    1.04455    4.32672   314%  95.8 18636s
 42413488 23497043    1.07880   95  244    1.04455    4.32659   314%  95.8 18641s
 42423509 23501633    3.47696   80  281    1.04455    4.32644   314%  95.8 18646s
 42433540 23506743     cutoff  108         1.04455    4.32625   314%  95.8 18650s
 42444447 23512342     cutoff  110         1.04455    4.32615   314%  95.8 18656s
 42455218 23517412    2.67485   77  224    1.04455    4.32596   314%  95.8 18660s
 42464839 23522768    1.14584   94  233    1.04455    4.32586   314%  95.8 18666s
 42474284 23527271    1.24188   78  247    1.04455    4.32568   314%  95.8 18670s
 42486799 23534229    1.19763   84  192    1.04455    4.32553   314%  95.8 18676s
 42496114 23539688     cutoff  100         1.04455    4.32540   314%  95.8 18680s
 42504222 23545107     cutoff   69         1.04455    4.32523   314%  95.8 18685s
 42517459 23552412    1.05466   96  187    1.04455    4.32506   314%  95.8 18691s
 42527574 23557693    1.32815   84  222    1.04455    4.32495   314%  95.8 18696s
 42536637 23563140    1.87623   72  247    1.04455    4.32485   314%  95.8 18700s
 42547009 23568820    1.04589   88  220    1.04455    4.32468   314%  95.8 18705s
 42560350 23574728    1.06413  106  189    1.04455    4.32450   314%  95.8 18710s
 42569619 23580128    1.14543  101  224    1.04455    4.32432   314%  95.8 18715s
 42578202 23586398    2.40381   92  213    1.04455    4.32423   314%  95.8 18720s
 42591659 23592623    2.75643   81  261    1.04455    4.32406   314%  95.8 18726s
 42601385 23597999    1.07081   91  235    1.04455    4.32390   314%  95.8 18730s
 42611226 23603892    1.12545   83  216    1.04455    4.32382   314%  95.8 18735s
 42621839 23608951    1.34585   85  252    1.04455    4.32372   314%  95.8 18740s
 42631957 23614738     cutoff   94         1.04455    4.32359   314%  95.8 18745s
 42644849 23621636    1.17306   86  197    1.04455    4.32337   314%  95.9 18751s
 42655008 23628259    2.03793   85  228    1.04455    4.32323   314%  95.9 18756s
 42664807 23632853    1.45774   81  254    1.04455    4.32314   314%  95.9 18761s
 42675468 23638161    1.40120   78  265    1.04455    4.32299   314%  95.9 18765s
 42682671 23641779    1.91130   91  181    1.04455    4.32289   314%  95.9 18770s
 42691569 23646969    1.39025   80  233    1.04455    4.32277   314%  95.9 18775s
 42702152 23652274    1.45891   80  264    1.04455    4.32263   314%  95.9 18780s
 42712863 23658019    1.13030  114  180    1.04455    4.32250   314%  95.9 18785s
 42722580 23663905    1.42234   89  219    1.04455    4.32237   314%  95.9 18790s
 42734905 23670834    1.99270   76  263    1.04455    4.32231   314%  95.9 18796s
 42744411 23676188    2.34706   69  203    1.04455    4.32225   314%  95.9 18800s
 42757246 23683129    3.29266   82  264    1.04455    4.32212   314%  95.9 18806s
 42766478 23688329    1.08748   96  287    1.04455    4.32194   314%  95.9 18810s
 42777161 23695278     cutoff   78         1.04455    4.32186   314%  95.9 18815s
 42786131 23700659     cutoff  112         1.04455    4.32174   314%  95.9 18820s
 42795889 23706554    1.35425   81  214    1.04455    4.32160   314%  95.9 18825s
 42808081 23713349     cutoff   93         1.04455    4.32147   314%  95.9 18831s
 42817432 23718975    1.14100   86  262    1.04455    4.32138   314%  95.9 18835s
 42827361 23724448    1.05699   67  180    1.04455    4.32117   314%  95.9 18840s
 42836875 23728163    1.49525   79  265    1.04455    4.32104   314%  95.9 18845s
 42849462 23735637    2.09769   79  209    1.04455    4.32087   314%  95.9 18851s
 42859375 23741893    2.36590   68  281    1.04455    4.32076   314%  95.9 18856s
 42869704 23747309    1.13025   82  253    1.04455    4.32066   314%  95.9 18861s
 42875720 23748553    1.50037   83  271    1.04455    4.32056   314%  95.9 18866s
 42879317 23752408    3.07402   83  249    1.04455    4.32055   314%  95.9 18871s
 42890179 23758975    1.63690   82  258    1.04455    4.32036   314%  95.9 18876s
 42898564 23762574    1.33393   93  223    1.04455    4.32029   314%  95.9 18880s
 42910647 23770846    1.22165   88  200    1.04455    4.32016   314%  95.9 18886s
 42921199 23775609    2.49416   84  260    1.04455    4.32000   314%  95.9 18891s
 42930768 23780588    1.14297   94  167    1.04455    4.31985   314%  95.9 18895s
 42940193 23786268    1.45775   84  234    1.04455    4.31967   314%  95.9 18900s
 42949643 23792541    3.34996   81  278    1.04455    4.31957   314%  95.9 18905s
 42961565 23798306    2.44709   71  229    1.04455    4.31945   314%  95.9 18910s
 42974544 23804624    1.05701  101  173    1.04455    4.31921   313%  95.9 18916s
 42985143 23809147 infeasible   90         1.04455    4.31904   313%  95.9 18921s
 42995117 23815708     cutoff   89         1.04455    4.31897   313%  95.9 18926s
 43004162 23821456     cutoff   97         1.04455    4.31887   313%  95.9 18930s
 43013991 23826258 infeasible   91         1.04455    4.31870   313%  95.9 18935s
 43024094 23831611    1.73952   81  264    1.04455    4.31849   313%  95.9 18940s
 43038006 23838008     cutoff   88         1.04455    4.31834   313%  95.9 18946s
 43048791 23842859    1.14152   90  221    1.04455    4.31817   313%  95.9 18951s
 43058936 23848583    2.48563   93  219    1.04455    4.31802   313%  95.9 18955s
 43068431 23854221     cutoff   99         1.04455    4.31789   313%  95.9 18960s
 43077684 23859513    2.61109   77  220    1.04455    4.31775   313%  95.9 18965s
 43091265 23866450     cutoff   93         1.04455    4.31761   313%  95.9 18971s
 43100705 23870900    1.18326  102  206    1.04455    4.31749   313%  95.9 18975s
 43111171 23875874    1.42840   78  242    1.04455    4.31731   313%  95.9 18980s
 43121085 23881325    2.29412   80  255    1.04455    4.31715   313%  95.9 18985s
 43130585 23887067    1.13992   89  222    1.04455    4.31695   313%  95.9 18990s
 43143104 23893284    3.43289   75  252    1.04455    4.31680   313%  95.9 18995s
 43152615 23898420 infeasible   93         1.04455    4.31662   313%  95.9 19000s
 43162230 23903368    1.59008   87  261    1.04455    4.31652   313%  95.9 19005s
 43173173 23908593    3.04407   76  288    1.04455    4.31633   313%  95.9 19010s
 43185528 23916459    4.19675   63  270    1.04455    4.31616   313%  95.9 19016s
 43195256 23922046 infeasible   77         1.04455    4.31602   313%  95.9 19021s
 43204855 23926591    1.27520   92  160    1.04455    4.31600   313%  95.9 19026s
 43214900 23931735     cutoff  104         1.04455    4.31585   313%  95.9 19031s
 43224904 23936095    1.11664   92  292    1.04455    4.31569   313%  95.9 19035s
 43233325 23942087    1.33657   83  220    1.04455    4.31562   313%  95.9 19040s
 43243620 23947504    1.75749   80  259    1.04455    4.31547   313%  95.9 19045s
 43256985 23953205     cutoff  100         1.04455    4.31527   313%  95.9 19051s
 43266902 23958494     cutoff   94         1.04455    4.31511   313%  95.9 19055s
 43275465 23964449    1.24234   87  238    1.04455    4.31502   313%  95.9 19060s
 43285610 23969805     cutoff   84         1.04455    4.31489   313%  95.9 19065s
 43298964 23977242    1.21742  103  194    1.04455    4.31475   313%  95.9 19071s
 43308631 23982943    1.39940   97  259    1.04455    4.31467   313%  95.9 19075s
 43318240 23988199    3.77348   74  295    1.04455    4.31450   313%  95.9 19080s
 43330205 23994721    1.38298   97  219    1.04455    4.31436   313%  95.9 19086s
 43340297 24000777    2.46063   83  221    1.04455    4.31418   313%  95.9 19090s
 43350843 24005558    1.06735   93  265    1.04455    4.31406   313%  95.9 19095s
 43360754 24010685     cutoff   91         1.04455    4.31388   313%  95.9 19100s
 43373728 24017497     cutoff  106         1.04455    4.31373   313%  95.9 19106s
 43380737 24021683    1.11356   99  180    1.04455    4.31361   313%  95.9 19110s
 43393718 24028621    1.20956   94  226    1.04455    4.31345   313%  95.9 19116s
 43403593 24034059     cutoff  112         1.04455    4.31333   313%  95.9 19121s
 43412761 24039199 infeasible   85         1.04455    4.31321   313%  95.9 19125s
 43422173 24043773    1.74284   74  209    1.04455    4.31311   313%  95.9 19130s
 43431583 24046445    1.59586   87  283    1.04455    4.31294   313%  96.0 19135s
 43432492 24047887 infeasible   89         1.04455    4.31294   313%  96.0 19140s
 43443098 24056015 infeasible   99         1.04455    4.31288   313%  95.9 19146s
 43453369 24061223 infeasible   92         1.04455    4.31272   313%  96.0 19151s
 43464604 24066892    1.46869   89  229    1.04455    4.31254   313%  95.9 19155s
 43475760 24073046    1.06549   78  203    1.04455    4.31243   313%  95.9 19161s
 43485887 24078873    2.51940   78  289    1.04455    4.31230   313%  95.9 19165s
 43494935 24085078    3.94904   82  248    1.04455    4.31217   313%  95.9 19170s
 43507528 24091441    1.21512   93  253    1.04455    4.31202   313%  96.0 19176s
 43517542 24096652    1.13818   97  268    1.04455    4.31182   313%  96.0 19181s
 43527781 24102326    3.79572   71  263    1.04455    4.31172   313%  96.0 19185s
 43537779 24108267    1.24648   94  245    1.04455    4.31163   313%  96.0 19190s
 43549535 24114748    4.24573   75  280    1.04455    4.31138   313%  96.0 19196s
 43556238 24118353    1.19867   84  276    1.04455    4.31131   313%  96.0 19200s
 43566665 24124412     cutoff  111         1.04455    4.31119   313%  96.0 19205s
 43576500 24129372    2.65089   87  278    1.04455    4.31104   313%  96.0 19210s
 43588966 24136669    1.12090   75  207    1.04455    4.31091   313%  96.0 19216s
 43598220 24142521    2.48816   77  230    1.04455    4.31079   313%  96.0 19220s
 43607764 24147218    1.56404   70  231    1.04455    4.31065   313%  96.0 19225s
 43618306 24152411    1.10234   93  277    1.04455    4.31047   313%  96.0 19230s
 43626764 24156769    4.17122   69  290    1.04455    4.31036   313%  96.0 19236s
 43632936 24161018    1.59886   71  237    1.04455    4.31026   313%  96.0 19240s
 43644147 24167045     cutoff   91         1.04455    4.31020   313%  96.0 19245s
 43653852 24172379    1.34509  100  286    1.04455    4.31001   313%  96.0 19250s
 43666425 24179566    1.71410   85  260    1.04455    4.30992   313%  96.0 19256s
 43675926 24185253 infeasible   80         1.04455    4.30977   313%  96.0 19261s
 43685428 24190116    1.49849   95  251    1.04455    4.30963   313%  96.0 19266s
 43695459 24195570    1.15752  104  225    1.04455    4.30947   313%  96.0 19270s
 43705045 24200254    1.09849  103  163    1.04455    4.30942   313%  96.0 19275s
 43716314 24206363    2.05210   70  295    1.04455    4.30922   313%  96.0 19280s
 43725919 24211803    1.09404   98  176    1.04455    4.30913   313%  96.0 19285s
 43737625 24220176     cutoff   82         1.04455    4.30892   313%  96.0 19291s
 43746576 24223766    3.02157   89  267    1.04455    4.30880   313%  96.0 19295s
 43759084 24231064    1.20486   97  237    1.04455    4.30869   312%  96.0 19301s
 43768732 24237139    1.56192   92  229    1.04455    4.30855   312%  96.0 19306s
 43779825 24242893    3.81266   81  237    1.04455    4.30845   312%  96.0 19310s
 43789328 24248036    2.53107   82  280    1.04455    4.30834   312%  96.0 19315s
 43799106 24254522    1.06315   96  188    1.04455    4.30819   312%  96.0 19320s
 43810366 24259571    1.06467  101  182    1.04455    4.30806   312%  96.0 19325s
 43823772 24266973    1.26065  106  232    1.04455    4.30788   312%  96.0 19331s
 43834715 24273107    2.62409   84  289    1.04455    4.30781   312%  96.0 19336s
 43844596 24278185    1.57698   82  278    1.04455    4.30763   312%  96.0 19341s
 43854588 24283150     cutoff   95         1.04455    4.30752   312%  96.0 19346s
 43860869 24286688    1.14041  102  286    1.04455    4.30741   312%  96.0 19350s
 43874584 24293362    1.62712   79  225    1.04455    4.30719   312%  96.0 19356s
 43884332 24299031    4.19570   73  266    1.04455    4.30710   312%  96.0 19360s
 43895295 24305516    1.92963   83  275    1.04455    4.30694   312%  96.0 19365s
 43905519 24311311    1.29656  110  234    1.04455    4.30680   312%  96.0 19370s
 43918266 24317346    2.35357   69  268    1.04455    4.30662   312%  96.0 19376s
 43929376 24324762    1.15061   96  251    1.04455    4.30651   312%  96.0 19380s
 43939220 24329571    1.23644   89  227    1.04455    4.30638   312%  96.0 19385s
 43951914 24336788    1.45633   79  211    1.04455    4.30632   312%  96.0 19390s
 43960338 24341700    1.18216  102  176    1.04455    4.30619   312%  96.0 19395s
 43973616 24349443    1.25315   89  202    1.04455    4.30607   312%  96.0 19400s
 43979496 24367546    2.37363   85  255    1.04455    4.30602   312%  96.0 19417s
 44014745 24371509    1.19078   88  163    1.04455    4.30555   312%  96.0 19420s
 44028453 24378643     cutoff   98         1.04455    4.30533   312%  96.0 19426s
 44038503 24383424    1.40327   76  225    1.04455    4.30518   312%  96.0 19430s
 44048705 24389170     cutoff   95         1.04455    4.30506   312%  96.0 19435s
 44062392 24396165    2.48415   92  247    1.04455    4.30488   312%  96.0 19441s
 44071702 24400650    1.09559  103  186    1.04455    4.30475   312%  96.0 19445s
 44084911 24408514    1.14611  111  220    1.04455    4.30463   312%  96.0 19451s
 44093992 24413195    2.49302   76  273    1.04455    4.30448   312%  96.0 19455s
 44103327 24418173     cutoff   82         1.04455    4.30443   312%  96.0 19460s
 44112906 24424165    1.56152   97  259    1.04455    4.30434   312%  96.0 19465s
 44127058 24432060    1.37039   86  216    1.04455    4.30414   312%  96.0 19471s
 44138147 24437052    1.22931   97  281    1.04455    4.30405   312%  96.0 19475s
 44146067 24442647    1.93707   81  219    1.04455    4.30388   312%  96.0 19480s
 44156971 24448268    1.38793   97  201    1.04455    4.30377   312%  96.0 19485s
 44170151 24455347    2.21019   72  235    1.04455    4.30369   312%  96.0 19491s
 44180430 24460437    3.72835   69  272    1.04455    4.30354   312%  96.0 19496s
 44190492 24465962     cutoff  108         1.04455    4.30346   312%  96.0 19500s
 44199946 24471124    4.08977   74  280    1.04455    4.30331   312%  96.0 19505s
 44211131 24478170    2.33505   68  271    1.04455    4.30316   312%  96.0 19511s
 44221266 24482801    3.81715   73  257    1.04455    4.30303   312%  96.0 19516s
 44230752 24488258 infeasible   89         1.04455    4.30288   312%  96.0 19520s
 44241590 24493681 infeasible   90         1.04455    4.30276   312%  96.0 19525s
 44254541 24501039     cutoff   95         1.04455    4.30257   312%  96.0 19531s
 44265003 24506300    1.56085   82  245    1.04455    4.30240   312%  96.0 19536s
 44274797 24512066    2.84312   76  273    1.04455    4.30233   312%  96.0 19540s
 44283624 24517595    4.20695   66  279    1.04455    4.30215   312%  96.0 19545s
 44295990 24522714 infeasible   78         1.04455    4.30202   312%  96.0 19551s
 44306133 24528038     cutoff   98         1.04455    4.30187   312%  96.0 19555s
 44315419 24532512 infeasible   98         1.04455    4.30171   312%  96.0 19560s
 44326209 24539125     cutoff   89         1.04455    4.30162   312%  96.0 19565s
 44335799 24545301     cutoff   94         1.04455    4.30154   312%  96.0 19570s
 44345088 24550504    1.49542   79  225    1.04455    4.30140   312%  96.0 19575s
 44357626 24557125     cutoff   89         1.04455    4.30129   312%  96.0 19581s
 44367124 24562117    1.63802   81  212    1.04455    4.30111   312%  96.0 19585s
 44381288 24569948    4.25631   73  256    1.04455    4.30099   312%  96.0 19591s
 44391187 24574510    1.16130   83  270    1.04455    4.30083   312%  96.0 19595s
 44400849 24580366    1.72488   84  264    1.04455    4.30066   312%  96.0 19600s
 44410268 24586149    1.16197   90  201    1.04455    4.30055   312%  96.0 19605s
 44423612 24593683    1.34424  106  218    1.04455    4.30040   312%  96.0 19611s
 44434288 24598145    1.81996   80  298    1.04455    4.30028   312%  96.0 19615s
 44445353 24603682    1.10347  108  217    1.04455    4.30014   312%  96.0 19620s
 44455218 24609630 infeasible   80         1.04455    4.30006   312%  96.0 19625s
 44467725 24618784    1.57389   81  219    1.04455    4.29997   312%  96.0 19631s
 44479069 24624435    1.11324  110  263    1.04455    4.29981   312%  96.0 19636s
 44488656 24629918 infeasible   96         1.04455    4.29971   312%  96.0 19640s
 44498856 24635533 infeasible   94         1.04455    4.29963   312%  96.0 19645s
 44508704 24641542    1.80292   89  215    1.04455    4.29951   312%  96.0 19650s
 44520766 24648432    1.40674   89  238    1.04455    4.29930   312%  96.0 19655s
 44530086 24654687    1.18195   89  246    1.04455    4.29917   312%  96.0 19660s
 44540935 24659811    2.04114   74  255    1.04455    4.29908   312%  96.0 19665s
 44553223 24667384    3.65132   77  257    1.04455    4.29892   312%  96.0 19670s
 44559152 24668293     cutoff   77         1.04455    4.29882   312%  96.0 19675s
 44562393 24673082    3.44672   72  255    1.04455    4.29882   312%  96.0 19680s
 44574542 24678853    1.17734   84  224    1.04455    4.29867   312%  96.0 19686s
 44580231 24681846     cutoff   94         1.04455    4.29857   312%  96.0 19691s
 44589969 24688803 infeasible   95         1.04455    4.29850   312%  96.0 19695s
 44601229 24695210    1.08176  105  188    1.04455    4.29843   312%  96.0 19701s
 44611803 24700231    1.38519   86  233    1.04455    4.29828   311%  96.0 19706s
 44620374 24704877    2.87181   64  308    1.04455    4.29817   311%  96.0 19711s
 44631625 24709928    1.11475   98  230    1.04455    4.29805   311%  96.0 19715s
 44644636 24716669    4.13604   73  283    1.04455    4.29788   311%  96.0 19721s
 44653650 24721715    1.83891   86  261    1.04455    4.29777   311%  96.0 19725s
 44663516 24727181    2.73810   82  254    1.04455    4.29767   311%  96.0 19730s
 44676700 24733251    1.63931   70  225    1.04455    4.29745   311%  96.0 19736s
 44687602 24738776    2.56551   83  275    1.04455    4.29727   311%  96.0 19740s
 44697452 24743924    1.11823  106  200    1.04455    4.29711   311%  96.0 19745s
 44709609 24751665    3.08022   86  255    1.04455    4.29691   311%  96.1 19751s
 44720242 24756909 infeasible   70         1.04455    4.29679   311%  96.1 19755s
 44730156 24762575     cutoff  100         1.04455    4.29665   311%  96.1 19760s
 44742186 24767932    1.18487   97  242    1.04455    4.29653   311%  96.1 19765s
 44754165 24774244    2.30549   83  255    1.04455    4.29635   311%  96.1 19771s
 44764404 24781138    1.06582   92  177    1.04455    4.29627   311%  96.1 19775s
 44775294 24787338    1.60841   90  260    1.04455    4.29613   311%  96.1 19780s
 44785271 24792282    1.43266   82  259    1.04455    4.29601   311%  96.1 19785s
 44798748 24798448    1.63766   85  213    1.04455    4.29580   311%  96.1 19791s
 44809878 24805472    2.12293   78  262    1.04455    4.29565   311%  96.1 19796s
 44819531 24810764 infeasible   85         1.04455    4.29558   311%  96.1 19800s
 44828934 24815742    2.86651   76  279    1.04455    4.29546   311%  96.1 19805s
 44841805 24821854     cutoff   89         1.04455    4.29530   311%  96.1 19810s
 44853792 24829716    1.12931  104  228    1.04455    4.29517   311%  96.1 19816s
 44863761 24834978    2.50613   90  235    1.04455    4.29504   311%  96.1 19821s
 44874349 24839550    2.94850   82  263    1.04455    4.29484   311%  96.1 19825s
 44883985 24845250    1.91821   85  230    1.04455    4.29474   311%  96.1 19830s
 44897262 24851555    1.13910   90  241    1.04455    4.29453   311%  96.1 19836s
 44906052 24855511    2.98019   74  276    1.04455    4.29440   311%  96.1 19840s
 44918653 24862829    2.60194   87  281    1.04455    4.29423   311%  96.1 19846s
 44928005 24867890     cutoff   95         1.04455    4.29417   311%  96.1 19850s
 44940160 24874421    2.76087  102  300    1.04455    4.29402   311%  96.1 19856s
 44949404 24879819    1.37817   99  275    1.04455    4.29384   311%  96.1 19860s
 44962915 24887306     cutoff  108         1.04455    4.29366   311%  96.1 19866s
 44972397 24893127    1.23800   80  234    1.04455    4.29358   311%  96.1 19870s
 44982083 24898899    1.31741  101  260    1.04455    4.29348   311%  96.1 19875s
 44991907 24903126    1.47684   83  279    1.04455    4.29334   311%  96.1 19880s
 45005039 24909839    1.10543  104  216    1.04455    4.29313   311%  96.1 19885s
 45014429 24914972     cutoff   97         1.04455    4.29304   311%  96.1 19890s
 45024621 24920865 infeasible   84         1.04455    4.29291   311%  96.1 19895s
 45037413 24929181 infeasible   94         1.04455    4.29272   311%  96.1 19901s
 45047966 24935077    2.27023   63  218    1.04455    4.29260   311%  96.1 19906s
 45057990 24941115    1.19782  100  195    1.04455    4.29245   311%  96.1 19910s
 45071269 24947479     cutoff   99         1.04455    4.29232   311%  96.1 19916s
 45081006 24952554    1.05386   96  205    1.04455    4.29217   311%  96.1 19920s
 45090913 24957944    1.54262   79  250    1.04455    4.29206   311%  96.1 19925s
 45104022 24965197    1.23520   83  193    1.04455    4.29189   311%  96.1 19931s
 45112868 24970063    1.90635   82  233    1.04455    4.29175   311%  96.1 19936s
 45122866 24974588    2.18686   92  225    1.04455    4.29162   311%  96.1 19940s
 45126785 24974644 infeasible   95         1.04455    4.29154   311%  96.1 19945s
 45131648 24979605    1.11661   93  181    1.04455    4.29148   311%  96.1 19950s
 45144363 24986995    1.06715  115  152    1.04455    4.29136   311%  96.1 19956s
 45153492 24992566    1.10856   91  263    1.04455    4.29128   311%  96.1 19960s
 45163293 24997748    2.03552   83  271    1.04455    4.29117   311%  96.1 19965s
 45175635 25005060 infeasible   91         1.04455    4.29098   311%  96.1 19971s
 45185639 25010481    1.47311   91  225    1.04455    4.29090   311%  96.1 19975s
 45195074 25016437    1.41164  102  185    1.04455    4.29074   311%  96.1 19980s
 45207495 25021700    1.56038   88  228    1.04455    4.29055   311%  96.1 19985s
 45219903 25029001    1.50397   90  263    1.04455    4.29044   311%  96.1 19990s
 45230967 25035997    2.45167   80  244    1.04455    4.29034   311%  96.1 19995s
 45240309 25042783     cutoff  116         1.04455    4.29024   311%  96.1 20000s
 45250526 25046957    1.06937  100  252    1.04455    4.29014   311%  96.1 20005s
 45264230 25054495     cutoff  104         1.04455    4.28996   311%  96.1 20011s
 45274135 25059136     cutoff   88         1.04455    4.28980   311%  96.1 20015s
 45284124 25064488     cutoff   87         1.04455    4.28968   311%  96.1 20021s
 45293647 25070538     cutoff  104         1.04455    4.28958   311%  96.1 20025s
 45304347 25076140    1.09733  100  250    1.04455    4.28944   311%  96.1 20030s
 45314016 25081098    1.60534   72  225    1.04455    4.28929   311%  96.1 20035s
 45325007 25085843    1.39302   75  267    1.04455    4.28916   311%  96.1 20040s
 45337245 25093201    2.07996   75  239    1.04455    4.28895   311%  96.1 20045s
 45346964 25097333     cutoff  105         1.04455    4.28883   311%  96.1 20050s
 45358851 25104511    1.11178   97  198    1.04455    4.28864   311%  96.1 20055s
 45368783 25110153    1.25409   98  229    1.04455    4.28852   311%  96.1 20060s
 45382275 25117770    3.73901   78  213    1.04455    4.28840   311%  96.1 20066s
 45392107 25123120     cutoff  107         1.04455    4.28824   311%  96.1 20070s
 45401716 25128382    2.07772   73  286    1.04455    4.28811   311%  96.1 20075s
 45413721 25135341    1.14544  101  273    1.04455    4.28799   311%  96.1 20081s
 45424468 25140734    1.12563   99  207    1.04455    4.28788   310%  96.1 20085s
 45434129 25146527    1.51882   85  213    1.04455    4.28777   310%  96.1 20090s
 45446525 25152916     cutoff  109         1.04455    4.28764   310%  96.1 20096s
 45456424 25158132    1.56108   89  230    1.04455    4.28750   310%  96.1 20100s
 45467226 25164883    3.05944   69  280    1.04455    4.28737   310%  96.1 20105s
 45477339 25168530    1.16813  106  242    1.04455    4.28724   310%  96.1 20110s
 45489569 25175433    2.35577   48  210    1.04455    4.28708   310%  96.1 20116s
 45499488 25179858    1.11034   77  210    1.04455    4.28694   310%  96.1 20120s
 45511010 25186123    2.26062   85  240    1.04455    4.28681   310%  96.1 20126s
 45520620 25190848    2.50312   79  274    1.04455    4.28668   310%  96.1 20130s
 45531167 25196916    1.07465   95  237    1.04455    4.28656   310%  96.1 20135s
 45538310 25201723    1.11679  106  249    1.04455    4.28648   310%  96.1 20141s
 45549903 25207023     cutoff   91         1.04455    4.28628   310%  96.1 20146s
 45560988 25213446    2.77984   84  272    1.04455    4.28615   310%  96.1 20151s
 45570074 25218540    3.24338   74  227    1.04455    4.28608   310%  96.1 20155s
 45579652 25224095     cutoff   85         1.04455    4.28593   310%  96.1 20160s
 45592087 25230366    1.07887  102  212    1.04455    4.28574   310%  96.1 20165s
 45604284 25237158    1.42489  102  215    1.04455    4.28562   310%  96.1 20171s
 45613967 25242786     cutoff  103         1.04455    4.28553   310%  96.1 20175s
 45626608 25249209 infeasible  107         1.04455    4.28532   310%  96.1 20181s
 45635231 25254900    1.08132   94  239    1.04455    4.28519   310%  96.1 20185s
 45648414 25262664    2.92349   81  288    1.04455    4.28501   310%  96.1 20191s
 45658084 25268511    1.41245   82  180    1.04455    4.28489   310%  96.1 20195s
 45671244 25275320    1.12761   94  221    1.04455    4.28473   310%  96.1 20201s
 45681950 25280959    2.32512   78  215    1.04455    4.28458   310%  96.1 20206s
 45691197 25284288    1.10078   95  187    1.04455    4.28447   310%  96.1 20210s
 45691997 25286223    1.16653   88  205    1.04455    4.28444   310%  96.1 20215s
 45703396 25292273     cutoff  112         1.04455    4.28433   310%  96.1 20220s
H45709467 25294838                       1.0445670    4.28426   310%  96.2 20223s
 45710918 25296101     cutoff  104         1.04457    4.28426   310%  96.2 20225s
H45712024 25295642                       1.0445901    4.28424   310%  96.2 20226s
 45716786 25300006    1.12382   90  256    1.04459    4.28410   310%  96.2 20230s
 45729463 25306492    1.44164   79  245    1.04459    4.28392   310%  96.2 20236s
 45740325 25311218    1.16839  104  223    1.04459    4.28378   310%  96.2 20240s
 45749717 25316483    1.40343   84  233    1.04459    4.28366   310%  96.2 20245s
 45762183 25325145     cutoff   99         1.04459    4.28352   310%  96.2 20250s
 45771978 25329964    2.96430   73  272    1.04459    4.28339   310%  96.2 20255s
 45781664 25335362    1.30305   91  202    1.04459    4.28325   310%  96.2 20260s
 45794918 25341600    1.20604   90  202    1.04459    4.28310   310%  96.2 20265s
H45799266 25342561                       1.0445911    4.28304   310%  96.2 20268s
 45804243 25346508    2.03958   73  226    1.04459    4.28295   310%  96.2 20271s
 45814106 25351993     cutoff  108         1.04459    4.28283   310%  96.2 20276s
 45823003 25357308    3.31570   69  257    1.04459    4.28273   310%  96.2 20281s
 45832812 25362591    1.14805   94  245    1.04459    4.28262   310%  96.2 20285s
 45846325 25370025 infeasible   87         1.04459    4.28247   310%  96.2 20291s
 45855917 25375928     cutoff  113         1.04459    4.28233   310%  96.2 20295s
 45865583 25380714    1.82653   78  263    1.04459    4.28221   310%  96.2 20300s
 45878075 25387121    1.15381   99  231    1.04459    4.28202   310%  96.2 20306s
 45888024 25392152    1.72109   86  256    1.04459    4.28191   310%  96.2 20310s
 45897811 25397634    3.22243   75  285    1.04459    4.28176   310%  96.2 20315s
 45910141 25404143    1.12240  103  205    1.04459    4.28160   310%  96.2 20321s
 45920408 25409244    2.23621   73  220    1.04459    4.28150   310%  96.2 20325s
 45930804 25414557    1.31612   84  196    1.04459    4.28135   310%  96.2 20330s
 45943873 25421307    3.05018   80  261    1.04459    4.28116   310%  96.2 20336s
 45953540 25426596    1.20236   99  209    1.04459    4.28104   310%  96.2 20340s
 45966891 25433659    1.07021   97  233    1.04459    4.28091   310%  96.2 20346s
 45977024 25438094     cutoff  100         1.04459    4.28076   310%  96.2 20350s
 45989797 25444386    1.23304   83  232    1.04459    4.28058   310%  96.2 20356s
 45999231 25448567    1.26858   89  262    1.04459    4.28045   310%  96.2 20361s
 46008948 25453298     cutoff   84         1.04459    4.28032   310%  96.2 20365s
 46019331 25458854    1.61940   74  232    1.04459    4.28021   310%  96.2 20370s
 46033495 25465942    1.29832   94  264    1.04459    4.27996   310%  96.2 20375s
 46044181 25473274     cutoff  105         1.04459    4.27984   310%  96.2 20380s
H46052438 25472707                       1.0447912    4.27978   310%  96.2 20385s
H46054367 25472931                       1.0448275    4.27975   310%  96.2 20388s
H46055050 25472805                       1.0448334    4.27975   310%  96.2 20389s
 46056542 25474590    3.06366   88  279    1.04483    4.27971   310%  96.2 20391s
 46066359 25479217    1.16811   86  204    1.04483    4.27956   310%  96.2 20395s
 46075378 25484853     cutoff   90         1.04483    4.27946   310%  96.2 20400s
 46088557 25492131    2.88551   77  268    1.04483    4.27932   310%  96.2 20405s
 46098765 25498539     cutoff   91         1.04483    4.27917   310%  96.2 20410s
 46108953 25504136    2.58802   70  273    1.04483    4.27911   310%  96.2 20415s
 46122446 25511678    1.43874   82  231    1.04483    4.27887   310%  96.2 20420s
 46131185 25516857 infeasible   84         1.04483    4.27876   310%  96.2 20425s
 46141728 25522725 infeasible   79         1.04483    4.27859   310%  96.2 20430s
 46152335 25526666    1.11484   96  175    1.04483    4.27850   309%  96.2 20435s
 46164293 25534882    1.22747   89  218    1.04483    4.27838   309%  96.2 20441s
 46174529 25540629    1.11525   76  218    1.04483    4.27823   309%  96.2 20446s
 46184300 25546061    1.74707   82  204    1.04483    4.27812   309%  96.2 20451s
H46185652 25545900                       1.0448405    4.27812   309%  96.2 20452s
 46188131 25563351    1.11187  104  209    1.04484    4.27812   309%  96.2 20466s
 46226940 25569813    1.58108   83  227    1.04484    4.27758   309%  96.2 20470s
H46231343 25571080                       1.0448485    4.27757   309%  96.2 20473s
H46231793 25571076                       1.0448486    4.27757   309%  96.2 20475s
H46236205 25573526                       1.0448718    4.27756   309%  96.2 20479s
 46237540 25574777    1.15292   98  205    1.04487    4.27754   309%  96.2 20481s
H46247523 25578695                       1.0448950    4.27742   309%  96.2 20485s
 46256980 25585735    1.63769   83  238    1.04490    4.27731   309%  96.2 20491s
 46265915 25590785    1.62384   74  207    1.04490    4.27719   309%  96.2 20496s
 46273038 25594286    1.09843  101  141    1.04490    4.27711   309%  96.2 20500s
 46285139 25601816    1.30841   96  202    1.04490    4.27701   309%  96.2 20506s
 46291086 25605273    1.25007   96  235    1.04490    4.27692   309%  96.2 20510s
 46304584 25611489    2.80066   84  272    1.04490    4.27675   309%  96.2 20516s
 46313930 25616538    1.80589   76  282    1.04490    4.27663   309%  96.2 20520s
H46320550 25620247                       1.0449007    4.27657   309%  96.2 20525s
H46322958 25622119                       1.0449146    4.27654   309%  96.2 20528s
 46326282 25623806    1.73496   85  230    1.04491    4.27654   309%  96.2 20530s
H46336212 25627276                       1.0449153    4.27638   309%  96.2 20535s
 46343295 25632209 infeasible   85         1.04492    4.27629   309%  96.2 20540s
 46353661 25637537    1.96857   90  263    1.04492    4.27619   309%  96.2 20545s
 46365954 25645323    1.39982   90  208    1.04492    4.27602   309%  96.2 20551s
 46376154 25651100    1.25234   86  228    1.04492    4.27583   309%  96.2 20556s
 46385529 25655101    1.06836  108  197    1.04492    4.27574   309%  96.2 20561s
 46394866 25660241    1.16754  106  203    1.04492    4.27565   309%  96.2 20566s
 46404206 25664417    1.31391   84  260    1.04492    4.27551   309%  96.2 20571s
 46411819 25670060    2.96380   79  245    1.04492    4.27545   309%  96.2 20575s
 46425412 25676865 infeasible   80         1.04492    4.27528   309%  96.2 20581s
 46435053 25682357    3.47269   69  245    1.04492    4.27509   309%  96.2 20585s
 46444534 25686964    1.45754   83  263    1.04492    4.27500   309%  96.2 20590s
 46453488 25692822    1.74237   86  275    1.04492    4.27488   309%  96.2 20595s
 46463635 25697786    1.50490   81  335    1.04492    4.27475   309%  96.2 20600s
 46473488 25702313    3.01232   81  186    1.04492    4.27463   309%  96.2 20605s
H46473595 25701975                       1.0449317    4.27463   309%  96.2 20607s
H46477717 25703511                       1.0449540    4.27460   309%  96.2 20610s
 46488619 25710690    3.86730   79  277    1.04495    4.27443   309%  96.2 20616s
 46496158 25712875    1.36504   69  188    1.04495    4.27435   309%  96.2 20621s
 46499019 25718467    2.53349   71  298    1.04495    4.27433   309%  96.2 20625s
 46514410 25725615    1.30383  107  290    1.04495    4.27422   309%  96.2 20631s
 46524300 25730771    2.41807   76  279    1.04495    4.27413   309%  96.2 20635s
H46524576 25730323                       1.0449771    4.27413   309%  96.2 20637s
 46531335 25734013    1.98384   86  218    1.04498    4.27407   309%  96.2 20640s
 46541623 25739203    1.28295   90  268    1.04498    4.27390   309%  96.2 20645s
 46554296 25747049    1.18264   95  221    1.04498    4.27371   309%  96.2 20651s
 46565485 25753366    1.16279   94  213    1.04498    4.27361   309%  96.2 20656s
 46575025 25759422    1.13789   96  175    1.04498    4.27348   309%  96.2 20661s
 46584521 25764458    2.41670   89  287    1.04498    4.27344   309%  96.2 20666s
 46594411 25769587    1.36065   84  216    1.04498    4.27333   309%  96.2 20670s
 46607083 25776540    1.55702   83  201    1.04498    4.27319   309%  96.2 20676s
 46616467 25782243    3.20115   72  283    1.04498    4.27307   309%  96.2 20680s
 46627616 25788326    1.14378   94  230    1.04498    4.27295   309%  96.2 20686s
 46637558 25794486    1.86536   96  229    1.04498    4.27279   309%  96.2 20690s
 46647183 25800662     cutoff  108         1.04498    4.27266   309%  96.2 20695s
 46656681 25805334    1.30703   79  153    1.04498    4.27261   309%  96.2 20700s
 46665235 25809396    1.66023   80  263    1.04498    4.27247   309%  96.2 20705s
 46676287 25815207 infeasible   92         1.04498    4.27233   309%  96.2 20710s
 46687448 25821064    1.26848   98  268    1.04498    4.27223   309%  96.2 20715s
 46697282 25826957    1.05515  101  144    1.04498    4.27206   309%  96.2 20720s
 46706939 25831906    1.13881  103  206    1.04498    4.27195   309%  96.2 20725s
 46721905 25840668     cutoff  106         1.04498    4.27180   309%  96.2 20731s
 46724477 25840818    2.59733   86  252    1.04498    4.27180   309%  96.2 20736s
 46731339 25847191    1.14291   94  203    1.04498    4.27167   309%  96.2 20741s
 46741529 25852452    1.11480  112  189    1.04498    4.27155   309%  96.2 20745s
 46749792 25857713    1.61383   84  202    1.04498    4.27148   309%  96.2 20750s
 46760477 25863032    1.23278  108  257    1.04498    4.27131   309%  96.2 20755s
 46770265 25869188    1.51461   89  255    1.04498    4.27122   309%  96.2 20760s
 46778909 25874776     cutoff   76         1.04498    4.27116   309%  96.2 20765s
 46789081 25880343    2.73554   75  287    1.04498    4.27101   309%  96.2 20770s
 46802222 25887081    1.05337  102  254    1.04498    4.27085   309%  96.2 20776s
 46811740 25892341    1.21203  104  248    1.04498    4.27071   309%  96.2 20781s
 46821252 25897415     cutoff   96         1.04498    4.27057   309%  96.2 20785s
 46830800 25903351     cutoff   95         1.04498    4.27043   309%  96.2 20790s
 46842821 25907991    2.40676   71  276    1.04498    4.27029   309%  96.2 20795s
 46852799 25914131    1.29952   75  228    1.04498    4.27014   309%  96.2 20800s
 46861807 25919326 infeasible   92         1.04498    4.27007   309%  96.2 20805s
 46876622 25926213 infeasible  106         1.04498    4.26986   309%  96.2 20811s
 46886437 25931485    4.20905   71  249    1.04498    4.26977   309%  96.2 20816s
 46895703 25936585    1.51002   88  207    1.04498    4.26968   309%  96.2 20821s
 46904910 25941795     cutoff   98         1.04498    4.26955   309%  96.2 20825s
 46914486 25947786     cutoff  102         1.04498    4.26947   309%  96.2 20830s
 46925171 25952834    1.49807   98  272    1.04498    4.26932   309%  96.2 20835s
 46935097 25958981    1.49294   70  239    1.04498    4.26919   309%  96.2 20840s
 46948745 25967003    1.11942   95  209    1.04498    4.26906   309%  96.2 20846s
H46950463 25966902                       1.0449814    4.26905   309%  96.2 20848s
 46954522 25969340    1.68344   87  256    1.04498    4.26899   309%  96.2 20851s
 46964003 25974127    1.06638  111  206    1.04498    4.26890   309%  96.2 20856s
 46973761 25980533    2.09541   86  283    1.04498    4.26877   309%  96.2 20861s
 46983609 25985716    1.49817   97  232    1.04498    4.26865   308%  96.2 20865s
 46995151 25991241     cutoff   76         1.04498    4.26854   308%  96.2 20870s
 47007400 25998010    2.61249   75  282    1.04498    4.26838   308%  96.2 20876s
 47016731 26003234    1.22633  100  229    1.04498    4.26828   308%  96.2 20881s
 47027539 26007642    1.15446   99  188    1.04498    4.26811   308%  96.2 20885s
 47037116 26013182     cutoff   98         1.04498    4.26800   308%  96.2 20890s
 47048142 26018711    1.80396   84  292    1.04498    4.26785   308%  96.2 20895s
 47057826 26024655    1.27419   98  230    1.04498    4.26776   308%  96.2 20900s
 47070645 26032083     cutoff  101         1.04498    4.26757   308%  96.3 20906s
 47080173 26036969    1.07733   97  227    1.04498    4.26742   308%  96.2 20911s
 47090043 26042444     cutoff   99         1.04498    4.26726   308%  96.2 20915s
 47100504 26047653     cutoff   85         1.04498    4.26715   308%  96.3 20920s
 47111448 26053731    1.18533   88  179    1.04498    4.26706   308%  96.3 20925s
 47121403 26059037    3.10989   83  266    1.04498    4.26693   308%  96.3 20930s
 47133680 26068620    3.21797   84  236    1.04498    4.26685   308%  96.3 20936s
 47141161 26071754    1.04670  104  231    1.04498    4.26675   308%  96.3 20940s
 47155286 26078947    1.22443   96  275    1.04498    4.26654   308%  96.3 20946s
 47164428 26084384    1.09945   93  199    1.04498    4.26643   308%  96.3 20951s
 47172748 26089451    1.39719   75  284    1.04498    4.26634   308%  96.3 20955s
 47185676 26096441     cutoff  109         1.04498    4.26615   308%  96.3 20961s
 47195121 26102022    4.04894   78  248    1.04498    4.26603   308%  96.3 20966s
 47205850 26107305     cutoff   97         1.04498    4.26591   308%  96.3 20971s
 47215534 26112609    1.91532   86  234    1.04498    4.26582   308%  96.3 20975s
 47225796 26119232    1.53781   76  241    1.04498    4.26569   308%  96.3 20980s
 47237000 26124287    1.44476   87  211    1.04498    4.26551   308%  96.3 20985s
 47247002 26128980    1.67227   88  289    1.04498    4.26538   308%  96.3 20990s
 47249053 26130175    1.88463   91  257    1.04498    4.26536   308%  96.3 20995s
 47257866 26135372    4.22660   72  298    1.04498    4.26532   308%  96.3 21000s
 47269474 26143675    1.11222  102  167    1.04498    4.26519   308%  96.3 21006s
 47276759 26147188    1.70434   68  266    1.04498    4.26512   308%  96.3 21010s
 47289612 26154975    1.12401   85  227    1.04498    4.26496   308%  96.3 21016s
 47298543 26160044    3.01902   71  260    1.04498    4.26487   308%  96.3 21021s
 47308529 26165059     cutoff  108         1.04498    4.26480   308%  96.3 21026s
 47318403 26170834     cutoff   82         1.04498    4.26466   308%  96.3 21030s
 47328180 26175051 infeasible   80         1.04498    4.26449   308%  96.3 21035s
 47340173 26182436    1.19249  100  214    1.04498    4.26432   308%  96.3 21041s
 47349938 26187490    1.48941   94  265    1.04498    4.26426   308%  96.3 21046s
 47359074 26192862    1.12211   96  252    1.04498    4.26406   308%  96.3 21051s
 47370098 26198235    1.05669   89  200    1.04498    4.26400   308%  96.3 21055s
H47378358 26200511                       1.0449835    4.26385   308%  96.3 21060s
 47385318 26206555    1.26500  106  234    1.04498    4.26375   308%  96.3 21065s
 47395608 26212386    1.14106   96  248    1.04498    4.26362   308%  96.3 21070s
 47408851 26219516    2.27098   78  298    1.04498    4.26346   308%  96.3 21076s
 47417508 26224568    2.95201   77  274    1.04498    4.26332   308%  96.3 21080s
 47426945 26229829    1.31500   84  253    1.04498    4.26319   308%  96.3 21085s
 47441231 26237669    1.25423  101  226    1.04498    4.26301   308%  96.3 21091s
 47451107 26242435    1.17616  101  201    1.04498    4.26290   308%  96.3 21096s
 47461097 26246756    1.07244  101  212    1.04498    4.26277   308%  96.3 21100s
 47473725 26254322    2.87463   83  218    1.04498    4.26264   308%  96.3 21106s
 47482810 26259604    1.15300  103  183    1.04498    4.26254   308%  96.3 21110s
 47492259 26265521     cutoff   70         1.04498    4.26243   308%  96.3 21115s
 47504006 26271683    2.00416   80  235    1.04498    4.26222   308%  96.3 21121s
 47513220 26277204    1.16570   91  178    1.04498    4.26210   308%  96.3 21125s
 47526762 26283349    1.07608  104  231    1.04498    4.26192   308%  96.3 21131s
 47537569 26288651    1.29936   98  237    1.04498    4.26173   308%  96.3 21136s
 47547340 26293811    1.38515   76  237    1.04498    4.26158   308%  96.3 21141s
 47553646 26296562    3.87802   81  274    1.04498    4.26153   308%  96.3 21145s
 47560704 26301997    1.17510  101  259    1.04498    4.26149   308%  96.3 21150s
 47573017 26308805    3.86720   71  269    1.04498    4.26130   308%  96.3 21156s
 47582400 26314423    1.30457   88  208    1.04498    4.26119   308%  96.3 21160s
 47591593 26319266     cutoff   97         1.04498    4.26113   308%  96.3 21165s
 47604286 26326942    1.43064   87  228    1.04498    4.26094   308%  96.3 21171s
 47613575 26332270     cutoff  107         1.04498    4.26085   308%  96.3 21175s
 47623201 26338314    1.37190   87  281    1.04498    4.26075   308%  96.3 21180s
 47636755 26345558    1.36093   94  291    1.04498    4.26060   308%  96.3 21185s
H47637829 26345475                       1.0449878    4.26059   308%  96.3 21187s
 47642570 26348665    3.08214   74  260    1.04499    4.26054   308%  96.3 21190s
 47655615 26356056    2.09813   83  259    1.04499    4.26042   308%  96.3 21196s
 47663557 26361960    1.17398  103  265    1.04499    4.26036   308%  96.3 21201s
 47672853 26367142    1.94697   95  233    1.04499    4.26024   308%  96.3 21206s
 47682767 26372392    1.34742   93  232    1.04499    4.26009   308%  96.3 21210s
 47691572 26377359    1.16921   85  286    1.04499    4.25997   308%  96.3 21215s
 47704246 26383652     cutoff  104         1.04499    4.25978   308%  96.3 21221s
 47713551 26388898    1.94754   84  238    1.04499    4.25964   308%  96.3 21225s
 47722411 26393932 infeasible  101         1.04499    4.25952   308%  96.3 21230s
 47735278 26400971 infeasible   90         1.04499    4.25940   308%  96.3 21236s
 47744548 26406372    2.34250   83  268    1.04499    4.25930   308%  96.3 21240s
 47754159 26411032    1.52014   83  242    1.04499    4.25915   308%  96.3 21245s
 47767218 26418764    1.13707   96  236    1.04499    4.25897   308%  96.3 21251s
 47770531 26436139 infeasible   96         1.04499    4.25897   308%  96.3 21267s
 47806235 26439427 infeasible   87         1.04499    4.25852   308%  96.3 21270s
 47818887 26445965    1.12325   92  199    1.04499    4.25832   307%  96.3 21275s
 47831935 26454378    1.37407   92  202    1.04499    4.25819   307%  96.3 21281s
 47842027 26459366    1.51180   84  305    1.04499    4.25815   307%  96.3 21285s
 47855046 26467076    1.08139   98  224    1.04499    4.25806   307%  96.3 21291s
 47864898 26472005    1.53252   72  262    1.04499    4.25792   307%  96.3 21295s
 47878495 26479771 infeasible   87         1.04499    4.25778   307%  96.3 21301s
 47888006 26484075 infeasible   98         1.04499    4.25766   307%  96.3 21305s
 47899828 26491031     cutoff   82         1.04499    4.25751   307%  96.3 21311s
 47908903 26496643    1.33067  100  207    1.04499    4.25744   307%  96.3 21315s
 47922509 26503952    3.63505   64  278    1.04499    4.25725   307%  96.3 21321s
 47932519 26508538    1.13369  100  216    1.04499    4.25710   307%  96.3 21325s
 47944636 26514464    3.97224   67  246    1.04499    4.25695   307%  96.3 21331s
 47954346 26519418    1.25379   81  260    1.04499    4.25680   307%  96.3 21335s
 47966671 26525223    1.61473   77  238    1.04499    4.25664   307%  96.3 21341s
 47976549 26529638    3.66963   82  241    1.04499    4.25653   307%  96.3 21345s
 47986379 26534304 infeasible   90         1.04499    4.25641   307%  96.3 21350s
 47997250 26541387    1.58400   96  258    1.04499    4.25628   307%  96.3 21355s
 48009262 26548283    1.89331   73  249    1.04499    4.25614   307%  96.3 21361s
 48019979 26552680    1.09974   91  199    1.04499    4.25603   307%  96.3 21365s
 48029911 26558607    1.46339   87  299    1.04499    4.25590   307%  96.3 21370s
 48042483 26566589    1.34644   93  273    1.04499    4.25579   307%  96.3 21376s
 48052013 26572403    1.29318   91  219    1.04499    4.25568   307%  96.3 21380s
 48065262 26579327    2.73911   70  242    1.04499    4.25552   307%  96.3 21386s
 48074643 26584087     cutoff  113         1.04499    4.25538   307%  96.3 21390s
 48088178 26592137    1.82726   73  281    1.04499    4.25522   307%  96.3 21396s
 48096727 26596305     cutoff   89         1.04499    4.25517   307%  96.3 21400s
 48106615 26601707     cutoff  113         1.04499    4.25504   307%  96.3 21405s
 48120362 26609962    1.42151   94  238    1.04499    4.25492   307%  96.3 21411s
 48130454 26615246    1.54135   89  268    1.04499    4.25484   307%  96.3 21415s
 48143262 26621245     cutoff  103         1.04499    4.25466   307%  96.3 21421s
 48151543 26627127    2.35979   79  207    1.04499    4.25452   307%  96.3 21425s
 48161388 26631980     cutoff   90         1.04499    4.25448   307%  96.3 21430s
 48175299 26638081     cutoff  102         1.04499    4.25423   307%  96.3 21436s
 48184690 26642105    3.73482   74  266    1.04499    4.25412   307%  96.3 21440s
 48196204 26649535 infeasible   92         1.04499    4.25397   307%  96.3 21445s
 48207167 26654822    3.22857   78  265    1.04499    4.25387   307%  96.3 21450s
 48219812 26661691     cutoff  111         1.04499    4.25374   307%  96.3 21456s
 48229291 26666439     cutoff  121         1.04499    4.25361   307%  96.3 21460s
 48241642 26674154    1.05629  102  259    1.04499    4.25349   307%  96.3 21466s
 48250985 26679803 infeasible   94         1.04499    4.25342   307%  96.3 21470s
 48263178 26687685    2.98694   79  260    1.04499    4.25330   307%  96.3 21476s
 48273117 26693549    1.28441  103  218    1.04499    4.25318   307%  96.3 21480s
 48282796 26698563    1.35069   80  242    1.04499    4.25314   307%  96.3 21485s
 48296484 26704889    2.72270   81  238    1.04499    4.25292   307%  96.3 21491s
 48305543 26710264     cutoff  101         1.04499    4.25274   307%  96.3 21496s
 48317800 26715833    1.28523   91  267    1.04499    4.25261   307%  96.3 21500s
 48324100 26718130    1.80790   83  204    1.04499    4.25253   307%  96.3 21506s
 48328836 26722909    1.32514   86  304    1.04499    4.25244   307%  96.3 21511s
 48339455 26729128    1.50596   82  208    1.04499    4.25232   307%  96.3 21515s
 48349424 26734195    2.21029   81  211    1.04499    4.25220   307%  96.3 21520s
 48358825 26740001    1.45372   87  226    1.04499    4.25209   307%  96.3 21525s
 48373795 26746617    2.51627   76  269    1.04499    4.25188   307%  96.3 21531s
 48382696 26751329    3.08615   71  329    1.04499    4.25173   307%  96.3 21535s
 48392401 26756611    1.08321  109  203    1.04499    4.25159   307%  96.3 21540s
 48405789 26764144 infeasible   75         1.04499    4.25149   307%  96.3 21545s
 48415552 26769340    1.21925   94  183    1.04499    4.25139   307%  96.3 21550s
 48429013 26777898    1.14775   90  223    1.04499    4.25124   307%  96.3 21556s
 48438894 26782707    1.12981   94  185    1.04499    4.25112   307%  96.3 21560s
 48448541 26789259    1.36023  100  271    1.04499    4.25099   307%  96.3 21565s
 48459954 26794501    1.64693   90  264    1.04499    4.25082   307%  96.3 21570s
 48473192 26802397 infeasible  101         1.04499    4.25074   307%  96.3 21576s
 48483917 26807660    1.62278   84  240    1.04499    4.25051   307%  96.3 21580s
 48494266 26812642 infeasible  112         1.04499    4.25037   307%  96.3 21585s
 48507940 26819630    1.28705   96  198    1.04499    4.25018   307%  96.3 21591s
 48519142 26826440    2.86635   82  265    1.04499    4.25006   307%  96.3 21595s
 48529169 26833689 infeasible  103         1.04499    4.24996   307%  96.3 21600s
 48542833 26840998 infeasible   77         1.04499    4.24981   307%  96.3 21605s
 48553825 26848019    1.13364   71  245    1.04499    4.24968   307%  96.3 21611s
 48564034 26853375     cutoff   95         1.04499    4.24957   307%  96.3 21616s
 48572908 26859242     cutoff   91         1.04499    4.24949   307%  96.3 21620s
 48582468 26863705    3.09682   71  249    1.04499    4.24946   307%  96.3 21625s
 48595649 26870172     cutoff  104         1.04499    4.24930   307%  96.3 21630s
 48605216 26876511    1.11193  110  255    1.04499    4.24916   307%  96.3 21635s
 48618168 26882784    1.55652   85  205    1.04499    4.24900   307%  96.3 21641s
 48626310 26886022    1.59751   96  232    1.04499    4.24890   307%  96.3 21645s
 48631889 26890219    3.41006   77  248    1.04499    4.24882   307%  96.3 21650s
 48643034 26896889     cutoff   79         1.04499    4.24868   307%  96.3 21655s
 48655368 26905187    1.60202   92  259    1.04499    4.24855   307%  96.3 21660s
 48665199 26910823    1.87034   81  198    1.04499    4.24849   307%  96.3 21665s
 48675936 26916113    1.15922   99  211    1.04499    4.24832   307%  96.3 21670s
 48689309 26923065     cutoff   98         1.04499    4.24816   307%  96.4 21675s
 48698722 26928101    2.79673   74  258    1.04499    4.24805   307%  96.4 21680s
 48712158 26934512    2.76915   69  236    1.04499    4.24789   307%  96.4 21686s
 48721698 26939982     cutoff   98         1.04499    4.24778   306%  96.4 21690s
 48732402 26946091    1.22360   96  241    1.04499    4.24769   306%  96.4 21695s
 48745001 26953190    1.73465   82  225    1.04499    4.24748   306%  96.4 21701s
 48755832 26958261    1.74048   87  261    1.04499    4.24741   306%  96.4 21705s
 48768521 26964699    2.20488   85  201    1.04499    4.24716   306%  96.4 21711s
 48778269 26969810    1.42063   91  237    1.04499    4.24706   306%  96.4 21715s
 48789068 26974777    1.07175   91  260    1.04499    4.24694   306%  96.4 21720s
 48801477 26982178    1.47101   87  269    1.04499    4.24673   306%  96.4 21726s
 48812948 26987172 infeasible  118         1.04499    4.24655   306%  96.4 21731s
 48823956 26993675    1.19712  101  232    1.04499    4.24643   306%  96.4 21735s
 48833520 26999174    2.54189   96  305    1.04499    4.24632   306%  96.4 21740s
 48846719 27006247    1.17519   99  176    1.04499    4.24619   306%  96.4 21745s
 48858372 27013955    1.23149   89  176    1.04499    4.24603   306%  96.4 21751s
 48867653 27020057    1.13501   94  209    1.04499    4.24601   306%  96.4 21755s
 48877564 27023661    1.11224  105  210    1.04499    4.24588   306%  96.4 21760s
 48880765 27027673    1.89214   84  228    1.04499    4.24584   306%  96.4 21766s
 48892738 27034755    1.09808  116  191    1.04499    4.24571   306%  96.4 21771s
 48904148 27041087    1.16278   89  214    1.04499    4.24554   306%  96.4 21776s
 48913958 27046669    2.14914   79  268    1.04499    4.24546   306%  96.4 21780s
 48927269 27052716    1.23994   95  227    1.04499    4.24526   306%  96.4 21786s
 48936461 27058966     cutoff   91         1.04499    4.24515   306%  96.4 21790s
 48946779 27062909     cutoff   89         1.04499    4.24503   306%  96.4 21795s
 48959373 27070982    1.43867   90  218    1.04499    4.24490   306%  96.4 21801s
 48969831 27075451 infeasible   82         1.04499    4.24474   306%  96.4 21805s
 48981814 27082506    2.01707   79  206    1.04499    4.24459   306%  96.4 21811s
 48991322 27088097    3.27734   81  283    1.04499    4.24448   306%  96.4 21815s
 49002312 27093422    3.28356   80  288    1.04499    4.24434   306%  96.4 21820s
 49015773 27099564    1.42524   92  239    1.04499    4.24416   306%  96.4 21826s
 49024438 27104376     cutoff  106         1.04499    4.24408   306%  96.4 21831s
 49033551 27108607    1.24231   89  263    1.04499    4.24394   306%  96.4 21835s
H49045676 27112869                       1.0449964    4.24383   306%  96.4 21841s
 49052685 27117468    3.47782   77  304    1.04500    4.24373   306%  96.4 21845s
 49063536 27122990     cutoff   86         1.04500    4.24356   306%  96.4 21850s
 49073435 27128231 infeasible  112         1.04500    4.24344   306%  96.4 21855s
 49087030 27135014 infeasible   71         1.04500    4.24323   306%  96.4 21861s
 49098187 27140455    1.13048   87  206    1.04500    4.24303   306%  96.4 21865s
 49107751 27146404     cutoff  105         1.04500    4.24294   306%  96.4 21870s
 49120013 27153952    2.20510   82  224    1.04500    4.24276   306%  96.4 21876s
 49130814 27159348    2.34937   71  241    1.04500    4.24265   306%  96.4 21880s
 49140593 27163449    3.76735   77  291    1.04500    4.24255   306%  96.4 21885s
 49153757 27170950    2.30811   81  217    1.04500    4.24241   306%  96.4 21890s
 49162441 27175948    1.33397  116  214    1.04500    4.24231   306%  96.4 21895s
 49175043 27183093    1.18062   84  217    1.04500    4.24219   306%  96.4 21901s
 49184468 27189058    1.14208   88  301    1.04500    4.24212   306%  96.4 21905s
 49194884 27196158    1.35382   97  283    1.04500    4.24198   306%  96.4 21910s
 49204675 27201703    2.10521   72  250    1.04500    4.24196   306%  96.4 21915s
 49218280 27208538    1.14421   99  218    1.04500    4.24176   306%  96.4 21921s
 49228117 27214398 infeasible  109         1.04500    4.24166   306%  96.4 21925s
 49237263 27219347    1.06362   92  227    1.04500    4.24155   306%  96.4 21930s
 49249995 27225368    2.52857   70  251    1.04500    4.24143   306%  96.4 21935s
 49259293 27229265    1.63914   80  280    1.04500    4.24127   306%  96.4 21940s
 49271997 27235095     cutoff   91         1.04500    4.24111   306%  96.4 21945s
 49280863 27241011    1.43855   78  192    1.04500    4.24104   306%  96.4 21950s
 49291257 27247354    3.69872   82  213    1.04500    4.24099   306%  96.4 21955s
 49302028 27252351    1.05130   99  283    1.04500    4.24080   306%  96.4 21960s
 49315266 27259135    2.03608   75  258    1.04500    4.24065   306%  96.4 21966s
 49324665 27264156    1.09024   78  192    1.04500    4.24053   306%  96.4 21970s
 49334430 27269551    1.21353  101  234    1.04500    4.24039   306%  96.4 21975s
 49344296 27275365    1.09304  112  190    1.04500    4.24032   306%  96.4 21980s
 49356474 27282930 infeasible   88         1.04500    4.24021   306%  96.4 21986s
 49366005 27289445     cutoff   89         1.04500    4.24007   306%  96.4 21990s
 49376460 27294736    1.47574   68  216    1.04500    4.23998   306%  96.4 21995s
 49389817 27301811    1.05459  119  212    1.04500    4.23980   306%  96.4 22001s
 49393539 27301958    1.81954   90  209    1.04500    4.23975   306%  96.4 22005s
 49399022 27308226     cutoff   88         1.04500    4.23969   306%  96.4 22011s
 49410999 27314041    1.19563  107  205    1.04500    4.23963   306%  96.4 22016s
 49421659 27319809 infeasible   99         1.04500    4.23948   306%  96.4 22021s
 49432266 27325392    1.41332   86  208    1.04500    4.23935   306%  96.4 22025s
 49445525 27332547    2.07836   76  223    1.04500    4.23927   306%  96.4 22031s
 49454612 27338390    1.37987   90  210    1.04500    4.23914   306%  96.4 22035s
 49466948 27342986     cutoff  103         1.04500    4.23905   306%  96.4 22040s
 49478186 27350253     cutoff   89         1.04500    4.23891   306%  96.4 22045s
 49491384 27355417    1.26612   86  231    1.04500    4.23874   306%  96.4 22051s
 49500904 27360073 infeasible   93         1.04500    4.23864   306%  96.4 22055s
 49510426 27366297    1.08147  103  202    1.04500    4.23853   306%  96.4 22060s
 49523402 27372720 infeasible   96         1.04500    4.23837   306%  96.4 22065s
 49531957 27378144    1.09694   91  221    1.04500    4.23824   306%  96.4 22070s
 49542151 27383004    1.21793   90  286    1.04500    4.23810   306%  96.4 22075s
 49556536 27390409    4.14933   86  262    1.04500    4.23787   306%  96.4 22080s
 49565846 27394840    4.07397   73  208    1.04500    4.23777   306%  96.4 22085s
 49578988 27400467     cutoff   81         1.04500    4.23760   306%  96.4 22090s
 49588707 27405654     cutoff  114         1.04500    4.23749   306%  96.4 22095s
 49597388 27410683    1.30943   93  230    1.04500    4.23736   305%  96.4 22100s
 49611076 27417478    1.07315   96  203    1.04500    4.23716   305%  96.4 22106s
 49620582 27423771    1.12646   98  300    1.04500    4.23709   305%  96.4 22110s
 49634155 27430350    1.82583   69  308    1.04500    4.23691   305%  96.4 22116s
 49643127 27435606    1.75230   87  241    1.04500    4.23680   305%  96.4 22120s
 49655915 27442046    1.23191   84  212    1.04500    4.23662   305%  96.4 22125s
 49665840 27446891    1.07361  102  179    1.04500    4.23650   305%  96.4 22130s
 49677766 27454431    1.56223   75  238    1.04500    4.23637   305%  96.4 22135s
 49687313 27459610    2.50881   86  257    1.04500    4.23628   305%  96.4 22140s
 49693311 27478219    1.13520  100  283    1.04500    4.23619   305%  96.4 22151s
 49727978 27480749    1.43209   92  244    1.04500    4.23578   305%  96.4 22155s
 49737545 27487176    1.42621   86  306    1.04500    4.23560   305%  96.4 22160s
 49748945 27492303    4.07605   67  268    1.04500    4.23555   305%  96.4 22165s
 49759749 27498509     cutoff  105         1.04500    4.23543   305%  96.4 22170s
 49772261 27506295    1.28135  101  252    1.04500    4.23532   305%  96.4 22175s
 49781930 27511261    1.57539   86  248    1.04500    4.23523   305%  96.4 22180s
 49790551 27517548     cutoff   96         1.04500    4.23509   305%  96.4 22185s
 49801795 27522858    1.67667   79  220    1.04500    4.23496   305%  96.4 22190s
 49815089 27529966    4.23052   82  274    1.04500    4.23478   305%  96.4 22196s
 49825639 27535748     cutoff   84         1.04500    4.23464   305%  96.4 22201s
 49835502 27540303    4.14260   82  244    1.04500    4.23456   305%  96.4 22205s
 49847804 27546628    3.43825   91  270    1.04500    4.23439   305%  96.4 22211s
 49856757 27552241    1.11135  106  221    1.04500    4.23431   305%  96.4 22215s
 49870661 27559640    1.11681  116  142    1.04500    4.23421   305%  96.4 22221s
 49881062 27563852     cutoff  102         1.04500    4.23408   305%  96.4 22225s
 49893260 27572474    2.64785   86  271    1.04500    4.23397   305%  96.4 22231s
 49902892 27577002    1.64609   79  252    1.04500    4.23385   305%  96.4 22235s
 49911913 27582976    2.21194   82  230    1.04500    4.23370   305%  96.4 22240s
 49916455 27583342    1.46100   84  200    1.04500    4.23364   305%  96.4 22245s
 49923459 27588349    1.27654   95  250    1.04500    4.23356   305%  96.4 22250s
 49934306 27594251    1.18523   98  212    1.04500    4.23341   305%  96.4 22255s
 49948034 27601510    2.34075   86  258    1.04500    4.23326   305%  96.4 22260s
 49957921 27607493    1.71999  106  211    1.04500    4.23320   305%  96.4 22265s
 49970885 27614695    1.10513  112  201    1.04500    4.23307   305%  96.5 22271s
 49980246 27620345    1.17357  101  224    1.04500    4.23296   305%  96.5 22275s
 49993464 27626974    1.73909   83  235    1.04500    4.23281   305%  96.5 22281s
 50003468 27631220 infeasible   81         1.04500    4.23266   305%  96.5 22285s
 50015451 27637774    1.05614   83  170    1.04500    4.23251   305%  96.5 22291s
 50025426 27643717     cutoff   98         1.04500    4.23240   305%  96.5 22295s
 50036705 27650094    1.83582   85  227    1.04500    4.23229   305%  96.5 22300s
 50046426 27654336    1.25280   93  281    1.04500    4.23217   305%  96.5 22305s
 50059557 27661867    3.01358   90  300    1.04500    4.23200   305%  96.5 22311s
 50069518 27667005    1.26117   86  245    1.04500    4.23185   305%  96.5 22315s
 50082528 27673854 infeasible   91         1.04500    4.23167   305%  96.5 22321s
 50091812 27678365    1.13622   86  232    1.04500    4.23155   305%  96.5 22325s
 50101456 27683757    1.99916   70  246    1.04500    4.23143   305%  96.5 22330s
 50114388 27691986    1.53346  101  233    1.04500    4.23134   305%  96.5 22336s
 50123918 27697209    3.18754   87  242    1.04500    4.23115   305%  96.5 22341s
 50134528 27702426    1.06989   89  210    1.04500    4.23098   305%  96.5 22345s
 50148040 27710328    4.22840   70  270    1.04500    4.23087   305%  96.5 22351s
 50157220 27715916    1.06599  100  137    1.04500    4.23077   305%  96.5 22355s
 50167435 27720420    1.86065   70  258    1.04500    4.23062   305%  96.5 22360s
 50180722 27728306     cutoff   88         1.04500    4.23052   305%  96.5 22366s
 50189757 27732495    2.39586   78  258    1.04500    4.23039   305%  96.5 22370s
 50203076 27739482    1.43074   72  233    1.04500    4.23025   305%  96.5 22376s
 50212596 27744812    2.47563   69  258    1.04500    4.23010   305%  96.5 22380s
 50224191 27751390    3.11779   71  232    1.04500    4.22996   305%  96.5 22385s
 50237715 27758569    3.11360   68  297    1.04500    4.22980   305%  96.5 22391s
 50246913 27764054 infeasible   84         1.04500    4.22966   305%  96.5 22395s
 50259150 27769529     cutoff   99         1.04500    4.22949   305%  96.5 22401s
 50268657 27774544    1.04981   89  191    1.04500    4.22940   305%  96.5 22405s
 50278054 27779759    1.14551   99  214    1.04500    4.22929   305%  96.5 22410s
 50290036 27787736    1.42571   81  262    1.04500    4.22916   305%  96.5 22415s
 50300841 27793920     cutoff   99         1.04500    4.22906   305%  96.5 22420s
 50313051 27800368     cutoff   87         1.04500    4.22890   305%  96.5 22426s
 50322561 27805643    1.58765   88  232    1.04500    4.22879   305%  96.5 22430s
 50336764 27812603    1.09573   84  191    1.04500    4.22866   305%  96.5 22436s
 50346159 27818765    1.34286   98  212    1.04500    4.22855   305%  96.5 22440s
 50358565 27824912    1.61104   74  204    1.04500    4.22838   305%  96.5 22446s
 50367956 27829359 infeasible  107         1.04500    4.22826   305%  96.5 22450s
 50378016 27834067     cutoff  101         1.04500    4.22812   305%  96.5 22455s
 50391328 27839682    1.69274   77  264    1.04500    4.22799   305%  96.5 22460s
 50401449 27845068    1.21705   92  242    1.04500    4.22780   305%  96.5 22465s
 50414824 27852575     cutoff  105         1.04500    4.22767   305%  96.5 22471s
 50424187 27857945    1.80399   98  171    1.04500    4.22757   305%  96.5 22475s
 50437608 27864279    1.11226   94  275    1.04500    4.22747   305%  96.5 22481s
 50446965 27871486    2.52417   76  204    1.04500    4.22738   305%  96.5 22485s
 50453389 27872680    1.50664   80  251    1.04500    4.22737   305%  96.5 22490s
 50459891 27880005     cutoff  101         1.04500    4.22731   305%  96.5 22496s
 50473954 27886108     cutoff   89         1.04500    4.22720   305%  96.5 22501s
 50484295 27891676    3.83926   78  287    1.04500    4.22707   305%  96.5 22505s
 50493594 27897325    4.21286   79  278    1.04500    4.22698   304%  96.5 22510s
 50507025 27904650    1.45641   87  247    1.04500    4.22681   304%  96.5 22516s
 50516923 27909133    2.30500   87  209    1.04500    4.22670   304%  96.5 22520s
 50529032 27916929    2.83987   86  252    1.04500    4.22654   304%  96.5 22526s
 50538728 27921646    1.10505   78  217    1.04500    4.22641   304%  96.5 22530s
 50548308 27927249     cutoff  105         1.04500    4.22627   304%  96.5 22535s
 50561284 27934400    1.56671   88  240    1.04500    4.22616   304%  96.5 22541s
 50570881 27939816    2.30502   82  210    1.04500    4.22604   304%  96.5 22545s
 50580223 27945720     cutoff   84         1.04500    4.22593   304%  96.5 22550s
 50592714 27951499    1.73320   93  138    1.04500    4.22585   304%  96.5 22555s
 50601962 27957064    1.05093   90  234    1.04500    4.22573   304%  96.5 22560s
 50614863 27963699     cutoff   92         1.04500    4.22561   304%  96.5 22565s
 50625940 27970323 infeasible   91         1.04500    4.22549   304%  96.5 22571s
 50635421 27975147    1.14667   82  194    1.04500    4.22539   304%  96.5 22575s
 50648252 27982122    1.14133   84  217    1.04500    4.22519   304%  96.5 22581s
 50657023 27987046    1.36284   89  231    1.04500    4.22509   304%  96.5 22585s
 50668370 27992898     cutoff   87         1.04500    4.22495   304%  96.5 22590s
 50680688 28000795    1.95101   91  239    1.04500    4.22486   304%  96.5 22596s
 50690515 28006471 infeasible   89         1.04500    4.22483   304%  96.5 22600s
 50700644 28012126    1.97748   74  240    1.04500    4.22468   304%  96.5 22605s
 50713236 28018473    2.88433   80  244    1.04500    4.22452   304%  96.5 22610s
H50718910 28019894                       1.0450106    4.22447   304%  96.5 22613s
 50723030 28022418    1.70746   78  257    1.04501    4.22438   304%  96.5 22616s
 50732008 28027972     cutoff   83         1.04501    4.22426   304%  96.5 22620s
 50741996 28033434    1.07673   94  241    1.04501    4.22413   304%  96.5 22625s
 50755160 28040540    2.21381   83  249    1.04501    4.22396   304%  96.5 22631s
 50763565 28045409     cutoff  120         1.04501    4.22389   304%  96.5 22635s
H50766059 28045380                       1.0450118    4.22387   304%  96.5 22637s
 50767374 28045678    1.06801   95  248    1.04501    4.22381   304%  96.5 22640s
 50778289 28052655    1.25574   77  183    1.04501    4.22368   304%  96.5 22646s
 50788235 28058710    3.14816   81  263    1.04501    4.22358   304%  96.5 22651s
 50799021 28064462    1.83817   85  247    1.04501    4.22346   304%  96.5 22655s
 50809158 28070614    1.05970   91  193    1.04501    4.22336   304%  96.5 22660s
 50822440 28077773    1.08336  112  204    1.04501    4.22322   304%  96.5 22666s
 50832445 28083262    1.10891  105  204    1.04501    4.22309   304%  96.5 22670s
 50844348 28090958 infeasible   83         1.04501    4.22301   304%  96.5 22676s
 50855179 28097406     cutoff   82         1.04501    4.22288   304%  96.5 22681s
 50865054 28102788    1.59464   85  273    1.04501    4.22278   304%  96.5 22685s
 50875023 28108009    1.84329   92  182    1.04501    4.22264   304%  96.5 22690s
 50889588 28115331    1.16704   75  193    1.04501    4.22243   304%  96.5 22696s
 50899048 28120220    1.05143  100  228    1.04501    4.22234   304%  96.5 22700s
 50911959 28126197    4.04623   84  267    1.04501    4.22218   304%  96.5 22706s
 50920565 28132030    1.42841   88  221    1.04501    4.22210   304%  96.5 22710s
 50934655 28139808 infeasible  103         1.04501    4.22193   304%  96.5 22716s
 50943777 28146016    1.53804   90  203    1.04501    4.22184   304%  96.5 22721s
 50954473 28150729 infeasible   87         1.04501    4.22169   304%  96.5 22725s
 50968068 28158098    1.52579   83  209    1.04501    4.22152   304%  96.5 22730s
 50977260 28164123    1.16911  107  219    1.04501    4.22149   304%  96.5 22735s
 50989303 28170885    2.05953   87  238    1.04501    4.22140   304%  96.5 22740s
 50995490 28172807    1.24834   84  230    1.04501    4.22131   304%  96.5 22745s
 50997981 28176544    1.37640   93  212    1.04501    4.22130   304%  96.5 22750s
 51013023 28183451    2.39081   80  259    1.04501    4.22113   304%  96.5 22756s
 51023049 28190120    2.83021   91  281    1.04501    4.22103   304%  96.5 22760s
 51032780 28195750    1.46061   98  192    1.04501    4.22090   304%  96.5 22765s
 51046184 28203309 infeasible   88         1.04501    4.22079   304%  96.5 22770s
 51055540 28208432     cutoff   89         1.04501    4.22068   304%  96.5 22775s
 51068622 28214828 infeasible   93         1.04501    4.22051   304%  96.5 22781s
 51077913 28220164    1.07402   97  204    1.04501    4.22041   304%  96.5 22785s
 51090228 28226644    1.27934   97  208    1.04501    4.22021   304%  96.5 22791s
 51099813 28232233    1.13899   85  208    1.04501    4.22017   304%  96.5 22795s
 51113035 28240313     cutoff  114         1.04501    4.21997   304%  96.5 22801s
 51122504 28244539    1.20878   90  254    1.04501    4.21989   304%  96.5 22805s
 51132859 28250452    1.08568  106  184    1.04501    4.21974   304%  96.5 22810s
 51146000 28256771     cutoff  113         1.04501    4.21966   304%  96.5 22816s
 51155938 28261387    2.02134   84  227    1.04501    4.21949   304%  96.5 22821s
 51167062 28267736 infeasible   80         1.04501    4.21940   304%  96.5 22825s
 51177463 28272568     cutoff   95         1.04501    4.21922   304%  96.5 22830s
 51189481 28281298    1.39507   82  270    1.04501    4.21909   304%  96.5 22836s
 51200791 28286679    2.00440   86  248    1.04501    4.21895   304%  96.5 22840s
 51211439 28292092    2.42220   83  234    1.04501    4.21884   304%  96.5 22845s
 51224266 28299806    1.81986   89  270    1.04501    4.21875   304%  96.5 22850s
 51233812 28305196    1.09449  102  277    1.04501    4.21866   304%  96.5 22855s
 51246697 28312697    1.68444   85  168    1.04501    4.21848   304%  96.5 22860s
 51257046 28317531    3.33276   73  268    1.04501    4.21834   304%  96.5 22865s
 51266804 28323443     cutoff   95         1.04501    4.21822   304%  96.5 22870s
 51276959 28328749    1.07337   98  236    1.04501    4.21814   304%  96.5 22875s
 51289877 28336197 infeasible   80         1.04501    4.21802   304%  96.5 22880s
 51298759 28342028    1.21446   96  193    1.04501    4.21790   304%  96.5 22885s
 51309382 28347161    1.14727  100  231    1.04501    4.21777   304%  96.5 22890s
 51323111 28354703    1.53700   76  226    1.04501    4.21763   304%  96.5 22896s
 51333023 28358476     cutoff   77         1.04501    4.21748   304%  96.5 22900s
 51344653 28365820    1.54517   72  236    1.04501    4.21733   304%  96.5 22906s
 51354090 28370273     cutoff   84         1.04501    4.21722   304%  96.5 22910s
 51363667 28376621     cutoff   91         1.04501    4.21711   304%  96.5 22915s
 51377568 28384048    1.60777   77  179    1.04501    4.21700   304%  96.5 22921s
 51386243 28389384    3.23010   67  217    1.04501    4.21690   304%  96.5 22926s
 51396128 28396087 infeasible   91         1.04501    4.21676   304%  96.6 22930s
 51405930 28400920 infeasible   81         1.04501    4.21668   304%  96.6 22935s
 51418482 28408160     cutoff  102         1.04501    4.21652   303%  96.6 22940s
 51428358 28413092     cutoff   91         1.04501    4.21640   303%  96.6 22945s
 51441829 28421388    1.26930   75  160    1.04501    4.21629   303%  96.6 22950s
 51451749 28426287    2.11554   79  262    1.04501    4.21615   303%  96.6 22955s
 51464053 28433269    3.30323   81  256    1.04501    4.21602   303%  96.6 22961s
 51474957 28438745    1.32247   91  212    1.04501    4.21583   303%  96.6 22965s
 51484712 28444155 infeasible  100         1.04501    4.21573   303%  96.6 22970s
 51498949 28451211    1.69978   77  236    1.04501    4.21554   303%  96.6 22976s
 51508470 28455868    2.03252   87  188    1.04501    4.21543   303%  96.6 22980s
 51518297 28460334 infeasible   81         1.04501    4.21532   303%  96.6 22985s
 51533056 28467512    1.63824   78  244    1.04501    4.21512   303%  96.6 22991s
 51542517 28472748    2.47502   78  231    1.04501    4.21495   303%  96.6 22995s
 51545175 28473196    1.44310   95  163    1.04501    4.21494   303%  96.6 23000s
H51547853 28473721                       1.0450489    4.21493   303%  96.6 23003s
 51548578 28475529 infeasible   89         1.04505    4.21493   303%  96.6 23005s
H51561417 28480602                       1.0450530    4.21476   303%  96.6 23011s
H51567445 28483913                       1.0450583    4.21466   303%  96.6 23015s
H51571816 28485663                       1.0450721    4.21465   303%  96.6 23018s
 51572316 28487515    1.16322   97  244    1.04507    4.21460   303%  96.6 23020s
 51581702 28493689     cutoff   95         1.04507    4.21452   303%  96.6 23025s
 51594446 28499704    1.26398   87  179    1.04507    4.21440   303%  96.6 23030s
 51605993 28506509    2.17200   88  255    1.04507    4.21426   303%  96.6 23036s
 51615776 28512867     cutoff  106         1.04507    4.21423   303%  96.6 23041s
H51622133 28514002                       1.0450822    4.21417   303%  96.6 23044s
H51622327 28513391                       1.0451060    4.21417   303%  96.6 23045s
 51630332 28518637    1.98489   88  228    1.04511    4.21405   303%  96.6 23050s
 51643862 28524694     cutoff   78         1.04511    4.21384   303%  96.6 23056s
H51654180 28529652                       1.0451114    4.21375   303%  96.6 23060s
 51660365 28535505    1.50016   97  257    1.04511    4.21369   303%  96.6 23065s
 51673853 28542385    3.44040   77  282    1.04511    4.21351   303%  96.6 23071s
H51679105 28543629                       1.0451177    4.21348   303%  96.6 23074s
 51679579 28546043    1.30194   95  239    1.04512    4.21345   303%  96.6 23075s
H51683376 28545769                       1.0451308    4.21344   303%  96.6 23077s
 51687162 28549113    1.21244   82  229    1.04513    4.21338   303%  96.6 23080s
H51690664 28550579                       1.0451314    4.21334   303%  96.6 23083s
 51695864 28554426     cutoff   81         1.04513    4.21327   303%  96.6 23086s
H51698755 28554283                       1.0451372    4.21326   303%  96.6 23088s
 51702813 28556468     cutoff  100         1.04514    4.21321   303%  96.6 23090s
 51712246 28563102     cutoff   91         1.04514    4.21308   303%  96.6 23095s
 51722691 28567993 infeasible  103         1.04514    4.21301   303%  96.6 23100s
 51733454 28572957    1.10069  104  185    1.04514    4.21289   303%  96.6 23105s
H51737772 28574479                       1.0451681    4.21281   303%  96.6 23108s
H51741778 28575370                       1.0452156    4.21272   303%  96.6 23111s
 51749998 28580064    1.22917   92  247    1.04522    4.21260   303%  96.6 23116s
 51759813 28585892    1.42425  102  195    1.04522    4.21250   303%  96.6 23120s
 51771038 28592618    1.61568   83  231    1.04522    4.21240   303%  96.6 23125s
 51784401 28598769    1.41072   79  260    1.04522    4.21228   303%  96.6 23131s
 51794136 28604021    1.26387   93  214    1.04522    4.21215   303%  96.6 23135s
 51803730 28611024    1.31854   92  229    1.04522    4.21207   303%  96.6 23140s
 51815124 28617066    1.14470  101  197    1.04522    4.21196   303%  96.6 23145s
 51825071 28623283    1.06364  110  201    1.04522    4.21192   303%  96.6 23150s
 51835391 28627223     cutoff   78         1.04522    4.21186   303%  96.6 23155s
 51844241 28634304    2.33868   80  295    1.04522    4.21173   303%  96.6 23161s
 51855192 28640191    1.73962   84  286    1.04522    4.21156   303%  96.6 23166s
 51863820 28645813    1.69808   81  230    1.04522    4.21150   303%  96.6 23170s
 51874034 28650814    1.35327   92  284    1.04522    4.21138   303%  96.6 23175s
 51887721 28658635    1.67479   84  254    1.04522    4.21123   303%  96.6 23181s
 51898504 28663628    1.70350   80  242    1.04522    4.21113   303%  96.6 23185s
 51908390 28668535    1.39912   82  262    1.04522    4.21099   303%  96.6 23190s
 51918236 28674739     cutoff  104         1.04522    4.21091   303%  96.6 23195s
 51932549 28682219    1.66850   83  285    1.04522    4.21068   303%  96.6 23201s
 51942391 28688538    1.34317   91  202    1.04522    4.21062   303%  96.6 23205s
 51952070 28693754    1.13540   97  215    1.04522    4.21054   303%  96.6 23210s
 51964118 28698128    1.11692   78  228    1.04522    4.21037   303%  96.6 23215s
 51976951 28705325    1.41453   85  279    1.04522    4.21020   303%  96.6 23221s
H51978903 28705265                       1.0452184    4.21019   303%  96.6 23222s
 51983643 28708333    2.52639   77  250    1.04522    4.21012   303%  96.6 23225s
 51993111 28713684    2.94760   78  230    1.04522    4.21000   303%  96.6 23230s
 52005235 28720441 infeasible   84         1.04522    4.20983   303%  96.6 23236s
H52006946 28718209                       1.0453200    4.20983   303%  96.6 23237s
H52011252 28719719                       1.0453230    4.20975   303%  96.6 23241s
H52015288 28722296                       1.0453296    4.20973   303%  96.6 23245s
H52019266 28722619                       1.0453779    4.20967   303%  96.6 23248s
 52020947 28724431    1.31359   84  210    1.04538    4.20967   303%  96.6 23250s
 52034016 28731954    2.10400   82  261    1.04538    4.20946   303%  96.6 23256s
 52044576 28736223 infeasible  108         1.04538    4.20933   303%  96.6 23260s
 52054322 28742099    1.31764   91  193    1.04538    4.20918   303%  96.6 23265s
 52063772 28745230    1.38145   88  215    1.04538    4.20907   303%  96.6 23271s
 52066308 28749057 infeasible   77         1.04538    4.20905   303%  96.6 23276s
 52077602 28755182    1.49069   86  292    1.04538    4.20893   303%  96.6 23280s
 52087381 28759840    1.64168   68  257    1.04538    4.20878   303%  96.6 23285s
 52100513 28766311    2.52815   71  272    1.04538    4.20859   303%  96.6 23291s
H52101080 28766044                       1.0453919    4.20859   303%  96.6 23293s
H52104976 28766755                       1.0453961    4.20855   303%  96.6 23296s
 52112614 28772872    1.05520  100  229    1.04540    4.20847   303%  96.6 23300s
H52117076 28774371                       1.0454118    4.20844   303%  96.6 23303s
 52120016 28775834    1.07391   83  239    1.04541    4.20838   303%  96.6 23305s
 52132144 28783029    1.14671  100  190    1.04541    4.20823   303%  96.6 23311s
H52142074 28785279                       1.0454506    4.20811   303%  96.6 23316s
 52149892 28790922    1.38074   95  250    1.04545    4.20803   303%  96.6 23320s
 52162459 28797644     cutoff   91         1.04545    4.20796   303%  96.6 23325s
 52172019 28803214    3.29634   82  289    1.04545    4.20782   302%  96.6 23330s
 52184424 28810029    1.35924   92  288    1.04545    4.20767   302%  96.6 23336s
 52194366 28815188    1.35459   90  226    1.04545    4.20759   302%  96.6 23340s
 52205997 28823278    1.17363   98  234    1.04545    4.20743   302%  96.6 23346s
 52216599 28828215    1.09235  104  268    1.04545    4.20733   302%  96.6 23350s
 52228296 28835497    1.99536   78  246    1.04545    4.20722   302%  96.6 23356s
 52239063 28841885    1.21175   93  213    1.04545    4.20711   302%  96.6 23361s
 52248933 28847920     cutoff   70         1.04545    4.20702   302%  96.6 23365s
 52259284 28853658    1.04675  102  210    1.04545    4.20687   302%  96.6 23370s
 52269439 28859638    3.28098   76  302    1.04545    4.20678   302%  96.6 23375s
 52282821 28866631     cutoff   97         1.04545    4.20663   302%  96.6 23380s
 52291861 28871162    1.19932  101  226    1.04545    4.20648   302%  96.6 23385s
 52305201 28877993    1.07477  104  161    1.04545    4.20633   302%  96.6 23391s
 52315042 28882315    1.07756   99  254    1.04545    4.20618   302%  96.6 23395s
 52324722 28887443     cutoff  108         1.04545    4.20605   302%  96.6 23400s
 52337640 28894739    1.05684   90  238    1.04545    4.20591   302%  96.6 23405s
 52347547 28900647    4.10687   76  234    1.04545    4.20581   302%  96.6 23410s
 52358963 28905427     cutoff   93         1.04545    4.20566   302%  96.6 23415s
 52371276 28911148    1.78602   73  222    1.04545    4.20546   302%  96.6 23421s
 52380511 28917249    1.53194   78  246    1.04545    4.20534   302%  96.6 23425s
 52392208 28922400    1.28353   82  179    1.04545    4.20520   302%  96.6 23430s
 52405755 28929000    2.00778   89  249    1.04545    4.20503   302%  96.6 23436s
 52415493 28934413    1.05817  110  223    1.04545    4.20492   302%  96.6 23441s
 52425836 28939663    2.53285   85  249    1.04545    4.20477   302%  96.6 23445s
 52435866 28944387 infeasible   88         1.04545    4.20465   302%  96.6 23450s
 52448912 28950634    1.76433   90  213    1.04545    4.20443   302%  96.6 23456s
 52458538 28956385    1.60964   89  263    1.04545    4.20433   302%  96.6 23460s
H52466487 28958633                       1.0454605    4.20425   302%  96.6 23465s
 52476472 28965640    1.17317  110  179    1.04546    4.20412   302%  96.6 23470s
 52486105 28971199    4.12000   64  262    1.04546    4.20399   302%  96.6 23475s
 52498343 28979320    3.78635   76  278    1.04546    4.20391   302%  96.6 23481s
 52509580 28985071    1.61602   91  249    1.04546    4.20377   302%  96.6 23485s
 52519275 28990424    1.26891   86  214    1.04546    4.20364   302%  96.6 23490s
 52533838 28996762    3.16409   76  274    1.04546    4.20347   302%  96.6 23496s
 52543582 29002180     cutoff  108         1.04546    4.20334   302%  96.6 23501s
 52553334 29008408    1.13450   92  227    1.04546    4.20324   302%  96.6 23505s
 52563828 29013994    1.75188   84  231    1.04546    4.20309   302%  96.6 23510s
 52577762 29020635    1.06292   99  195    1.04546    4.20298   302%  96.6 23516s
 52587993 29026363     cutoff  108         1.04546    4.20288   302%  96.6 23521s
 52597345 29032462    1.12816  113  199    1.04546    4.20281   302%  96.6 23525s
 52610959 29038656    1.53825   76  231    1.04546    4.20269   302%  96.6 23531s
 52617167 29057213    2.79645   80  278    1.04546    4.20258   302%  96.6 23547s
 52653026 29060139    3.44697   83  283    1.04546    4.20219   302%  96.6 23550s
 52665758 29067044    3.18506   84  274    1.04546    4.20201   302%  96.7 23555s
 52678468 29073609     cutoff   80         1.04546    4.20186   302%  96.7 23561s
 52688693 29079845    3.23624   67  276    1.04546    4.20180   302%  96.7 23565s
 52700828 29086757    2.78798   93  258    1.04546    4.20165   302%  96.7 23571s
 52711101 29092116    1.55189   85  217    1.04546    4.20153   302%  96.7 23575s
 52721887 29099232    2.33732   77  252    1.04546    4.20142   302%  96.7 23580s
 52734288 29106233    1.06573  106  256    1.04546    4.20127   302%  96.7 23586s
 52744642 29110938    1.38029   82  292    1.04546    4.20115   302%  96.7 23590s
 52755154 29116716    2.53372   88  258    1.04546    4.20101   302%  96.7 23595s
 52768306 29123930    1.15949  108  222    1.04546    4.20088   302%  96.7 23601s
 52776298 29129590    3.35776   77  273    1.04546    4.20082   302%  96.7 23605s
 52786975 29135007    1.79100   72  250    1.04546    4.20070   302%  96.7 23610s
 52798745 29143132    1.10676  106  228    1.04546    4.20062   302%  96.7 23616s
 52809687 29148384     cutoff   71         1.04546    4.20050   302%  96.7 23620s
 52819342 29153789    1.66263   72  257    1.04546    4.20042   302%  96.7 23625s
 52832610 29160758 infeasible   89         1.04546    4.20022   302%  96.7 23631s
 52842007 29164518    1.50950   82  245    1.04546    4.20011   302%  96.7 23635s
 52851060 29169682    2.55317   84  258    1.04546    4.19998   302%  96.7 23640s
 52864520 29176267    1.11009   99  263    1.04546    4.19984   302%  96.7 23646s
 52875457 29181630    1.80211   88  268    1.04546    4.19974   302%  96.7 23650s
 52889074 29189081    1.93858   90  244    1.04546    4.19958   302%  96.7 23656s
 52895220 29192366    1.46832   79  203    1.04546    4.19950   302%  96.7 23661s
 52906393 29198327     cutoff   87         1.04546    4.19938   302%  96.7 23666s
 52917855 29203426     cutoff   90         1.04546    4.19925   302%  96.7 23671s
 52927096 29209668    1.30842  102  173    1.04546    4.19914   302%  96.7 23675s
 52938815 29215330     cutoff   94         1.04546    4.19903   302%  96.7 23680s
 52950975 29222264    1.05546  109  194    1.04546    4.19888   302%  96.7 23685s
 52960102 29227814    1.59180  100  241    1.04546    4.19877   302%  96.7 23690s
 52970957 29232872    2.20809   72  227    1.04546    4.19863   302%  96.7 23695s
 52984456 29240704    1.54677   94  247    1.04546    4.19850   302%  96.7 23700s
 52994558 29246003    1.26285   83  229    1.04546    4.19834   302%  96.7 23705s
 53007371 29253110     cutoff   93         1.04546    4.19819   302%  96.7 23710s
H53011616 29254136                       1.0454629    4.19814   302%  96.7 23713s
 53013247 29256270    2.61209   73  274    1.04546    4.19812   302%  96.7 23715s
 53023521 29261606     cutoff  112         1.04546    4.19803   302%  96.7 23720s
 53033905 29266960    1.35541   84  222    1.04546    4.19787   302%  96.7 23725s
 53046315 29273937    1.05069  120  176    1.04546    4.19769   302%  96.7 23730s
 53055072 29279113     cutoff  103         1.04546    4.19754   302%  96.7 23735s
 53065130 29283725    2.83432   66  319    1.04546    4.19743   301%  96.7 23740s
 53078608 29290995    2.97177   71  287    1.04546    4.19726   301%  96.7 23746s
 53088371 29296649    1.43595   97  277    1.04546    4.19717   301%  96.7 23751s
 53097676 29301700    3.59701   79  299    1.04546    4.19705   301%  96.7 23755s
 53111342 29308382    1.13341   67  212    1.04546    4.19686   301%  96.7 23761s
 53120789 29312906    3.32039   79  249    1.04546    4.19671   301%  96.7 23765s
 53130696 29319107    3.87036   75  298    1.04546    4.19658   301%  96.7 23770s
 53142444 29326085    1.20785   89  274    1.04546    4.19644   301%  96.7 23776s
 53153353 29329085    1.09513   88  214    1.04546    4.19628   301%  96.7 23781s
 53153739 29330471    3.90287   83  231    1.04546    4.19627   301%  96.7 23786s
 53164082 29336833    1.20325   99  212    1.04546    4.19619   301%  96.7 23791s
 53173392 29342168    1.64322   79  299    1.04546    4.19605   301%  96.7 23795s
 53184386 29347486    2.17945   77  283    1.04546    4.19592   301%  96.7 23800s
 53198051 29354244    3.07546   79  235    1.04546    4.19580   301%  96.7 23806s
 53207300 29358340    2.79615   87  275    1.04546    4.19566   301%  96.7 23810s
 53218890 29364933     cutoff   93         1.04546    4.19546   301%  96.7 23816s
 53229437 29370027 infeasible  108         1.04546    4.19538   301%  96.7 23820s
 53239869 29374913     cutoff   85         1.04546    4.19516   301%  96.7 23825s
 53253106 29382052    2.22414   84  223    1.04546    4.19497   301%  96.7 23831s
 53262839 29386633    1.34808   81  219    1.04546    4.19485   301%  96.7 23836s
 53272826 29390991    1.09818   95  146    1.04546    4.19471   301%  96.7 23840s
 53285808 29398303    1.19819   95  213    1.04546    4.19456   301%  96.7 23846s
 53294331 29404277    1.29077   95  244    1.04546    4.19448   301%  96.7 23850s
 53305309 29409489    1.72066   83  214    1.04546    4.19436   301%  96.7 23855s
 53317797 29415711     cutoff   94         1.04546    4.19418   301%  96.7 23861s
 53327563 29420744    1.64951   79  290    1.04546    4.19405   301%  96.7 23865s
 53336914 29426898    1.18556   96  250    1.04546    4.19397   301%  96.7 23870s
 53350736 29434291    2.32651   64  285    1.04546    4.19383   301%  96.7 23876s
 53360289 29439897    1.20665   90  253    1.04546    4.19374   301%  96.7 23880s
 53370169 29444672    1.66534   76  284    1.04546    4.19358   301%  96.7 23885s
 53383626 29451412    1.58671   86  206    1.04546    4.19343   301%  96.7 23891s
 53394054 29457431    1.11387  109  204    1.04546    4.19330   301%  96.7 23895s
 53403243 29463216    4.05151   65  271    1.04546    4.19320   301%  96.7 23900s
 53416391 29470124    3.69992   78  270    1.04546    4.19305   301%  96.7 23906s
 53428056 29477773    1.24364  107  258    1.04546    4.19292   301%  96.7 23911s
 53437590 29482382    3.64698   65  233    1.04546    4.19281   301%  96.7 23915s
 53446915 29487693    1.14685   92  249    1.04546    4.19271   301%  96.7 23920s
 53458518 29493556    1.21043   95  223    1.04546    4.19261   301%  96.7 23925s
 53468868 29498912    1.21048  115  219    1.04546    4.19251   301%  96.7 23930s
 53482502 29507787    2.02397   81  235    1.04546    4.19239   301%  96.7 23936s
 53492717 29513589    1.92044   90  228    1.04546    4.19226   301%  96.7 23940s
 53503622 29518488     cutoff  103         1.04546    4.19220   301%  96.7 23945s
 53515447 29525360    1.16963   93  277    1.04546    4.19200   301%  96.7 23950s
 53524800 29530799    1.70257   96  289    1.04546    4.19193   301%  96.7 23955s
 53534213 29536348     cutoff   97         1.04546    4.19182   301%  96.7 23960s
 53545095 29542301    1.22820   96  199    1.04546    4.19167   301%  96.7 23965s
 53558712 29549169    1.13976  103  233    1.04546    4.19161   301%  96.7 23970s
 53568215 29554474    1.21236   89  234    1.04546    4.19144   301%  96.7 23975s
 53580566 29560675     cutoff   89         1.04546    4.19126   301%  96.7 23980s
 53590167 29565861    1.38559   99  225    1.04546    4.19118   301%  96.7 23985s
 53600918 29572539    1.33618   90  237    1.04546    4.19104   301%  96.7 23990s
 53612999 29580128    1.41109   88  241    1.04546    4.19094   301%  96.7 23996s
 53623246 29586638     cutoff  110         1.04546    4.19083   301%  96.7 24000s
 53633482 29592009 infeasible  127         1.04546    4.19074   301%  96.7 24005s
 53642857 29597873    1.39177  109  221    1.04546    4.19067   301%  96.7 24010s
 53653525 29602832    1.15024   91  204    1.04546    4.19058   301%  96.7 24015s
 53667085 29608515    1.06755  102  239    1.04546    4.19042   301%  96.7 24021s
 53677071 29613337    1.21938   88  218    1.04546    4.19032   301%  96.7 24025s
 53688001 29619929    1.10823  105  211    1.04546    4.19019   301%  96.7 24030s
 53697222 29625624    1.12365   99  195    1.04546    4.19009   301%  96.7 24035s
 53709906 29631739     cutoff   73         1.04546    4.18998   301%  96.7 24041s
 53720180 29636293 infeasible   89         1.04546    4.18985   301%  96.7 24045s
 53726366 29638371 infeasible  108         1.04546    4.18981   301%  96.7 24051s
 53731056 29643565    4.17560   75  244    1.04546    4.18978   301%  96.7 24056s
 53742399 29648882    1.54442   96  218    1.04546    4.18964   301%  96.7 24060s
 53752057 29653139 infeasible   98         1.04546    4.18950   301%  96.7 24065s
 53764232 29659967    2.39699   69  241    1.04546    4.18938   301%  96.7 24071s
 53774047 29665801    1.34933   79  219    1.04546    4.18931   301%  96.7 24075s
 53785023 29671094    1.32342   89  276    1.04546    4.18916   301%  96.7 24080s
 53795073 29675905    1.42298   73  214    1.04546    4.18905   301%  96.7 24085s
H53807599 29681368                       1.0454680    4.18892   301%  96.7 24091s
 53813675 29685250     cutoff  100         1.04547    4.18884   301%  96.7 24095s
 53825990 29692347    3.27131   81  267    1.04547    4.18873   301%  96.7 24100s
 53835661 29697853    1.16721  107  258    1.04547    4.18861   301%  96.7 24105s
 53845463 29702304    2.74246   77  257    1.04547    4.18850   301%  96.7 24110s
 53859051 29708709    2.19553   82  254    1.04547    4.18841   301%  96.7 24115s
 53868516 29713792     cutoff  115         1.04547    4.18827   301%  96.7 24120s
 53879929 29721204    1.07022  101  221    1.04547    4.18812   301%  96.7 24125s
 53889721 29725307    1.14465   85  223    1.04547    4.18802   301%  96.7 24130s
 53904032 29733152    1.47900   79  225    1.04547    4.18780   301%  96.7 24136s
 53913510 29738332    1.12666  101  195    1.04547    4.18770   301%  96.8 24140s
 53917605 29740097    1.07227  101  194    1.04547    4.18767   301%  96.8 24145s
 53926928 29746021    3.84973   77  239    1.04547    4.18759   301%  96.8 24150s
 53938838 29752561    1.12088  130  184    1.04547    4.18750   301%  96.8 24156s
 53948967 29757125     cutoff   92         1.04547    4.18739   301%  96.8 24160s
 53958982 29762706    1.38917   87  178    1.04547    4.18722   301%  96.8 24165s
 53972887 29769427    1.08865   91  175    1.04547    4.18704   300%  96.8 24171s
 53982677 29774559 infeasible   70         1.04547    4.18692   300%  96.8 24176s
 53992344 29779444    2.21283   83  201    1.04547    4.18678   300%  96.8 24180s
 54005456 29786039    2.52867   76  273    1.04547    4.18663   300%  96.8 24186s
 54014991 29791808     cutoff   95         1.04547    4.18653   300%  96.8 24190s
 54024672 29797314    1.39795   97  279    1.04547    4.18647   300%  96.8 24195s
 54038046 29803372 infeasible   86         1.04547    4.18629   300%  96.8 24201s
 54047390 29809022    1.32141   94  291    1.04547    4.18620   300%  96.8 24206s
 54058026 29815019    1.29111   98  221    1.04547    4.18610   300%  96.8 24211s
 54067758 29820346    1.94826   83  256    1.04547    4.18595   300%  96.8 24215s
 54076935 29825513    1.24012  104  182    1.04547    4.18591   300%  96.8 24220s
 54089455 29832714    1.15400   76  127    1.04547    4.18585   300%  96.8 24225s
 54099453 29838486    1.17347  100  264    1.04547    4.18576   300%  96.8 24230s
 54111617 29845466    1.12001   86  156    1.04547    4.18558   300%  96.8 24236s
 54122255 29850555    1.13026   95  185    1.04547    4.18546   300%  96.8 24241s
 54131822 29854652    1.37089   79  243    1.04547    4.18532   300%  96.8 24245s
 54140949 29859174     cutoff  118         1.04547    4.18521   300%  96.8 24250s
 54151432 29864089    2.66373   76  298    1.04547    4.18509   300%  96.8 24255s
 54161269 29868585    1.28383   89  271    1.04547    4.18495   300%  96.8 24260s
 54173351 29876834    1.29804   80  219    1.04547    4.18487   300%  96.8 24266s
 54183035 29882399    1.14940   89  139    1.04547    4.18477   300%  96.8 24270s
 54192913 29887011    1.10293   92  232    1.04547    4.18468   300%  96.8 24275s
 54202666 29891397    1.04759  100  237    1.04547    4.18453   300%  96.8 24280s
 54215792 29898744    1.17941  106  182    1.04547    4.18439   300%  96.8 24286s
 54225253 29903652 infeasible  103         1.04547    4.18427   300%  96.8 24290s
 54234710 29908201    1.54822   87  268    1.04547    4.18416   300%  96.8 24295s
 54247909 29914288    1.97375   79  226    1.04547    4.18399   300%  96.8 24301s
 54257812 29919524     cutoff   85         1.04547    4.18392   300%  96.8 24306s
 54265023 29922559    1.08690  108  174    1.04547    4.18382   300%  96.8 24311s
 54267330 29925784    2.88105   76  239    1.04547    4.18381   300%  96.8 24316s
 54275097 29931285    1.46630   95  255    1.04547    4.18373   300%  96.8 24320s
 54286240 29936699    2.86859   77  270    1.04547    4.18360   300%  96.8 24325s
 54297374 29941670    1.68439   81  259    1.04547    4.18348   300%  96.8 24330s
 54309490 29947480    2.44002   85  240    1.04547    4.18330   300%  96.8 24336s
 54319263 29952495     cutoff   70         1.04547    4.18316   300%  96.8 24341s
 54328862 29957183    1.25775   87  191    1.04547    4.18301   300%  96.8 24345s
 54341910 29963843    1.57633   90  242    1.04547    4.18289   300%  96.8 24351s
 54351126 29969666    1.12785   98  210    1.04547    4.18280   300%  96.8 24356s
 54361807 29974570    1.41672   84  284    1.04547    4.18267   300%  96.8 24360s
 54369943 29980098    1.31540   80  218    1.04547    4.18256   300%  96.8 24365s
 54379972 29985265     cutoff   86         1.04547    4.18243   300%  96.8 24370s
 54389498 29990900     cutoff  107         1.04547    4.18232   300%  96.8 24375s
 54402962 29998209    3.02713   75  217    1.04547    4.18222   300%  96.8 24381s
 54413280 30003664    1.30506   82  242    1.04547    4.18207   300%  96.8 24385s
 54423068 30010788    2.32367   72  236    1.04547    4.18203   300%  96.8 24390s
 54436627 30019368    1.62511   89  207    1.04547    4.18190   300%  96.8 24396s
 54445814 30023960    3.69043   83  280    1.04547    4.18182   300%  96.8 24401s
 54455016 30028751    3.27239   91  273    1.04547    4.18169   300%  96.8 24405s
 54464396 30034579 infeasible   85         1.04547    4.18158   300%  96.8 24410s
 54477673 30041198     cutoff  104         1.04547    4.18144   300%  96.8 24416s
 54487202 30045688     cutoff   98         1.04547    4.18133   300%  96.8 24420s
 54497009 30050768    1.46806   78  149    1.04547    4.18122   300%  96.8 24425s
 54508973 30058789    1.47857   94  198    1.04547    4.18108   300%  96.8 24431s
 54518397 30063419    1.25248  100  184    1.04547    4.18106   300%  96.8 24435s
 54527989 30067976    1.10929  108  264    1.04547    4.18092   300%  96.8 24440s
 54537525 30072326    1.18563   98  218    1.04547    4.18080   300%  96.8 24445s
 54547232 30077170 infeasible   88         1.04547    4.18068   300%  96.8 24450s
 54559494 30083499    3.61904   70  235    1.04547    4.18053   300%  96.8 24456s
 54569556 30088955    3.07655   70  287    1.04547    4.18042   300%  96.8 24460s
 54579766 30094685    1.43202   86  230    1.04547    4.18031   300%  96.8 24465s
 54593073 30102525    2.95881   71  249    1.04547    4.18020   300%  96.8 24471s
 54604325 30108839    2.36548   76  277    1.04547    4.18006   300%  96.8 24476s
 54614061 30113567    1.05079  122  211    1.04547    4.17996   300%  96.8 24480s
 54624141 30119392    1.05528  115  175    1.04547    4.17984   300%  96.8 24485s
 54634887 30123744    1.38784   85  275    1.04547    4.17975   300%  96.8 24490s
 54645139 30129253    3.02117   76  248    1.04547    4.17962   300%  96.8 24495s
 54657364 30135822     cutoff  115         1.04547    4.17945   300%  96.8 24501s
 54667019 30141383    1.05954  113  185    1.04547    4.17937   300%  96.8 24505s
 54676760 30145941 infeasible   76         1.04547    4.17925   300%  96.8 24510s
 54689928 30153401 infeasible  104         1.04547    4.17913   300%  96.8 24516s
 54700723 30158515    2.34359   91  207    1.04547    4.17899   300%  96.8 24521s
 54710302 30163509     cutoff  116         1.04547    4.17887   300%  96.8 24526s
 54720145 30169862    1.49187   82  239    1.04547    4.17875   300%  96.8 24531s
 54730079 30175425     cutoff   96         1.04547    4.17869   300%  96.8 24535s
 54739721 30179738 infeasible   90         1.04547    4.17858   300%  96.8 24540s
 54749133 30184939    2.06751   82  185    1.04547    4.17843   300%  96.8 24545s
 54762400 30192430    1.13991  116  169    1.04547    4.17832   300%  96.8 24551s
 54771556 30198382    2.71619   83  234    1.04547    4.17823   300%  96.8 24556s
 54780786 30204425    1.09674   91  227    1.04547    4.17818   300%  96.8 24560s
 54791507 30210805    1.99884   84  227    1.04547    4.17806   300%  96.8 24565s
 54801607 30215835    1.21842  107  179    1.04547    4.17802   300%  96.8 24570s
 54810766 30220836    1.67160   96  225    1.04547    4.17795   300%  96.8 24575s
 54823184 30227651     cutoff  107         1.04547    4.17780   300%  96.8 24580s
 54832475 30233433 infeasible   82         1.04547    4.17773   300%  96.8 24585s
 54843476 30237333    1.38892   76  188    1.04547    4.17760   300%  96.8 24590s
 54843666 30238191     cutoff   79         1.04547    4.17760   300%  96.8 24595s
 54853073 30244256    3.85203   74  296    1.04547    4.17747   300%  96.8 24600s
 54863764 30250316     cutoff   96         1.04547    4.17737   300%  96.8 24606s
 54873429 30255933    1.56614   88  232    1.04547    4.17724   300%  96.8 24610s
 54883158 30260960     cutoff   84         1.04547    4.17719   300%  96.8 24615s
 54896545 30267471     cutoff   91         1.04547    4.17702   300%  96.8 24621s
 54906225 30271760     cutoff   84         1.04547    4.17688   300%  96.8 24626s
 54915686 30277436    3.02377   74  289    1.04547    4.17679   300%  96.8 24630s
 54924292 30282227    2.36486   68  236    1.04547    4.17666   300%  96.8 24635s
 54935154 30285883     cutoff   92         1.04547    4.17652   299%  96.8 24640s
 54938192 30289962    2.27630   88  232    1.04547    4.17649   299%  96.8 24645s
 54952305 30296128    1.07834  113  193    1.04547    4.17633   299%  96.8 24651s
 54961971 30300878    1.06489   94  199    1.04547    4.17628   299%  96.8 24656s
 54971055 30305821 infeasible   95         1.04547    4.17617   299%  96.8 24660s
 54980279 30310183    2.48740   81  269    1.04547    4.17604   299%  96.8 24665s
 54990205 30316043    1.57246   87  258    1.04547    4.17592   299%  96.8 24670s
 55000960 30320428     cutoff   87         1.04547    4.17583   299%  96.8 24675s
 55010988 30325088    1.27244  104  231    1.04547    4.17571   299%  96.8 24680s
 55023870 30331631    1.24098  109  212    1.04547    4.17556   299%  96.8 24686s
 55033168 30336750    2.72611   89  278    1.04547    4.17543   299%  96.8 24690s
 55042748 30341530    3.99402   77  261    1.04547    4.17533   299%  96.8 24695s
 55053290 30345517    1.07766  104  205    1.04547    4.17523   299%  96.8 24700s
 55062746 30350334    1.20625   88  259    1.04547    4.17512   299%  96.8 24705s
 55073198 30355746    1.81479   89  201    1.04547    4.17498   299%  96.8 24710s
 55082488 30361214    1.54337   87  242    1.04547    4.17488   299%  96.8 24715s
 55094824 30368651 infeasible  101         1.04547    4.17476   299%  96.8 24720s
 55104313 30372718     cutoff   93         1.04547    4.17467   299%  96.8 24725s
 55118652 30379904     cutoff  109         1.04547    4.17453   299%  96.8 24731s
 55128386 30384521    1.44219   79  264    1.04547    4.17438   299%  96.8 24735s
 55138165 30389822     cutoff   81         1.04547    4.17426   299%  96.8 24740s
 55149237 30396243    1.53376   85  242    1.04547    4.17417   299%  96.8 24745s
 55161827 30401969    1.37713  101  222    1.04547    4.17404   299%  96.8 24751s
H55162781 30401161                       1.0455000    4.17404   299%  96.8 24753s
 55167660 30404163    2.41007   85  231    1.04550    4.17397   299%  96.9 24755s
 55178163 30409581    2.42909   82  292    1.04550    4.17384   299%  96.9 24760s
 55187883 30414477 infeasible   75         1.04550    4.17378   299%  96.9 24765s
 55201006 30420194    1.10917   96  238    1.04550    4.17363   299%  96.9 24771s
 55209241 30425575    1.12891  120  167    1.04550    4.17354   299%  96.9 24775s
 55219381 30429909     cutoff  109         1.04550    4.17344   299%  96.9 24780s
 55229550 30435085 infeasible   69         1.04550    4.17332   299%  96.9 24785s
 55242868 30441677    1.52929   81  220    1.04550    4.17320   299%  96.9 24791s
H55243872 30441474                       1.0455097    4.17320   299%  96.9 24793s
H55247026 30442390                       1.0455119    4.17317   299%  96.9 24796s
 55255491 30447847    2.72416   84  292    1.04551    4.17310   299%  96.9 24801s
 55265484 30452107    1.42727   91  261    1.04551    4.17293   299%  96.9 24805s
 55275195 30457078    1.64724   87  230    1.04551    4.17280   299%  96.9 24810s
 55288431 30465497    1.07266  121  188    1.04551    4.17265   299%  96.9 24816s
 55296992 30470413    1.15179   92  189    1.04551    4.17258   299%  96.9 24820s
 55310362 30476402     cutoff  116         1.04551    4.17244   299%  96.9 24826s
 55319722 30480739    1.26120  100  238    1.04551    4.17231   299%  96.9 24830s
 55331211 30487392    1.24006  101  238    1.04551    4.17216   299%  96.9 24836s
 55340758 30492887    1.05642  112  208    1.04551    4.17208   299%  96.9 24840s
 55354394 30499011    1.35307   76  300    1.04551    4.17191   299%  96.9 24846s
 55364309 30504140    1.13149  103  190    1.04551    4.17177   299%  96.9 24850s
 55373937 30510059    1.16534  101  236    1.04551    4.17166   299%  96.9 24855s
 55387212 30516886    3.62221   81  250    1.04551    4.17151   299%  96.9 24861s
 55396382 30521952    1.52337   76  261    1.04551    4.17140   299%  96.9 24865s
 55405668 30527425    1.05478   85  171    1.04551    4.17131   299%  96.9 24870s
 55418505 30532462    2.47248   87  246    1.04551    4.17118   299%  96.9 24876s
 55418792 30533397    1.21757   90  216    1.04551    4.17115   299%  96.9 24881s
 55428921 30539390     cutoff   99         1.04551    4.17106   299%  96.9 24886s
 55439855 30545583     cutoff   81         1.04551    4.17093   299%  96.9 24891s
 55450904 30551949    1.89556   84  245    1.04551    4.17079   299%  96.9 24896s
 55460627 30556440    1.92151   84  226    1.04551    4.17067   299%  96.9 24900s
 55469686 30560995    1.18858   90  233    1.04551    4.17054   299%  96.9 24905s
 55480282 30566862    4.14936   85  240    1.04551    4.17043   299%  96.9 24910s
 55490073 30571299    1.08008  102  260    1.04551    4.17032   299%  96.9 24915s
 55499897 30576147    1.22485   80  277    1.04551    4.17021   299%  96.9 24920s
 55509184 30581339    2.03341   88  245    1.04551    4.17007   299%  96.9 24925s
H55510007 30581043                       1.0455232    4.17007   299%  96.9 24927s
 55515993 30584177     cutoff  109         1.04552    4.17006   299%  96.9 24930s
 55525125 30589411    1.26684  105  187    1.04552    4.16997   299%  96.9 24935s
 55540267 30596288     cutoff   98         1.04552    4.16976   299%  96.9 24941s
 55550122 30601926    1.50925   65  262    1.04552    4.16965   299%  96.9 24945s
 55559945 30607347    1.61291   82  248    1.04552    4.16960   299%  96.9 24950s
 55569532 30612953 infeasible  117         1.04552    4.16953   299%  96.9 24955s
 55581689 30618908    2.80928   75  251    1.04552    4.16933   299%  96.9 24961s
 55591059 30623587    2.87120   80  271    1.04552    4.16926   299%  96.9 24965s
 55600264 30628890    1.23266  111  209    1.04552    4.16913   299%  96.9 24970s
 55612636 30635759    3.40024   84  240    1.04552    4.16902   299%  96.9 24976s
 55622606 30641200 infeasible   81         1.04552    4.16894   299%  96.9 24981s
 55633215 30647431    1.39631   95  277    1.04552    4.16884   299%  96.9 24986s
 55643346 30652215    1.10157  105  223    1.04552    4.16871   299%  96.9 24990s
 55653671 30658117     cutoff  108         1.04552    4.16862   299%  96.9 24995s
 55664764 30663979    3.00382   72  298    1.04552    4.16849   299%  96.9 25000s
 55677500 30671233    1.13082   85  258    1.04552    4.16833   299%  96.9 25006s
 55688337 30675718    2.11128   84  285    1.04552    4.16821   299%  96.9 25011s
 55697931 30681331 infeasible   88         1.04552    4.16809   299%  96.9 25015s
 55707589 30686335    1.30655   80  290    1.04552    4.16800   299%  96.9 25020s
 55717596 30692101     cutoff  101         1.04552    4.16788   299%  96.9 25025s
 55725107 30696430     cutoff   96         1.04552    4.16780   299%  96.9 25030s
 55736036 30702698    1.39215  102  266    1.04552    4.16772   299%  96.9 25035s
 55746568 30709601    1.17939   92  175    1.04552    4.16763   299%  96.9 25040s
 55759346 30716556    1.83411   74  247    1.04552    4.16753   299%  96.9 25046s
 55768452 30721808    1.76310   89  253    1.04552    4.16749   299%  96.9 25051s
 55777755 30726400    2.23669   69  276    1.04552    4.16737   299%  96.9 25055s
 55787371 30731560    2.85256   62  283    1.04552    4.16725   299%  96.9 25060s
 55797292 30736572 infeasible   87         1.04552    4.16714   299%  96.9 25065s
 55806986 30740847     cutoff   88         1.04552    4.16706   299%  96.9 25070s
 55818995 30747081    1.13650   71  237    1.04552    4.16689   299%  96.9 25076s
 55828566 30751711 infeasible   76         1.04552    4.16676   299%  96.9 25080s
 55838220 30756831    2.09437   76  214    1.04552    4.16663   299%  96.9 25085s
 55847294 30762481     cutoff   92         1.04552    4.16653   299%  96.9 25090s
 55860054 30770363    1.53419   92  226    1.04552    4.16642   299%  96.9 25096s
 55871072 30776708    1.11678  101  231    1.04552    4.16634   298%  96.9 25100s
 55880484 30780390    1.25252   90  247    1.04552    4.16626   298%  96.9 25105s
 55889962 30786261    1.09147  101  172    1.04552    4.16613   298%  96.9 25110s
 55902196 30792568    1.12944   68  148    1.04552    4.16599   298%  96.9 25116s
 55911520 30798662    1.18435   83  231    1.04552    4.16592   298%  96.9 25120s
 55921260 30803487     cutoff   99         1.04552    4.16582   298%  96.9 25125s
 55931010 30808849    1.06450  105  221    1.04552    4.16569   298%  96.9 25130s
 55940650 30813198    1.05368   97  222    1.04552    4.16557   298%  96.9 25135s
 55950454 30818525    4.15001   74  263    1.04552    4.16548   298%  96.9 25140s
 55959517 30823906    1.36840  105  245    1.04552    4.16538   298%  96.9 25145s
 55962215 30840140    1.33349  107  235    1.04552    4.16538   298%  96.9 25160s
 56000236 30845587    1.19883   94  225    1.04552    4.16493   298%  96.9 25165s
 56010832 30850747    2.08750   88  228    1.04552    4.16479   298%  96.9 25170s
 56024687 30858221     cutoff   97         1.04552    4.16467   298%  96.9 25176s
 56034508 30862208    2.95978   84  228    1.04552    4.16459   298%  96.9 25180s
H56041330 30863274                       1.0456062    4.16455   298%  96.9 25185s
 56049996 30868065    1.30127   94  247    1.04561    4.16443   298%  96.9 25190s
 56063299 30875920    1.11699  103  206    1.04561    4.16431   298%  96.9 25196s
 56072177 30880043     cutoff   71         1.04561    4.16422   298%  96.9 25201s
 56081969 30886847    1.63145   94  206    1.04561    4.16412   298%  96.9 25205s
 56092460 30892115     cutoff  104         1.04561    4.16402   298%  96.9 25210s
 56102510 30897649     cutoff   80         1.04561    4.16392   298%  96.9 25215s
 56112727 30903706    3.66195   69  301    1.04561    4.16381   298%  96.9 25220s
 56125667 30909942 infeasible   82         1.04561    4.16366   298%  96.9 25226s
 56135879 30916129    1.17348   88  243    1.04561    4.16357   298%  96.9 25230s
 56145322 30921244    1.05362   97  213    1.04561    4.16346   298%  96.9 25235s
 56155176 30926863     cutoff   81         1.04561    4.16335   298%  96.9 25240s
 56167537 30933640 infeasible   79         1.04561    4.16327   298%  96.9 25246s
 56177707 30938790     cutoff  109         1.04561    4.16312   298%  96.9 25251s
 56186896 30943664    2.44309   88  194    1.04561    4.16303   298%  96.9 25255s
 56199827 30950654    1.27121   93  238    1.04561    4.16287   298%  96.9 25261s
 56209397 30956791    1.29214   88  228    1.04561    4.16282   298%  96.9 25266s
 56219207 30962299     cutoff   91         1.04561    4.16273   298%  96.9 25270s
 56228629 30966490    3.35953   74  222    1.04561    4.16259   298%  96.9 25275s
 56237170 30971509    1.38215   79  270    1.04561    4.16252   298%  96.9 25280s
 56250852 30977992    1.41377   77  229    1.04561    4.16236   298%  96.9 25286s
 56260836 30983905    1.10063   89  201    1.04561    4.16228   298%  96.9 25291s
H56264778 30984946                       1.0456095    4.16219   298%  96.9 25294s
 56266562 30986660 infeasible   89         1.04561    4.16218   298%  96.9 25296s
 56277346 30992296    1.17839   96  238    1.04561    4.16208   298%  96.9 25301s
 56287385 30998209    1.75953   79  266    1.04561    4.16197   298%  96.9 25306s
 56297118 31004409     cutoff  101         1.04561    4.16183   298%  96.9 25311s
 56307928 31009502    3.02208   78  237    1.04561    4.16175   298%  96.9 25316s
 56317992 31014982 infeasible   91         1.04561    4.16168   298%  96.9 25321s
 56327719 31021416    1.61321   79  272    1.04561    4.16159   298%  96.9 25326s
 56336190 31026617     cutoff   90         1.04561    4.16149   298%  96.9 25330s
 56346811 31031428     cutoff  100         1.04561    4.16135   298%  96.9 25335s
 56360152 31037496    1.82190   69  205    1.04561    4.16120   298%  96.9 25341s
 56367383 31042921    2.50237   80  274    1.04561    4.16114   298%  97.0 25345s
 56377579 31046929    1.11293   94  175    1.04561    4.16103   298%  97.0 25350s
H56377708 31046629                       1.0456223    4.16103   298%  97.0 25351s
 56383526 31050322     cutoff  110         1.04562    4.16098   298%  97.0 25355s
 56393162 31056610 infeasible   93         1.04562    4.16090   298%  97.0 25360s
H56398187 31057838                       1.0456268    4.16087   298%  97.0 25363s
 56399949 31059782 infeasible   84         1.04563    4.16083   298%  97.0 25365s
 56409974 31064631     cutoff   85         1.04563    4.16071   298%  97.0 25370s
 56423574 31071741    1.56413   76  268    1.04563    4.16054   298%  97.0 25376s
 56432992 31076816    1.11451   93  203    1.04563    4.16044   298%  97.0 25380s
 56441942 31081204    1.32616   88  224    1.04563    4.16035   298%  97.0 25385s
 56451685 31085557     cutoff   97         1.04563    4.16023   298%  97.0 25390s
 56462731 31093006    1.09248  107  180    1.04563    4.16017   298%  97.0 25395s
 56472651 31097217    1.15430   78  230    1.04563    4.16004   298%  97.0 25400s
 56482468 31103353    1.06821  100  266    1.04563    4.15992   298%  97.0 25405s
H56487526 31104052                       1.0456616    4.15988   298%  97.0 25408s
 56488080 31106859    1.89916   78  232    1.04566    4.15988   298%  97.0 25410s
 56497549 31111512    1.08397  106  194    1.04566    4.15984   298%  97.0 25415s
 56507718 31116707    4.03528   78  267    1.04566    4.15973   298%  97.0 25421s
 56518599 31122217    1.46815   72  204    1.04566    4.15959   298%  97.0 25426s
 56528706 31127243    1.07543  100  262    1.04566    4.15947   298%  97.0 25430s
 56538402 31131900    1.23362   91  217    1.04566    4.15938   298%  97.0 25435s
 56538643 31132790    1.16505   92  221    1.04566    4.15938   298%  97.0 25440s
 56547061 31137538    1.16270  109  174    1.04566    4.15927   298%  97.0 25445s
 56556542 31142221 infeasible  106         1.04566    4.15916   298%  97.0 25450s
 56568753 31149344    2.92937   85  282    1.04566    4.15908   298%  97.0 25456s
 56578618 31154320    1.45237   77  225    1.04566    4.15895   298%  97.0 25461s
 56587915 31159724    1.75679   79  233    1.04566    4.15885   298%  97.0 25466s
 56597477 31165868    1.45518  101  195    1.04566    4.15872   298%  97.0 25471s
 56606425 31169972 infeasible   83         1.04566    4.15870   298%  97.0 25476s
 56613785 31174463    2.71029   76  274    1.04566    4.15861   298%  97.0 25480s
 56626968 31180339    1.21880   92  217    1.04566    4.15854   298%  97.0 25486s
 56633183 31183189     cutoff  106         1.04566    4.15843   298%  97.0 25490s
 56644465 31189887    2.78936   82  257    1.04566    4.15830   298%  97.0 25495s
 56654084 31195087    1.26993  107  250    1.04566    4.15818   298%  97.0 25500s
 56666085 31202010    1.24401   78  274    1.04566    4.15805   298%  97.0 25506s
 56675416 31206160    1.63291   83  257    1.04566    4.15799   298%  97.0 25510s
 56685204 31211742    2.86672   69  303    1.04566    4.15788   298%  97.0 25515s
 56698512 31220038    1.06092  105  220    1.04566    4.15776   298%  97.0 25521s
 56708440 31225760    3.19749   78  267    1.04566    4.15768   298%  97.0 25525s
 56720251 31233017 infeasible  116         1.04566    4.15756   298%  97.0 25531s
 56730221 31237937 infeasible   93         1.04566    4.15747   298%  97.0 25535s
 56738874 31243272 infeasible   82         1.04566    4.15739   298%  97.0 25540s
 56752127 31249318     cutoff  106         1.04566    4.15724   298%  97.0 25546s
 56762821 31254994    1.66093   96  205    1.04566    4.15711   298%  97.0 25551s
 56772684 31259634    2.03426   72  258    1.04566    4.15699   298%  97.0 25556s
 56782448 31266041     cutoff   94         1.04566    4.15690   298%  97.0 25560s
 56793725 31272758     cutoff   95         1.04566    4.15682   298%  97.0 25565s
H56799215 31273871                       1.0456706    4.15675   298%  97.0 25568s
 56799895 31275366    1.38596   92  261    1.04567    4.15675   298%  97.0 25570s
 56808965 31279487    1.38324   73  253    1.04567    4.15661   298%  97.0 25575s
 56822081 31285795    1.20117   96  253    1.04567    4.15648   297%  97.0 25581s
 56831247 31290340     cutoff   93         1.04567    4.15636   297%  97.0 25585s
 56843062 31297746    1.29583   93  252    1.04567    4.15618   297%  97.0 25591s
 56852789 31302341    2.00667   90  294    1.04567    4.15612   297%  97.0 25595s
 56862440 31307870    1.16762   82  196    1.04567    4.15598   297%  97.0 25600s
 56872736 31312949    4.05514   78  275    1.04567    4.15587   297%  97.0 25605s
 56883076 31319037    1.34633   99  246    1.04567    4.15573   297%  97.0 25610s
 56896109 31325616    1.13902  108  179    1.04567    4.15560   297%  97.0 25616s
 56906071 31330647    1.20730  103  218    1.04567    4.15548   297%  97.0 25620s
 56919006 31336895    2.58020   59  305    1.04567    4.15537   297%  97.0 25626s
 56929318 31342601    1.66030   95  215    1.04567    4.15522   297%  97.0 25631s
H56932429 31345022                       1.0456735    4.15518   297%  97.0 25634s
 56935572 31347066 infeasible  118         1.04567    4.15518   297%  97.0 25636s
 56945638 31352003    2.22070   74  252    1.04567    4.15508   297%  97.0 25640s
 56956913 31359305    1.07267  111  235    1.04567    4.15502   297%  97.0 25646s
 56965750 31364117    2.22983   83  301    1.04567    4.15497   297%  97.0 25650s
 56972598 31366369    1.21581  110  222    1.04567    4.15489   297%  97.0 25655s
 56980343 31371014    2.01727   74  207    1.04567    4.15483   297%  97.0 25660s
 56993781 31377648    1.70223   83  235    1.04567    4.15467   297%  97.0 25666s
 57003254 31383371    1.07271   99  240    1.04567    4.15458   297%  97.0 25670s
 57015407 31389350    1.31476  104  221    1.04567    4.15444   297%  97.0 25676s
 57024488 31394188    1.30453   97  256    1.04567    4.15437   297%  97.0 25681s
 57035623 31399402    3.07043   83  241    1.04567    4.15423   297%  97.0 25686s
 57044789 31404589     cutoff   92         1.04567    4.15412   297%  97.0 25690s
 57058173 31410756    4.15133   83  293    1.04567    4.15393   297%  97.0 25696s
 57067875 31415960     cutoff  106         1.04567    4.15382   297%  97.0 25700s
 57077575 31421100    1.16828   84  215    1.04567    4.15368   297%  97.0 25705s
 57090203 31428210    1.45310   77  236    1.04567    4.15355   297%  97.0 25711s
 57100806 31434257    1.81068   90  174    1.04567    4.15343   297%  97.0 25716s
 57111547 31439503    2.61812   71  247    1.04567    4.15332   297%  97.0 25720s
 57123655 31445869    2.17572   71  216    1.04567    4.15315   297%  97.0 25726s
 57130876 31447614    2.45677   89  278    1.04567    4.15308   297%  97.0 25730s
 57132358 31450083    2.00277   91  254    1.04567    4.15306   297%  97.0 25735s
 57142133 31455516    1.10963  104  156    1.04567    4.15294   297%  97.0 25740s
 57152639 31461036    2.29314   67  260    1.04567    4.15282   297%  97.0 25745s
 57166423 31468562     cutoff   98         1.04567    4.15265   297%  97.0 25751s
 57177548 31472467     cutoff   70         1.04567    4.15256   297%  97.0 25755s
 57189160 31479251    1.93470   79  236    1.04567    4.15242   297%  97.0 25761s
 57198762 31484130    1.31174   81  195    1.04567    4.15230   297%  97.0 25765s
 57211952 31490903    1.07872  112  177    1.04567    4.15217   297%  97.0 25771s
 57222678 31496730    1.66762   89  268    1.04567    4.15202   297%  97.0 25775s
 57232501 31502818    1.36674   93  182    1.04567    4.15193   297%  97.0 25780s
 57243873 31509335    1.89571   81  232    1.04567    4.15180   297%  97.0 25786s
 57254744 31515282    1.65522   93  267    1.04567    4.15171   297%  97.0 25790s
 57264754 31519605    1.15234   88  217    1.04567    4.15158   297%  97.0 25795s
 57279232 31526460    1.56566   83  237    1.04567    4.15141   297%  97.0 25800s
 57288930 31530625    1.58973   82  220    1.04567    4.15128   297%  97.0 25805s
 57302085 31536658    1.11932   89  231    1.04567    4.15115   297%  97.0 25811s
 57311796 31542660     cutoff  101         1.04567    4.15106   297%  97.0 25815s
 57324622 31548867    1.21683   80  213    1.04567    4.15088   297%  97.0 25820s
 57334316 31553318 infeasible   76         1.04567    4.15079   297%  97.0 25825s
 57345062 31559368    1.20720   96  252    1.04567    4.15066   297%  97.0 25830s
 57357175 31565251    1.38121   78  141    1.04567    4.15050   297%  97.0 25835s
 57367241 31569804    1.29105   83  255    1.04567    4.15034   297%  97.0 25840s
 57379693 31576745    1.88108   76  255    1.04567    4.15020   297%  97.0 25846s
 57389267 31581413    1.59205   74  211    1.04567    4.15007   297%  97.0 25850s
 57401186 31589142    1.43570   84  183    1.04567    4.14997   297%  97.0 25856s
 57410778 31594452    1.09538   90  184    1.04567    4.14984   297%  97.0 25860s
 57424240 31600630     cutoff   91         1.04567    4.14969   297%  97.0 25866s
 57433081 31604841    1.49974   81  295    1.04567    4.14963   297%  97.0 25871s
 57442590 31610736    1.12353  103  240    1.04567    4.14950   297%  97.0 25875s
 57452997 31615517 infeasible   84         1.04567    4.14938   297%  97.0 25880s
 57466262 31622650 infeasible  106         1.04567    4.14925   297%  97.0 25886s
 57477491 31627692    3.15025   80  253    1.04567    4.14910   297%  97.0 25890s
 57487605 31634088    3.87287   77  257    1.04567    4.14901   297%  97.0 25895s
 57500910 31641183    1.06660   99  269    1.04567    4.14884   297%  97.0 25901s
 57511143 31645989 infeasible   79         1.04567    4.14870   297%  97.0 25905s
 57520785 31650097    1.09572  103  256    1.04567    4.14859   297%  97.0 25910s
 57532750 31657139    1.04576  103  208    1.04567    4.14847   297%  97.0 25916s
 57542264 31662023    1.20696  108  222    1.04567    4.14836   297%  97.0 25920s
 57551461 31668086    1.38905  100  204    1.04567    4.14822   297%  97.0 25925s
 57565707 31674769    1.06966  109  259    1.04567    4.14817   297%  97.0 25931s
 57575165 31680488    1.29560   93  210    1.04567    4.14804   297%  97.0 25935s
 57585895 31685993     cutoff  116         1.04567    4.14791   297%  97.0 25940s
 57598473 31692857    1.39769   83  241    1.04567    4.14779   297%  97.0 25945s
 57608181 31698002    3.45323   77  276    1.04567    4.14767   297%  97.0 25950s
 57621471 31703974    4.01707   72  284    1.04567    4.14752   297%  97.0 25956s
 57630824 31708634 infeasible   80         1.04567    4.14740   297%  97.0 25960s
 57640513 31713407     cutoff  106         1.04567    4.14728   297%  97.0 25965s
 57653877 31720206    3.97381   88  251    1.04567    4.14714   297%  97.0 25971s
 57663742 31725038    1.45325   89  255    1.04567    4.14704   297%  97.0 25975s
 57673672 31729529     cutoff   97         1.04567    4.14694   297%  97.0 25980s
 57683150 31733242     cutoff   94         1.04567    4.14686   297%  97.0 25985s
 57684757 31735555    1.96329   84  261    1.04567    4.14685   297%  97.0 25990s
 57695612 31741445    1.87615   87  262    1.04567    4.14671   297%  97.0 25995s
 57704764 31747297 infeasible  113         1.04567    4.14664   297%  97.0 26000s
 57717991 31753981    1.47296   88  265    1.04567    4.14650   297%  97.0 26006s
 57726073 31757848    1.68850   85  201    1.04567    4.14642   297%  97.0 26010s
 57739080 31763295    2.28400   86  265    1.04567    4.14621   297%  97.0 26016s
 57748617 31767636     cutoff   95         1.04567    4.14612   297%  97.0 26020s
 57757355 31772905 infeasible   95         1.04567    4.14603   296%  97.0 26025s
 57770351 31779656    1.26792  101  226    1.04567    4.14587   296%  97.0 26031s
 57781762 31784180    2.51533   80  265    1.04567    4.14580   296%  97.0 26035s
 57791150 31790675    1.20390   89  240    1.04567    4.14572   296%  97.1 26040s
 57800878 31794757    1.06733   95  219    1.04567    4.14560   296%  97.1 26045s
 57813120 31801539     cutoff   92         1.04567    4.14549   296%  97.1 26051s
 57822652 31807666    1.16069   94  212    1.04567    4.14538   296%  97.1 26055s
 57834057 31812803 infeasible  105         1.04567    4.14525   296%  97.1 26060s
 57843969 31817297    1.13177   85  203    1.04567    4.14512   296%  97.1 26065s
 57856857 31823729    3.09981   80  236    1.04567    4.14497   296%  97.1 26070s
 57866179 31828907    1.59172   89  264    1.04567    4.14484   296%  97.1 26075s
 57875131 31834724     cutoff  102         1.04567    4.14473   296%  97.1 26080s
 57889391 31842155    1.32519   88  184    1.04567    4.14457   296%  97.1 26086s
 57898768 31846926    1.50453   94  279    1.04567    4.14444   296%  97.1 26091s
 57908897 31852438    2.10869   75  256    1.04567    4.14433   296%  97.1 26095s
 57919704 31858245    1.97923   94  228    1.04567    4.14422   296%  97.1 26100s
 57929464 31864108    1.66233   83  242    1.04567    4.14409   296%  97.1 26105s
 57942916 31870695     cutoff  100         1.04567    4.14395   296%  97.1 26111s
 57952752 31875200    1.20148  100  237    1.04567    4.14382   296%  97.1 26116s
 57962440 31881011     cutoff  104         1.04567    4.14374   296%  97.1 26120s
 57972077 31886125    3.08666   63  261    1.04567    4.14364   296%  97.1 26125s
 57984205 31892371    1.09771  103  294    1.04567    4.14344   296%  97.1 26131s
 57993928 31897357    2.05572   85  247    1.04567    4.14333   296%  97.1 26135s
 58001100 31916221    1.58023   78  277    1.04567    4.14323   296%  97.1 26150s
 58043084 31923100    1.70944   93  196    1.04567    4.14278   296%  97.1 26156s
 58052541 31928097    1.13717   99  209    1.04567    4.14269   296%  97.1 26160s
 58062811 31933255     cutoff   89         1.04567    4.14261   296%  97.1 26165s
 58075502 31939285    3.12797   77  301    1.04567    4.14249   296%  97.1 26171s
 58085380 31944094    1.24662   98  239    1.04567    4.14234   296%  97.1 26175s
 58095517 31948581    1.20230  104  201    1.04567    4.14221   296%  97.1 26180s
H58098817 31950215                       1.0457063    4.14217   296%  97.1 26183s
 58101933 31951804     cutoff   95         1.04571    4.14215   296%  97.1 26185s
H58102123 31951010                       1.0457383    4.14215   296%  97.1 26186s
H58105749 31952620                       1.0457637    4.14214   296%  97.1 26191s
H58105872 31952358                       1.0457733    4.14214   296%  97.1 26192s
 58111020 31955290    1.48509   86  268    1.04577    4.14212   296%  97.1 26195s
H58118576 31958011                       1.0457980    4.14201   296%  97.1 26200s
H58122016 31959639                       1.0457991    4.14195   296%  97.1 26204s
 58124419 31961294    1.33071   91  243    1.04580    4.14190   296%  97.1 26205s
 58134000 31966542     cutoff  105         1.04580    4.14179   296%  97.1 26210s
 58143920 31971628    3.46818   85  241    1.04580    4.14170   296%  97.1 26215s
 58154221 31976336    1.58532   79  268    1.04580    4.14157   296%  97.1 26220s
 58167889 31982148     cutoff  112         1.04580    4.14141   296%  97.1 26226s
 58177408 31986762    1.49464   88  283    1.04580    4.14125   296%  97.1 26231s
 58188321 31992713     cutoff  109         1.04580    4.14117   296%  97.1 26236s
 58198526 31998578    1.30687   89  264    1.04580    4.14104   296%  97.1 26241s
 58208375 32003725    1.04979  109  165    1.04580    4.14095   296%  97.1 26246s
 58219313 32009313     cutoff   94         1.04580    4.14079   296%  97.1 26251s
 58224957 32013417    1.32266   98  268    1.04580    4.14073   296%  97.1 26255s
 58234608 32019132    1.15807   89  266    1.04580    4.14066   296%  97.1 26260s
 58244828 32023981 infeasible  107         1.04580    4.14054   296%  97.1 26265s
 58257021 32029232     cutoff   82         1.04580    4.14039   296%  97.1 26270s
 58257495 32030502    1.33414   83  234    1.04580    4.14038   296%  97.1 26275s
 58267020 32036828    1.26796   98  236    1.04580    4.14028   296%  97.1 26281s
H58271096 32038004                       1.0458035    4.14024   296%  97.1 26284s
 58273408 32040250    1.06415   84  255    1.04580    4.14022   296%  97.1 26286s
 58284081 32045207    1.67117   84  213    1.04580    4.14012   296%  97.1 26290s
 58293811 32051200    1.16144   94  224    1.04580    4.13996   296%  97.1 26295s
 58304927 32055428     cutoff  106         1.04580    4.13989   296%  97.1 26300s
 58318055 32063734     cutoff   95         1.04580    4.13978   296%  97.1 26306s
 58327026 32069638    1.30924   91  220    1.04580    4.13970   296%  97.1 26311s
 58336845 32075191    1.35515   89  284    1.04580    4.13963   296%  97.1 26316s
 58343096 32078671    1.51621   74  206    1.04580    4.13957   296%  97.1 26320s
H58348143 32080914                       1.0458107    4.13950   296%  97.1 26324s
 58350659 32082118    3.51655   71  260    1.04581    4.13949   296%  97.1 26326s
 58360161 32088051    2.38261   80  298    1.04581    4.13943   296%  97.1 26330s
 58370593 32093205    1.58454   84  259    1.04581    4.13929   296%  97.1 26335s
 58379825 32098323    2.87740   74  303    1.04581    4.13916   296%  97.1 26340s
 58389340 32103746    1.30932   85  216    1.04581    4.13903   296%  97.1 26345s
H58395581 32105088                       1.0458158    4.13899   296%  97.1 26348s
 58396237 32106910     cutoff   94         1.04582    4.13896   296%  97.1 26350s
 58408525 32113216    1.31502  105  291    1.04582    4.13882   296%  97.1 26356s
 58417771 32117874    1.13226   99  252    1.04582    4.13868   296%  97.1 26360s
 58427467 32122164    1.26242  100  268    1.04582    4.13858   296%  97.1 26365s
 58437166 32127027    1.20456   99  230    1.04582    4.13847   296%  97.1 26370s
 58446899 32132204    2.20270   71  255    1.04582    4.13839   296%  97.1 26375s
 58455846 32137449 infeasible  120         1.04582    4.13827   296%  97.1 26380s
 58469979 32143887    1.25759   87  265    1.04582    4.13812   296%  97.1 26386s
 58479897 32149303    1.74595   76  224    1.04582    4.13801   296%  97.1 26391s
 58489269 32153901    1.09588   89  226    1.04582    4.13785   296%  97.1 26396s
 58498797 32158697    1.39381   95  233    1.04582    4.13775   296%  97.1 26401s
 58508541 32163823    1.61744   89  280    1.04582    4.13761   296%  97.1 26405s
 58518243 32169449    1.62320  100  228    1.04582    4.13748   296%  97.1 26411s
 58528981 32173828    1.19625   91  232    1.04582    4.13733   296%  97.1 26415s
 58539070 32178054    2.86747   77  308    1.04582    4.13722   296%  97.1 26420s
 58551203 32184405    2.43340   72  247    1.04582    4.13705   296%  97.1 26426s
 58560576 32189308    1.39601  100  237    1.04582    4.13698   296%  97.1 26430s
 58570326 32193222     cutoff  103         1.04582    4.13686   296%  97.1 26435s
 58579892 32197501    1.43643   81  241    1.04582    4.13672   296%  97.1 26440s
 58592548 32204161    1.05427   98  226    1.04582    4.13658   296%  97.1 26446s
 58602308 32209135    1.58975   86  210    1.04582    4.13644   296%  97.1 26450s
 58612084 32213748    1.30943   93  295    1.04582    4.13631   296%  97.1 26455s
 58621470 32219006    1.17494  113  209    1.04582    4.13618   295%  97.1 26460s
 58631108 32225250    1.05829  110  215    1.04582    4.13612   295%  97.1 26465s
 58644398 32231421     cutoff  113         1.04582    4.13595   295%  97.1 26471s
 58653858 32236502    1.48351   94  272    1.04582    4.13586   295%  97.1 26475s
 58663253 32241809     cutoff  102         1.04582    4.13574   295%  97.1 26480s
 58671909 32247673    1.32630   75  206    1.04582    4.13568   295%  97.1 26485s
 58683179 32252495    1.63111   81  261    1.04582    4.13554   295%  97.1 26490s
 58696461 32258940    2.70355   93  270    1.04582    4.13533   295%  97.1 26496s
 58707166 32264124    1.06393  107  234    1.04582    4.13518   295%  97.1 26501s
 58716397 32268242     cutoff  103         1.04582    4.13511   295%  97.1 26506s
 58726194 32272999    1.89873   90  214    1.04582    4.13501   295%  97.1 26511s
 58735842 32277900    1.05554  110  212    1.04582    4.13488   295%  97.1 26515s
 58745478 32282717     cutoff  107         1.04582    4.13478   295%  97.1 26520s
H58755851 32286423                       1.0458254    4.13464   295%  97.1 26526s
 58760723 32289551     cutoff  106         1.04583    4.13459   295%  97.1 26530s
 58770278 32294598    1.18475  103  215    1.04583    4.13450   295%  97.1 26535s
 58782944 32301540     cutoff   93         1.04583    4.13439   295%  97.1 26541s
 58793077 32307348    1.13713  100  231    1.04583    4.13427   295%  97.1 26545s
 58797696 32307485     cutoff   86         1.04583    4.13423   295%  97.1 26551s
 58803103 32312688    2.80912   79  259    1.04583    4.13416   295%  97.1 26556s
 58815792 32317712     cutoff   84         1.04583    4.13402   295%  97.1 26561s
 58825011 32322990     cutoff   92         1.04583    4.13391   295%  97.1 26566s
 58835688 32328057     cutoff   81         1.04583    4.13379   295%  97.1 26571s
 58845592 32332860    3.59333   73  288    1.04583    4.13366   295%  97.1 26576s
 58855816 32338500    1.56829   66  207    1.04583    4.13354   295%  97.1 26581s
 58864890 32344137    2.75607   82  274    1.04583    4.13343   295%  97.1 26586s
 58874879 32349657    1.39447  101  215    1.04583    4.13341   295%  97.1 26590s
 58884617 32354929    1.31838   91  294    1.04583    4.13327   295%  97.1 26595s
 58897156 32361317 infeasible   78         1.04583    4.13317   295%  97.1 26601s
H58902001 32361492                       1.0458773    4.13311   295%  97.1 26604s
 58902794 32364155    1.63941   86  257    1.04588    4.13309   295%  97.1 26606s
 58913262 32368364    1.09334  107  180    1.04588    4.13298   295%  97.1 26611s
 58922832 32372821    1.24762   98  244    1.04588    4.13286   295%  97.1 26615s
 58932239 32378213    1.31519   77  236    1.04588    4.13274   295%  97.1 26620s
 58941866 32384217    3.16203   84  222    1.04588    4.13268   295%  97.1 26625s
 58954701 32391429    1.35381   83  214    1.04588    4.13260   295%  97.1 26630s
 58963305 32395531    1.06469  102  271    1.04588    4.13249   295%  97.1 26635s
 58973368 32400704     cutoff   88         1.04588    4.13242   295%  97.1 26640s
 58983439 32405994    1.20160   72  201    1.04588    4.13230   295%  97.1 26645s
 58993265 32411768    2.85351   79  258    1.04588    4.13217   295%  97.1 26650s
 59002505 32417034    1.26112   86  234    1.04588    4.13210   295%  97.1 26655s
 59014452 32425008     cutoff   88         1.04588    4.13202   295%  97.1 26661s
 59025677 32430353    1.86805   85  203    1.04588    4.13185   295%  97.1 26666s
 59030197 32432301    1.49675   86  251    1.04588    4.13181   295%  97.1 26671s
 59041417 32438842    2.46742   72  291    1.04588    4.13170   295%  97.1 26676s
 59048640 32442647    1.31980   76  272    1.04588    4.13163   295%  97.1 26680s
 59061552 32449232     cutoff   85         1.04588    4.13150   295%  97.1 26686s
 59071071 32456146    1.45729   85  212    1.04588    4.13141   295%  97.1 26690s
 59080634 32462244    1.15801   79  242    1.04588    4.13133   295%  97.1 26695s
 59090015 32466888    2.34307   77  269    1.04588    4.13122   295%  97.1 26700s
 59099134 32471740     cutoff  105         1.04588    4.13111   295%  97.1 26705s
 59108707 32476405    1.19309   96  254    1.04588    4.13105   295%  97.1 26710s
 59118096 32481673    1.05176   94  274    1.04588    4.13092   295%  97.1 26715s
 59131837 32489052 infeasible  111         1.04588    4.13073   295%  97.1 26721s
 59140872 32493199    1.07583  103  277    1.04588    4.13062   295%  97.1 26726s
 59150058 32498859 infeasible   89         1.04588    4.13050   295%  97.1 26730s
 59160471 32503462     cutoff  105         1.04588    4.13039   295%  97.1 26735s
 59169651 32508809    1.08082   92  239    1.04588    4.13033   295%  97.1 26740s
 59181892 32514987    1.56239   86  274    1.04588    4.13015   295%  97.1 26746s
 59190469 32520220    1.92105   93  235    1.04588    4.13007   295%  97.1 26750s
 59199099 32525898    1.73753   80  301    1.04588    4.13003   295%  97.1 26755s
 59212335 32532646    1.08124   97  247    1.04588    4.12992   295%  97.1 26761s
 59221705 32537574    3.93788   80  251    1.04588    4.12983   295%  97.1 26765s
 59232315 32543269    1.06809  127  170    1.04588    4.12970   295%  97.1 26771s
 59242542 32549049 infeasible   73         1.04588    4.12957   295%  97.1 26775s
 59252560 32554123    2.20423   71  246    1.04588    4.12945   295%  97.1 26781s
 59261740 32558605    1.63052   82  295    1.04588    4.12937   295%  97.1 26786s
 59270874 32563667    1.19544  102  182    1.04588    4.12928   295%  97.1 26790s
 59280438 32568598    3.05992   78  219    1.04588    4.12919   295%  97.2 26795s
 59290205 32573091     cutoff   88         1.04588    4.12908   295%  97.2 26800s
 59300212 32578663    1.60442   85  198    1.04588    4.12898   295%  97.2 26805s
 59310141 32583989    1.18959   98  247    1.04588    4.12887   295%  97.2 26810s
 59318659 32590296    2.47454   70  256    1.04588    4.12882   295%  97.2 26815s
 59330170 32595317    1.29727   84  237    1.04588    4.12870   295%  97.2 26820s
 59339742 32600563    1.34827   94  225    1.04588    4.12861   295%  97.2 26825s
 59349575 32606794    1.20809  102  199    1.04588    4.12850   295%  97.2 26830s
 59360444 32611961    1.36824   85  213    1.04588    4.12840   295%  97.2 26835s
 59373757 32619350     cutoff   88         1.04588    4.12826   295%  97.2 26841s
 59377250 32636862    1.60138   78  270    1.04588    4.12822   295%  97.2 26856s
 59416098 32642179 infeasible   85         1.04588    4.12782   295%  97.2 26860s
 59425781 32647744    1.07116  107  203    1.04588    4.12776   295%  97.2 26865s
 59438543 32655000    1.29579   89  224    1.04588    4.12763   295%  97.2 26870s
 59451610 32660864     cutoff  100         1.04588    4.12747   295%  97.2 26876s
 59461532 32666130    2.87405   67  274    1.04588    4.12739   295%  97.2 26880s
 59474680 32673790    1.16724   87  247    1.04588    4.12731   295%  97.2 26886s
 59484739 32679364    1.31122  114  226    1.04588    4.12724   295%  97.2 26890s
 59497867 32685438 infeasible  111         1.04588    4.12707   295%  97.2 26896s
H59507521 32689764                       1.0458854    4.12697   295%  97.2 26900s
 59513252 32693849    3.54864   86  243    1.04589    4.12690   295%  97.2 26905s
 59523425 32700910 infeasible   99         1.04589    4.12686   295%  97.2 26910s
 59534377 32705949    1.94287   80  228    1.04589    4.12675   295%  97.2 26915s
 59547233 32712693    2.43209   83  252    1.04589    4.12657   295%  97.2 26921s
 59557253 32717674    3.31825   77  291    1.04589    4.12649   295%  97.2 26926s
 59566721 32722194    3.89676   67  268    1.04589    4.12639   295%  97.2 26930s
 59579635 32729127 infeasible  100         1.04589    4.12624   295%  97.2 26936s
 59588959 32734297    2.47997   86  260    1.04589    4.12616   295%  97.2 26941s
 59598414 32739931    2.64715   81  267    1.04589    4.12604   295%  97.2 26945s
 59611243 32745866    1.22031   75  276    1.04589    4.12593   294%  97.2 26951s
 59620981 32751390    3.37433   75  319    1.04589    4.12579   294%  97.2 26955s
 59630825 32756707    1.45452   85  202    1.04589    4.12572   294%  97.2 26960s
 59644007 32763637    1.78419   85  248    1.04589    4.12563   294%  97.2 26966s
 59652103 32768557    1.16079   96  216    1.04589    4.12555   294%  97.2 26971s
 59662574 32774295     cutoff   88         1.04589    4.12548   294%  97.2 26975s
 59674012 32780494    1.77804   84  209    1.04589    4.12532   294%  97.2 26981s
 59683478 32785871    4.07523   85  266    1.04589    4.12527   294%  97.2 26985s
 59696000 32792335    1.33191   85  281    1.04589    4.12511   294%  97.2 26991s
 59705552 32797380    3.51168   79  250    1.04589    4.12501   294%  97.2 26995s
 59715041 32802767    1.58569   78  274    1.04589    4.12487   294%  97.2 27000s
 59724806 32808326    1.23580   78  198    1.04589    4.12476   294%  97.2 27005s
 59737407 32814794    1.51010   78  138    1.04589    4.12467   294%  97.2 27011s
 59747010 32820721    1.32673   94  244    1.04589    4.12455   294%  97.2 27016s
 59758279 32826404    1.54780   76  246    1.04589    4.12444   294%  97.2 27021s
 59768269 32832084    1.05454  102  182    1.04589    4.12432   294%  97.2 27025s
 59777308 32838225    1.20910   99  240    1.04589    4.12426   294%  97.2 27030s
 59786173 32843462 infeasible   86         1.04589    4.12418   294%  97.2 27035s
 59798547 32851468    1.12991   95  203    1.04589    4.12408   294%  97.2 27041s
 59808478 32857714     cutoff   93         1.04589    4.12399   294%  97.2 27045s
 59819816 32863276     cutoff   81         1.04589    4.12390   294%  97.2 27050s
 59832576 32869641    1.30257   98  266    1.04589    4.12379   294%  97.2 27056s
 59842088 32874949    1.43745   90  260    1.04589    4.12369   294%  97.2 27060s
 59851559 32880675    1.20590  102  185    1.04589    4.12357   294%  97.2 27065s
 59861163 32886354    1.37402   73  170    1.04589    4.12351   294%  97.2 27070s
 59873262 32892699    1.15742   97  244    1.04589    4.12335   294%  97.2 27076s
 59882507 32896968    1.38489   82  273    1.04589    4.12325   294%  97.2 27081s
 59892449 32901911    2.80426   85  234    1.04589    4.12311   294%  97.2 27085s
 59903163 32907545     cutoff  105         1.04589    4.12303   294%  97.2 27090s
 59913389 32913312    1.74865   70  248    1.04589    4.12287   294%  97.2 27095s
 59923021 32918328    1.30605   84  219    1.04589    4.12275   294%  97.2 27100s
 59931405 32924240    1.59618   79  253    1.04589    4.12270   294%  97.2 27105s
 59941890 32929822    3.20043   64  224    1.04589    4.12260   294%  97.2 27110s
 59951768 32934848    1.56641   76  207    1.04589    4.12246   294%  97.2 27115s
 59955728 32951200    1.58640   89  256    1.04589    4.12241   294%  97.2 27130s
 59997743 32958179    3.95546   66  281    1.04589    4.12188   294%  97.2 27135s
 60007352 32963101    1.09817   97  189    1.04589    4.12178   294%  97.2 27140s
 60020635 32970718    1.25890   96  258    1.04589    4.12166   294%  97.2 27146s
 60030486 32975866     cutoff  105         1.04589    4.12156   294%  97.2 27150s
 60040335 32980617    1.30353   85  291    1.04589    4.12142   294%  97.2 27155s
 60050407 32986322    2.35777   69  231    1.04589    4.12134   294%  97.2 27160s
 60059869 32989566    2.58342   85  249    1.04589    4.12124   294%  97.2 27166s
 60067612 32994305 infeasible   79         1.04589    4.12115   294%  97.2 27170s
 60077627 32999264    1.11102  107  201    1.04589    4.12102   294%  97.2 27175s
 60088383 33004034     cutoff   92         1.04589    4.12089   294%  97.2 27180s
 60097081 33008611    3.67417   76  290    1.04589    4.12078   294%  97.2 27185s
 60110771 33015734    3.02979   70  291    1.04589    4.12063   294%  97.2 27191s
 60119852 33020986     cutoff  111         1.04589    4.12050   294%  97.2 27196s
 60129236 33026092     cutoff  105         1.04589    4.12042   294%  97.2 27200s
 60138687 33031028    1.50366   73  254    1.04589    4.12028   294%  97.2 27205s
 60149252 33036156    4.07806   81  303    1.04589    4.12019   294%  97.2 27210s
 60159072 33041053     cutoff  111         1.04589    4.12010   294%  97.2 27215s
 60172591 33047550     cutoff  115         1.04589    4.11991   294%  97.2 27221s
 60182680 33052805    1.58870   94  239    1.04589    4.11983   294%  97.2 27226s
 60192394 33058911    1.38546   97  214    1.04589    4.11972   294%  97.2 27230s
 60202476 33064536     cutoff  101         1.04589    4.11964   294%  97.2 27235s
H60213095 33070113                       1.0458907    4.11957   294%  97.2 27241s
 60219943 33074610    1.24362   99  257    1.04589    4.11946   294%  97.2 27246s
 60230244 33080734    2.46529   82  279    1.04589    4.11935   294%  97.2 27251s
 60239451 33084916    3.26952   89  245    1.04589    4.11926   294%  97.2 27255s
 60248709 33089495    2.21524   73  215    1.04589    4.11912   294%  97.2 27260s
 60261747 33097767    2.20911   87  243    1.04589    4.11900   294%  97.2 27266s
 60271002 33102875    1.08686  101  189    1.04589    4.11891   294%  97.2 27271s
 60280170 33108386    1.25821   91  284    1.04589    4.11882   294%  97.2 27275s
 60289898 33113962    3.42710   71  290    1.04589    4.11872   294%  97.2 27280s
 60299611 33119932    1.52763   95  239    1.04589    4.11862   294%  97.2 27285s
 60308710 33125953 infeasible   82         1.04589    4.11856   294%  97.2 27290s
 60322554 33133291    1.58385   88  165    1.04589    4.11851   294%  97.2 27296s
 60328216 33138600    1.36714  101  222    1.04589    4.11844   294%  97.2 27300s
 60340348 33143239     cutoff   94         1.04589    4.11838   294%  97.2 27305s
 60350056 33147975    1.18342   94  200    1.04589    4.11828   294%  97.2 27310s
 60360093 33152598    3.36472   67  256    1.04589    4.11818   294%  97.2 27315s
 60369030 33158023 infeasible  112         1.04589    4.11805   294%  97.2 27320s
 60378807 33163381    2.63403   77  263    1.04589    4.11796   294%  97.2 27326s
 60388380 33167602     cutoff  102         1.04589    4.11784   294%  97.2 27331s
 60398611 33172853    1.06991   99  263    1.04589    4.11770   294%  97.2 27336s
 60408876 33177601    3.19012   61  270    1.04589    4.11760   294%  97.2 27341s
 60415240 33181203    1.92747   94  263    1.04589    4.11754   294%  97.2 27345s
 60424569 33186258    1.43934   85  247    1.04589    4.11745   294%  97.2 27350s
 60438653 33193592    1.14606  106  194    1.04589    4.11730   294%  97.2 27356s
 60447903 33198939    1.37480  105  216    1.04589    4.11717   294%  97.2 27361s
 60457351 33203151    3.97379   69  261    1.04589    4.11706   294%  97.2 27366s
 60467422 33209208 infeasible   87         1.04589    4.11697   294%  97.2 27370s
 60476708 33214408     cutoff  107         1.04589    4.11689   294%  97.2 27375s
 60490257 33221390    3.16124   88  214    1.04589    4.11677   294%  97.2 27381s
 60499192 33226919    3.68336   75  273    1.04589    4.11668   294%  97.2 27385s
 60508706 33232109    1.14662   97  176    1.04589    4.11660   294%  97.2 27390s
 60522312 33239136    1.08576  112  207    1.04589    4.11646   294%  97.2 27396s
 60531797 33244589     cutoff   97         1.04589    4.11633   294%  97.2 27400s
 60534322 33244802    1.33418   93  214    1.04589    4.11631   294%  97.2 27405s
 60541222 33251022    1.33003   78  210    1.04589    4.11626   294%  97.2 27410s
 60550600 33257316    1.26959   99  208    1.04589    4.11625   294%  97.2 27415s
 60562013 33263762    3.24908   78  284    1.04589    4.11612   294%  97.2 27421s
 60571592 33269215    2.48499   88  270    1.04589    4.11610   294%  97.2 27426s
 60582764 33275775    1.21286   89  219    1.04589    4.11595   294%  97.2 27431s
 60592650 33280730    1.08224  103  190    1.04589    4.11591   294%  97.2 27436s
 60602391 33285217     cutoff   75         1.04589    4.11578   294%  97.2 27440s
 60611312 33291077    1.10479  106  192    1.04589    4.11568   294%  97.2 27445s
 60624557 33297072    1.29091   88  206    1.04589    4.11555   293%  97.2 27451s
 60634476 33302028    2.76736   74  253    1.04589    4.11542   293%  97.2 27456s
 60644458 33307378    2.17812  107  270    1.04589    4.11534   293%  97.2 27460s
 60653807 33312672 infeasible   80         1.04589    4.11529   293%  97.2 27465s
 60664427 33318327     cutoff   91         1.04589    4.11522   293%  97.2 27470s
 60677940 33327335    1.05777  108  228    1.04589    4.11504   293%  97.2 27476s
 60687755 33332379    3.63069   74  281    1.04589    4.11495   293%  97.2 27481s
 60697544 33337692    1.11875  111  214    1.04589    4.11486   293%  97.2 27485s
 60708888 33343337    1.11725   89  211    1.04589    4.11473   293%  97.2 27490s
 60722133 33350635    2.79314   67  245    1.04589    4.11460   293%  97.2 27496s
 60730491 33354492    1.13261   89  255    1.04589    4.11449   293%  97.2 27501s
 60739918 33359180    1.26250   94  234    1.04589    4.11442   293%  97.2 27505s
 60749530 33364943    1.33624   97  193    1.04589    4.11430   293%  97.2 27510s
 60759611 33370086    1.18692  106  172    1.04589    4.11420   293%  97.2 27515s
 60772180 33376035    1.71990   77  248    1.04589    4.11406   293%  97.2 27520s
 60781313 33382053     cutoff   94         1.04589    4.11398   293%  97.2 27525s
 60795052 33389509     cutoff   99         1.04589    4.11383   293%  97.3 27531s
 60804278 33395464    2.62515   81  253    1.04589    4.11375   293%  97.3 27535s
 60813018 33400968    1.25752   92  253    1.04589    4.11370   293%  97.3 27540s
 60822891 33406537     cutoff   90         1.04589    4.11363   293%  97.3 27545s
 60836504 33412658    1.18261   95  238    1.04589    4.11344   293%  97.3 27551s
 60846663 33417926    1.81581   83  264    1.04589    4.11339   293%  97.3 27555s
 60856801 33422832     cutoff   95         1.04589    4.11324   293%  97.3 27560s
 60866248 33427365    1.56228   80  192    1.04589    4.11311   293%  97.3 27565s
 60876349 33433094    2.49496   92  258    1.04589    4.11304   293%  97.3 27570s
 60885352 33437818    1.69406   66  220    1.04589    4.11293   293%  97.3 27575s
 60898741 33445101    1.24720  102  267    1.04589    4.11274   293%  97.3 27580s
 60908632 33449917     cutoff   95         1.04589    4.11267   293%  97.3 27585s
 60918420 33455390    1.61147   91  233    1.04589    4.11258   293%  97.3 27590s
 60931940 33462863 infeasible   95         1.04589    4.11245   293%  97.3 27596s
 60941734 33468068    2.80556   80  199    1.04589    4.11234   293%  97.3 27600s
 60952507 33473162    2.05700   88  201    1.04589    4.11219   293%  97.3 27605s
 60962322 33478596    2.94056   83  266    1.04589    4.11213   293%  97.3 27610s
 60971980 33483578     cutoff   99         1.04589    4.11203   293%  97.3 27615s
 60984936 33491044    1.65999   79  261    1.04589    4.11188   293%  97.3 27621s
 60994701 33496586    1.64564   85  295    1.04589    4.11179   293%  97.3 27625s
 61005710 33501806    1.44821   82  305    1.04589    4.11167   293%  97.3 27630s
 61016065 33508321    3.04471   91  238    1.04589    4.11153   293%  97.3 27635s
 61028296 33515182     cutoff   87         1.04589    4.11139   293%  97.3 27641s
 61037575 33519382    1.30266   84  287    1.04589    4.11131   293%  97.3 27646s
 61047918 33524285    3.89794   81  236    1.04589    4.11117   293%  97.3 27650s
 61057534 33530082    1.87103   74  241    1.04589    4.11110   293%  97.3 27656s
 61068197 33534943    1.29559   96  229    1.04589    4.11095   293%  97.3 27661s
 61077984 33541177     cutoff  111         1.04589    4.11087   293%  97.3 27666s
 61086896 33546525    3.69558   73  275    1.04589    4.11073   293%  97.3 27671s
 61096886 33550129    1.29992   95  240    1.04589    4.11066   293%  97.3 27675s
 61099996 33551536    1.69722   77  244    1.04589    4.11063   293%  97.3 27681s
 61102958 33554890    2.85613   81  250    1.04589    4.11060   293%  97.3 27686s
 61110872 33559238 infeasible   90         1.04589    4.11050   293%  97.3 27690s
 61121287 33563631    1.05762  105  217    1.04589    4.11039   293%  97.3 27695s
 61130308 33569013    3.24361   72  264    1.04589    4.11034   293%  97.3 27700s
 61142414 33576609    1.40601   83  227    1.04589    4.11015   293%  97.3 27706s
 61152474 33581926     cutoff  102         1.04589    4.11004   293%  97.3 27711s
 61160726 33585131     cutoff  106         1.04589    4.10993   293%  97.3 27715s
 61170012 33590851     cutoff  104         1.04589    4.10983   293%  97.3 27720s
 61179981 33595171     cutoff   90         1.04589    4.10972   293%  97.3 27725s
 61189719 33600906    1.22071  104  236    1.04589    4.10965   293%  97.3 27730s
 61200287 33606564    1.05189  110  226    1.04589    4.10953   293%  97.3 27735s
 61210460 33613040    1.15757   93  235    1.04589    4.10946   293%  97.3 27740s
 61223036 33618854     cutoff  100         1.04589    4.10933   293%  97.3 27746s
 61232435 33623131 infeasible  105         1.04589    4.10920   293%  97.3 27751s
 61242286 33629034    1.08316  101  222    1.04589    4.10909   293%  97.3 27756s
 61252923 33634334    1.16732   96  270    1.04589    4.10901   293%  97.3 27761s
 61262663 33639773    1.51124   83  208    1.04589    4.10891   293%  97.3 27766s
 61272490 33646539    1.24678   83  225    1.04589    4.10881   293%  97.3 27771s
 61283473 33652307    1.25967  103  204    1.04589    4.10877   293%  97.3 27776s
 61293227 33656998    1.40199   90  267    1.04589    4.10863   293%  97.3 27781s
 61302766 33661404    3.74850   76  258    1.04589    4.10851   293%  97.3 27786s
 61311945 33667217 infeasible   66         1.04589    4.10840   293%  97.3 27790s
 61322080 33672344    1.79802   82  247    1.04589    4.10835   293%  97.3 27795s
 61331583 33677512     cutoff  117         1.04589    4.10826   293%  97.3 27800s
 61344320 33683814     cutoff   97         1.04589    4.10811   293%  97.3 27806s
 61353559 33688688    1.34384   97  217    1.04589    4.10802   293%  97.3 27810s
 61363651 33694615    1.06135   97  173    1.04589    4.10793   293%  97.3 27815s
 61374055 33699871    1.62917   74  225    1.04589    4.10782   293%  97.3 27820s
 61383633 33705513    1.33181   99  214    1.04589    4.10774   293%  97.3 27825s
 61393705 33710581    1.14031   92  275    1.04589    4.10764   293%  97.3 27830s
 61403068 33716073    3.28903   78  293    1.04589    4.10753   293%  97.3 27835s
 61415566 33722003    3.69963   82  279    1.04589    4.10744   293%  97.3 27841s
 61424654 33726960    1.47692   73  204    1.04589    4.10737   293%  97.3 27846s
 61434630 33732779     cutoff  107         1.04589    4.10726   293%  97.3 27851s
 61444007 33737947    1.47514   86  215    1.04589    4.10716   293%  97.3 27856s
 61453878 33742765     cutoff   90         1.04589    4.10703   293%  97.3 27861s
 61464003 33748326    1.44176   90  240    1.04589    4.10688   293%  97.3 27866s
 61475127 33753766     cutoff   92         1.04589    4.10680   293%  97.3 27871s
 61484911 33758220 infeasible   99         1.04589    4.10666   293%  97.3 27875s
 61494450 33763826    1.47007   80  228    1.04589    4.10657   293%  97.3 27880s
 61504279 33769340    1.18688  106  217    1.04589    4.10650   293%  97.3 27885s
 61513863 33774638    2.39023   89  271    1.04589    4.10640   293%  97.3 27891s
 61523746 33779961     cutoff  108         1.04589    4.10626   293%  97.3 27896s
 61533154 33784756    1.15361  116  221    1.04589    4.10613   293%  97.3 27901s
 61543255 33790936    1.42201   98  232    1.04589    4.10602   293%  97.3 27906s
 61552917 33795289 infeasible   88         1.04589    4.10594   293%  97.3 27911s
 61562752 33800689    1.05317  104  250    1.04589    4.10586   293%  97.3 27916s
 61572063 33805810    1.12172   76  265    1.04589    4.10573   293%  97.3 27921s
 61581451 33810469    2.63810   89  239    1.04589    4.10561   293%  97.3 27925s
 61590739 33816397    1.45630   81  272    1.04589    4.10554   293%  97.3 27930s
 61600219 33822039    1.16449   81  245    1.04589    4.10546   293%  97.3 27935s
 61609251 33828066    2.15602   76  288    1.04589    4.10539   293%  97.3 27940s
 61623868 33835381    2.01737   83  298    1.04589    4.10520   293%  97.3 27946s
 61634030 33840193    1.07344  102  181    1.04589    4.10512   293%  97.3 27950s
 61644629 33845501     cutoff   82         1.04589    4.10497   292%  97.3 27955s
 61653835 33847984     cutoff  103         1.04589    4.10485   292%  97.3 27960s
 61654473 33849626     cutoff  103         1.04589    4.10485   292%  97.3 27965s
 61664802 33855989    1.11344   97  219    1.04589    4.10475   292%  97.3 27971s
 61675648 33861312    1.64192   96  254    1.04589    4.10463   292%  97.3 27975s
 61685174 33866354    2.78027   87  283    1.04589    4.10453   292%  97.3 27980s
 61694841 33872702    2.58980   95  247    1.04589    4.10441   292%  97.3 27985s
 61705581 33877476    1.10791  101  196    1.04589    4.10431   292%  97.3 27990s
 61715310 33882497    1.58146   81  255    1.04589    4.10420   292%  97.3 27995s
 61725092 33887130    2.40625   79  278    1.04589    4.10407   292%  97.3 28000s
 61734289 33892321    1.50307   92  211    1.04589    4.10396   292%  97.3 28005s
 61746808 33899386    1.30308   87  258    1.04589    4.10387   292%  97.3 28011s
 61756779 33905377    1.45995   79  295    1.04589    4.10377   292%  97.3 28015s
 61767501 33910298     cutoff   88         1.04589    4.10370   292%  97.3 28020s
 61777712 33915834    1.31988   84  219    1.04589    4.10359   292%  97.3 28025s
 61787727 33921599     cutoff  110         1.04589    4.10350   292%  97.3 28030s
 61799913 33929123    1.80489   88  220    1.04589    4.10338   292%  97.3 28036s
 61809834 33934269    1.22942   92  279    1.04589    4.10328   292%  97.3 28040s
 61819119 33939946    3.48888   83  256    1.04589    4.10318   292%  97.3 28045s
 61828912 33943985     cutoff   99         1.04589    4.10312   292%  97.3 28050s
 61838687 33949712    1.13340  104  244    1.04589    4.10298   292%  97.3 28055s
 61847923 33954996    1.86384   73  227    1.04589    4.10290   292%  97.3 28060s
 61859032 33960896    3.23918   70  272    1.04589    4.10275   292%  97.3 28065s
 61868283 33966337 infeasible   74         1.04589    4.10267   292%  97.3 28070s
 61878166 33970838     cutoff  104         1.04589    4.10259   292%  97.3 28075s
 61888922 33975677     cutoff   93         1.04589    4.10245   292%  97.3 28080s
 61899191 33982542    1.12726   97  217    1.04589    4.10238   292%  97.3 28085s
 61908979 33986740 infeasible  102         1.04589    4.10230   292%  97.3 28090s
 61919089 33991601     cutoff  104         1.04589    4.10216   292%  97.3 28095s
 61928729 33997060     cutoff   91         1.04589    4.10205   292%  97.3 28100s
 61938452 34001147    1.62947   80  270    1.04589    4.10197   292%  97.3 28105s
 61947943 34006038 infeasible   93         1.04589    4.10187   292%  97.3 28110s
 61957641 34012120    1.57941   69  223    1.04589    4.10179   292%  97.3 28115s
 61969920 34019264    1.19118  104  216    1.04589    4.10168   292%  97.3 28121s
 61980891 34026143    1.10643  101  216    1.04589    4.10164   292%  97.3 28126s
 61990329 34030680    1.23907   97  211    1.04589    4.10152   292%  97.3 28131s
 62000167 34037315    1.11057   87  195    1.04589    4.10145   292%  97.3 28135s
 62009661 34041095    3.28415   87  268    1.04589    4.10129   292%  97.3 28140s
 62018881 34046331 infeasible   86         1.04589    4.10118   292%  97.3 28145s
 62028243 34050932 infeasible   82         1.04589    4.10115   292%  97.3 28150s
 62037586 34057176    1.36229   82  234    1.04589    4.10104   292%  97.3 28155s
 62049706 34063109    1.10426   85  283    1.04589    4.10100   292%  97.3 28160s
 62058366 34068698    1.78775   93  220    1.04589    4.10087   292%  97.3 28165s
 62069574 34074453 infeasible  103         1.04589    4.10078   292%  97.3 28170s
 62079208 34080111    3.06025   76  293    1.04589    4.10064   292%  97.3 28175s
 62088657 34084363    1.88682   80  193    1.04589    4.10057   292%  97.3 28180s
 62097955 34090282    3.30206   85  273    1.04589    4.10048   292%  97.3 28185s
 62105841 34095177    1.23432   93  228    1.04589    4.10044   292%  97.3 28190s
 62116944 34100215    1.12062   93  225    1.04589    4.10037   292%  97.3 28196s
 62122535 34105928    3.34162   73  305    1.04589    4.10029   292%  97.3 28202s
 62130539 34109685    2.78245   65  255    1.04589    4.10021   292%  97.3 28205s
 62141241 34114155    2.05781   78  291    1.04589    4.10012   292%  97.3 28210s
 62150956 34118519    1.32986   85  247    1.04589    4.10002   292%  97.3 28215s
 62162714 34125822    1.30433   86  205    1.04589    4.09996   292%  97.3 28220s
 62175016 34133677    1.11082  108  146    1.04589    4.09980   292%  97.3 28226s
 62184462 34137598    2.09141   79  230    1.04589    4.09971   292%  97.3 28231s
 62192996 34142784    3.98955   89  272    1.04589    4.09961   292%  97.3 28236s
 62203311 34146759     cutoff   89         1.04589    4.09953   292%  97.3 28240s
 62209692 34151266     cutoff   72         1.04589    4.09940   292%  97.3 28245s
 62223080 34158141    3.97561   81  237    1.04589    4.09928   292%  97.3 28251s
 62225582 34158257    1.54569   84  192    1.04589    4.09924   292%  97.3 28256s
 62230154 34162813    1.27371   96  153    1.04589    4.09918   292%  97.3 28261s
 62241875 34168013     cutoff  113         1.04589    4.09910   292%  97.3 28266s
 62252876 34173124    1.05036  106  218    1.04589    4.09898   292%  97.3 28271s
 62262416 34178727    2.36929   94  232    1.04589    4.09890   292%  97.4 28276s
 62272334 34184271     cutoff   89         1.04589    4.09881   292%  97.4 28280s
 62281775 34190598    1.19005   94  222    1.04589    4.09872   292%  97.4 28285s
 62292771 34194934    1.17153   87  257    1.04589    4.09863   292%  97.4 28290s
 62302537 34199876    3.41427   78  273    1.04589    4.09853   292%  97.4 28295s
 62312250 34205890    2.08829   74  186    1.04589    4.09844   292%  97.4 28300s
H62319001 34198768                       1.0462643    4.09837   292%  97.4 28304s
 62319681 34200130    1.34440   91  230    1.04626    4.09833   292%  97.4 28305s
H62319927 34199519                       1.0462890    4.09833   292%  97.4 28307s
 62325447 34202317    1.21904   98  258    1.04629    4.09828   292%  97.4 28310s
 62335394 34207289     cutoff  113         1.04629    4.09816   292%  97.4 28315s
H62335396 34207073                       1.0462980    4.09816   292%  97.4 28317s
 62341095 34210936    1.13443   96  225    1.04630    4.09810   292%  97.4 28320s
H62344160 34212087                       1.0463106    4.09810   292%  97.4 28324s
 62347426 34213251    1.35459   93  204    1.04631    4.09808   292%  97.4 28325s
H62348503 34211113                       1.0463966    4.09806   292%  97.4 28328s
H62350358 34212530                       1.0464053    4.09802   292%  97.4 28331s
H62352296 34212009                       1.0464250    4.09800   292%  97.4 28333s
 62353656 34214103    1.21136   84  242    1.04643    4.09798   292%  97.4 28335s
 62366959 34220612     cutoff  114         1.04643    4.09791   292%  97.4 28341s
H62367816 34220189                       1.0464420    4.09790   292%  97.4 28343s
 62369331 34221775     cutoff   96         1.04644    4.09787   292%  97.4 28345s
H62374601 34222387                       1.0464686    4.09783   292%  97.4 28349s
 62375005 34224316    1.12236  104  241    1.04647    4.09779   292%  97.4 28350s
H62376538 34223550                       1.0464998    4.09779   292%  97.4 28353s
 62381667 34226209    1.78775   70  273    1.04650    4.09775   292%  97.4 28356s
H62390182 34227534                       1.0465781    4.09766   292%  97.4 28361s
 62398460 34232891    2.83190   74  273    1.04658    4.09761   292%  97.4 28365s
 62406797 34238456    1.18158  109  184    1.04658    4.09752   292%  97.4 28370s
 62420096 34244826    1.09214  101  231    1.04658    4.09736   292%  97.4 28376s
 62430158 34249902    1.65362   93  253    1.04658    4.09725   291%  97.4 28380s
 62440077 34255290     cutoff  107         1.04658    4.09716   291%  97.4 28385s
H62446873 34257006                       1.0466760    4.09708   291%  97.4 28390s
H62449617 34258828                       1.0466833    4.09707   291%  97.4 28394s
H62450636 34243963                       1.0472796    4.09707   291%  97.4 28396s
H62452998 34244943                       1.0472803    4.09704   291%  97.4 28400s
H62453152 34244523                       1.0472969    4.09704   291%  97.4 28402s
H62453656 34242928                       1.0473594    4.09704   291%  97.4 28404s
 62455086 34244943    1.44937   80  249    1.04736    4.09703   291%  97.4 28405s
H62460233 34245593                       1.0474042    4.09698   291%  97.4 28409s
 62462248 34246564     cutoff   75         1.04740    4.09694   291%  97.4 28410s
 62471714 34251412     cutoff   83         1.04740    4.09682   291%  97.4 28415s
 62480041 34256325    1.25293   97  154    1.04740    4.09672   291%  97.4 28420s
 62494569 34264288    1.20770  101  259    1.04740    4.09657   291%  97.4 28426s
H62499646 34265637                       1.0474107    4.09650   291%  97.4 28429s
 62501889 34266813    2.80074   88  190    1.04741    4.09647   291%  97.4 28431s
 62511312 34272591    2.93169   72  269    1.04741    4.09639   291%  97.4 28435s
 62523142 34279628    1.50265  100  191    1.04741    4.09627   291%  97.4 28441s
 62533415 34285111    1.09221  104  266    1.04741    4.09618   291%  97.4 28445s
 62543479 34290791    2.36941   74  200    1.04741    4.09607   291%  97.4 28450s
 62554022 34295541    1.08770   88  208    1.04741    4.09595   291%  97.4 28455s
 62566790 34302155 infeasible   68         1.04741    4.09581   291%  97.4 28461s
 62576475 34307272    1.19494  115  195    1.04741    4.09571   291%  97.4 28465s
 62585671 34311728    1.65632   89  264    1.04741    4.09560   291%  97.4 28470s
 62598562 34318508    2.07213   79  243    1.04741    4.09543   291%  97.4 28475s
 62608261 34325063 infeasible   96         1.04741    4.09536   291%  97.4 28480s
 62620965 34330895     cutoff  106         1.04741    4.09523   291%  97.4 28486s
 62630775 34336708    3.76538   73  247    1.04741    4.09515   291%  97.4 28490s
 62639659 34342946 infeasible   86         1.04741    4.09504   291%  97.4 28495s
 62654837 34350690    1.33366   99  199    1.04741    4.09494   291%  97.4 28501s
 62663935 34356386    1.13233  110  218    1.04741    4.09487   291%  97.4 28506s
H62672412 34359692                       1.0474181    4.09480   291%  97.4 28511s
 62680562 34364227    1.13985  100  216    1.04742    4.09467   291%  97.4 28516s
 62691133 34369507    3.12123   78  270    1.04742    4.09461   291%  97.4 28520s
 62700431 34375379    1.25377   90  211    1.04742    4.09451   291%  97.4 28525s
 62711492 34381029    1.15196   92  247    1.04742    4.09445   291%  97.4 28530s
 62725327 34388734     cutoff  101         1.04742    4.09428   291%  97.4 28536s
H62729111 34390337                       1.0474232    4.09427   291%  97.4 28539s
 62731286 34392683    1.07416   86  190    1.04742    4.09425   291%  97.4 28541s
 62742646 34398088    1.60785   74  246    1.04742    4.09414   291%  97.4 28546s
 62753372 34403073    3.18703   70  273    1.04742    4.09406   291%  97.4 28550s
 62761777 34410449    2.02342   80  235    1.04742    4.09398   291%  97.4 28555s
 62772947 34415227    1.19251   99  244    1.04742    4.09394   291%  97.4 28560s
 62782283 34420538    1.06683  115  189    1.04742    4.09386   291%  97.4 28565s
 62792058 34426425    3.88719   78  298    1.04742    4.09373   291%  97.4 28570s
 62802556 34431354    1.64297   81  258    1.04742    4.09364   291%  97.4 28575s
 62817150 34438691 infeasible   91         1.04742    4.09348   291%  97.4 28581s
 62819958 34454857    3.58296   74  272    1.04742    4.09344   291%  97.4 28596s
 62858906 34460505    1.16405   97  208    1.04742    4.09302   291%  97.4 28601s
 62868517 34466300    1.08808   90  247    1.04742    4.09293   291%  97.4 28605s
 62881649 34473439     cutoff   98         1.04742    4.09281   291%  97.4 28611s
 62891846 34478414    1.39890   79  261    1.04742    4.09271   291%  97.4 28615s
 62904827 34484641    1.09105  111  201    1.04742    4.09254   291%  97.4 28621s
 62914825 34489398    1.81870   78  310    1.04742    4.09243   291%  97.4 28625s
 62927880 34497521    1.99439   74  255    1.04742    4.09236   291%  97.4 28631s
 62937627 34504220    1.15901   98  201    1.04742    4.09226   291%  97.4 28635s
 62947963 34508420    2.80471   85  220    1.04742    4.09221   291%  97.4 28640s
 62956913 34513904    2.38522   70  286    1.04742    4.09207   291%  97.4 28645s
 62969877 34521535     cutoff   82         1.04742    4.09200   291%  97.4 28651s
 62979338 34526317    1.36064  104  271    1.04742    4.09189   291%  97.4 28655s
 62988087 34532007    2.43106   79  246    1.04742    4.09180   291%  97.4 28660s
 62998200 34537282    1.68208   76  238    1.04742    4.09172   291%  97.4 28665s
 63011600 34543144    1.23964  104  182    1.04742    4.09155   291%  97.4 28671s
 63021186 34548910    1.89470   72  295    1.04742    4.09143   291%  97.4 28675s
 63033833 34554329 infeasible   73         1.04742    4.09130   291%  97.4 28681s
 63040924 34559377 infeasible   74         1.04742    4.09122   291%  97.4 28685s
 63053539 34567006    1.36469  106  188    1.04742    4.09117   291%  97.4 28691s
 63063874 34572166     cutoff   90         1.04742    4.09111   291%  97.4 28696s
 63074428 34577627    1.51477   96  196    1.04742    4.09096   291%  97.4 28700s
 63084638 34582829     cutoff   92         1.04742    4.09086   291%  97.4 28705s
 63096832 34590445 infeasible  104         1.04742    4.09071   291%  97.4 28711s
 63107752 34596117     cutoff  100         1.04742    4.09063   291%  97.4 28716s
 63117606 34602130    1.55744   85  264    1.04742    4.09056   291%  97.4 28720s
 63126973 34604937    1.47836   78  226    1.04742    4.09044   291%  97.4 28725s
 63135240 34611763    1.05425  108  211    1.04742    4.09036   291%  97.4 28731s
 63145854 34617236    3.83091   66  266    1.04742    4.09026   291%  97.4 28736s
 63155942 34622293    1.09185   98  244    1.04742    4.09015   290%  97.4 28740s
 63164873 34627622    2.22703   68  253    1.04742    4.09011   290%  97.4 28745s
 63177957 34633591    3.27345   81  238    1.04742    4.08995   290%  97.4 28751s
 63187637 34638933    1.07870   99  236    1.04742    4.08991   290%  97.4 28755s
 63200072 34645333    1.35843   80  270    1.04742    4.08977   290%  97.4 28761s
 63209537 34650060    1.15938   80  265    1.04742    4.08964   290%  97.4 28765s
 63220198 34656274     cutoff  112         1.04742    4.08953   290%  97.4 28770s
 63230928 34661691    2.14023   79  271    1.04742    4.08944   290%  97.4 28775s
 63243411 34667691    2.22916  105  289    1.04742    4.08927   290%  97.4 28781s
 63254420 34673256    1.16616   97  239    1.04742    4.08920   290%  97.4 28785s
 63263226 34679222    1.41436   83  213    1.04742    4.08912   290%  97.4 28790s
 63276226 34686143    1.10016  114  220    1.04742    4.08904   290%  97.4 28796s
 63285382 34691465    2.52290   68  273    1.04742    4.08894   290%  97.4 28800s
 63298160 34698036    1.21836   92  195    1.04742    4.08886   290%  97.4 28806s
 63307944 34702770    1.17257  104  231    1.04742    4.08874   290%  97.4 28810s
 63317521 34708610    1.57302   87  255    1.04742    4.08861   290%  97.4 28815s
 63329609 34714384    1.22214   90  224    1.04742    4.08852   290%  97.4 28820s
 63339179 34719679    1.86565   73  205    1.04742    4.08838   290%  97.4 28825s
 63349972 34725092    1.53657   82  233    1.04742    4.08826   290%  97.4 28830s
 63363928 34732836    1.08681   92  198    1.04742    4.08811   290%  97.4 28836s
 63374290 34737924     cutoff   90         1.04742    4.08801   290%  97.4 28841s
 63384393 34741211 infeasible  106         1.04742    4.08788   290%  97.4 28846s
 63384642 34742097    1.36647   88  278    1.04742    4.08788   290%  97.4 28851s
 63389249 34745254    1.66802   80  265    1.04742    4.08785   290%  97.4 28855s
 63402978 34751751    1.68628   91  252    1.04742    4.08766   290%  97.4 28861s
 63412287 34757079    1.18440   78  243    1.04742    4.08759   290%  97.4 28865s
 63421695 34762386    1.09685  101  224    1.04742    4.08748   290%  97.4 28870s
 63431522 34766722     cutoff   91         1.04742    4.08737   290%  97.4 28875s
 63444966 34774567     cutoff   82         1.04742    4.08723   290%  97.4 28881s
 63454495 34779401     cutoff   93         1.04742    4.08713   290%  97.4 28886s
 63464481 34784997    1.82735   66  175    1.04742    4.08702   290%  97.4 28890s
 63473214 34789900     cutoff  100         1.04742    4.08691   290%  97.5 28895s
 63483089 34795821    1.05543  100  231    1.04742    4.08683   290%  97.5 28900s
 63495792 34801694     cutoff  100         1.04742    4.08671   290%  97.5 28906s
 63505144 34806650    1.33098   80  238    1.04742    4.08663   290%  97.5 28911s
 63514646 34811098 infeasible   63         1.04742    4.08655   290%  97.5 28915s
 63524690 34816704    2.64407   67  248    1.04742    4.08640   290%  97.5 28920s
 63534252 34821354 infeasible   88         1.04742    4.08628   290%  97.5 28925s
 63544300 34825853     cutoff   79         1.04742    4.08620   290%  97.5 28930s
 63556782 34833942    1.23653  101  242    1.04742    4.08607   290%  97.5 28936s
 63568002 34838173     cutoff  113         1.04742    4.08599   290%  97.5 28941s
 63577665 34842112     cutoff  103         1.04742    4.08588   290%  97.5 28945s
 63586345 34847558    1.05591   96  205    1.04742    4.08582   290%  97.5 28950s
 63597238 34852421     cutoff   97         1.04742    4.08569   290%  97.5 28955s
 63607360 34857536     cutoff   85         1.04742    4.08558   290%  97.5 28960s
 63616951 34862375    1.07925   95  197    1.04742    4.08549   290%  97.5 28965s
 63629434 34868125 infeasible   79         1.04742    4.08535   290%  97.5 28971s
 63639241 34873158    1.07288   99  162    1.04742    4.08523   290%  97.5 28975s
 63648999 34877494    1.22522  104  264    1.04742    4.08510   290%  97.5 28980s
 63658913 34883425     cutoff   89         1.04742    4.08501   290%  97.5 28985s
 63667413 34888171    1.07802  105  176    1.04742    4.08495   290%  97.5 28990s
 63676487 34892497    1.35426   94  216    1.04742    4.08485   290%  97.5 28995s
 63689567 34899670    1.47096   78  220    1.04742    4.08474   290%  97.5 29001s
 63699279 34904284 infeasible   97         1.04742    4.08463   290%  97.5 29005s
 63708394 34909539    1.36058   85  200    1.04742    4.08456   290%  97.5 29010s
 63719364 34914888     cutoff  102         1.04742    4.08445   290%  97.5 29015s
 63728850 34920353    1.06320  113  199    1.04742    4.08436   290%  97.5 29020s
 63738335 34924469     cutoff   96         1.04742    4.08425   290%  97.5 29025s
 63751232 34930139    1.20300   83  216    1.04742    4.08413   290%  97.5 29031s
H63756980 34931802                       1.0474869    4.08405   290%  97.5 29036s
 63766314 34936734    1.06855  114  164    1.04749    4.08400   290%  97.5 29041s
 63777329 34942969    2.49208   63  254    1.04749    4.08389   290%  97.5 29046s
 63786149 34948038    1.34904   92  239    1.04749    4.08386   290%  97.5 29050s
 63796675 34953147    4.02764   81  240    1.04749    4.08371   290%  97.5 29055s
 63808216 34958407     cutoff   81         1.04749    4.08357   290%  97.5 29061s
 63816731 34962428     cutoff   99         1.04749    4.08348   290%  97.5 29066s
H63820935 34963259                       1.0475185    4.08345   290%  97.5 29070s
 63831007 34967295    1.44777   82  252    1.04752    4.08333   290%  97.5 29076s
 63841542 34972842    1.43959   76  235    1.04752    4.08319   290%  97.5 29080s
 63851059 34976881    2.60287   68  253    1.04752    4.08309   290%  97.5 29085s
 63863969 34983149    2.34415   80  227    1.04752    4.08290   290%  97.5 29091s
 63873571 34988056    1.07535  101  184    1.04752    4.08280   290%  97.5 29095s
 63882778 34994084    1.14094   99  185    1.04752    4.08273   290%  97.5 29100s
 63892378 34999859    2.27866   79  261    1.04752    4.08262   290%  97.5 29105s
 63902737 35004783    4.02654   77  226    1.04752    4.08250   290%  97.5 29110s
 63912819 35009513     cutoff   96         1.04752    4.08239   290%  97.5 29115s
 63925876 35015175    2.13843   66  263    1.04752    4.08225   290%  97.5 29121s
H63928869 35015037                       1.0475235    4.08224   290%  97.5 29123s
 63932475 35017337     cutoff  101         1.04752    4.08217   290%  97.5 29126s
 63940595 35022227 infeasible   89         1.04752    4.08212   290%  97.5 29131s
 63946754 35026021    1.42124   90  228    1.04752    4.08206   290%  97.5 29135s
 63960622 35032694     cutoff   86         1.04752    4.08190   290%  97.5 29141s
H63968605 35035900                       1.0475267    4.08181   290%  97.5 29146s
 63970323 35036205     cutoff   63         1.04753    4.08176   290%  97.5 29151s
 63972629 35039502    1.08588  103  192    1.04753    4.08176   290%  97.5 29155s
 63985842 35046441    1.81460   89  266    1.04753    4.08166   290%  97.5 29161s
 63995360 35050195    1.48590   98  277    1.04753    4.08155   290%  97.5 29165s
 64004817 35055289    1.86394   86  268    1.04753    4.08142   290%  97.5 29170s
 64014983 35061272    2.79288   73  284    1.04753    4.08141   290%  97.5 29175s
 64025226 35066563    2.62473   81  308    1.04753    4.08128   290%  97.5 29180s
 64035508 35072019     cutoff   97         1.04753    4.08121   290%  97.5 29185s
 64047797 35078185 infeasible   89         1.04753    4.08107   290%  97.5 29191s
 64057288 35083086    3.43855   74  313    1.04753    4.08094   290%  97.5 29195s
 64067104 35088665    2.52275   79  279    1.04753    4.08085   290%  97.5 29200s
 64076107 35093487    2.24978   78  277    1.04753    4.08078   290%  97.5 29205s
 64089114 35099859     cutoff   68         1.04753    4.08063   290%  97.5 29211s
 64098930 35104961     cutoff  104         1.04753    4.08053   290%  97.5 29216s
 64108374 35110186     cutoff   89         1.04753    4.08041   290%  97.5 29220s
 64118438 35115054    1.38170   87  270    1.04753    4.08030   290%  97.5 29225s
 64128187 35120020    1.30695   85  189    1.04753    4.08022   290%  97.5 29230s
 64135649 35124302    3.58769   85  220    1.04753    4.08014   290%  97.5 29236s
 64145386 35130157    2.76161   78  271    1.04753    4.08007   289%  97.5 29241s
 64151965 35132965    1.17187  102  239    1.04753    4.07997   289%  97.5 29245s
 64161910 35138044    1.57060   70  265    1.04753    4.07987   289%  97.5 29250s
 64172555 35143706     cutoff   93         1.04753    4.07977   289%  97.5 29255s
 64186747 35151598    1.29492   88  177    1.04753    4.07963   289%  97.5 29261s
 64194991 35157322    1.58039   95  196    1.04753    4.07956   289%  97.5 29265s
 64205298 35161552    1.05465   94  164    1.04753    4.07949   289%  97.5 29270s
 64215053 35166570     cutoff   98         1.04753    4.07940   289%  97.5 29275s
 64224997 35171770    1.27523   93  151    1.04753    4.07930   289%  97.5 29280s
 64236522 35178134    1.07471  101  252    1.04753    4.07920   289%  97.5 29286s
 64247506 35182754    1.65885   77  247    1.04753    4.07907   289%  97.5 29290s
 64255922 35189184    1.26794   81  234    1.04753    4.07903   289%  97.5 29295s
 64266801 35193876    1.22863   92  212    1.04753    4.07892   289%  97.5 29300s
 64276497 35198347    3.68703   83  275    1.04753    4.07882   289%  97.5 29305s
 64286776 35202691    1.13645  119  168    1.04753    4.07872   289%  97.5 29310s
H64295973 35206664                       1.0475347    4.07864   289%  97.5 29316s
H64297945 35206327                       1.0475482    4.07863   289%  97.5 29318s
 64298339 35208010    2.89857   74  290    1.04755    4.07861   289%  97.5 29320s
 64308303 35213013    2.74320   76  258    1.04755    4.07849   289%  97.5 29325s
 64319149 35218185    1.16265  100  198    1.04755    4.07834   289%  97.5 29330s
 64329530 35222813    1.64369   75  267    1.04755    4.07821   289%  97.5 29335s
 64339638 35228140    1.15803  103  266    1.04755    4.07811   289%  97.5 29340s
 64352161 35233495    1.30180   98  248    1.04755    4.07796   289%  97.5 29345s
 64361472 35238581    2.13813   90  220    1.04755    4.07785   289%  97.5 29350s
 64371018 35243311     cutoff   95         1.04755    4.07776   289%  97.5 29355s
 64382262 35249629    1.08169  103  200    1.04755    4.07764   289%  97.5 29360s
H64383246 35249500                       1.0475533    4.07763   289%  97.5 29362s
 64387738 35252476    2.15335   81  275    1.04755    4.07758   289%  97.5 29365s
 64397605 35257720    1.23140   95  213    1.04755    4.07747   289%  97.5 29370s
 64407402 35262551    1.46977   78  234    1.04755    4.07737   289%  97.5 29375s
 64420214 35269550    1.76201   75  271    1.04755    4.07723   289%  97.5 29381s
 64430263 35274875    1.18933  103  241    1.04755    4.07712   289%  97.5 29386s
 64439858 35281117    2.34276   85  224    1.04755    4.07706   289%  97.5 29391s
 64449721 35285712    3.95620   76  292    1.04755    4.07695   289%  97.5 29395s
 64459084 35290657     cutoff   83         1.04755    4.07686   289%  97.6 29400s
 64468839 35296250    1.49608   86  254    1.04755    4.07674   289%  97.6 29405s
 64478494 35301480    1.13297   93  279    1.04755    4.07669   289%  97.6 29410s
 64487910 35306885    1.32171   97  220    1.04755    4.07660   289%  97.6 29415s
 64497166 35312504    2.69751   67  265    1.04755    4.07652   289%  97.6 29420s
 64508393 35318098    3.95618   72  314    1.04755    4.07638   289%  97.6 29425s
 64518462 35323131     cutoff   84         1.04755    4.07630   289%  97.6 29430s
 64524373 35340503    1.43189   85  188    1.04755    4.07624   289%  97.6 29446s
 64560176 35344208    1.33912   85  208    1.04755    4.07590   289%  97.6 29450s
 64573241 35350784 infeasible   97         1.04755    4.07572   289%  97.6 29456s
 64582864 35356263    2.12615   76  231    1.04755    4.07560   289%  97.6 29460s
 64592402 35361455    3.64219   78  297    1.04755    4.07550   289%  97.6 29465s
 64602124 35366241    1.12546  104  208    1.04755    4.07540   289%  97.6 29470s
 64613895 35372728    1.13911   90  186    1.04755    4.07529   289%  97.6 29476s
 64623571 35377321    1.39201   90  245    1.04755    4.07515   289%  97.6 29481s
 64634645 35382718    1.29478   92  245    1.04755    4.07504   289%  97.6 29485s
 64643260 35388892    1.29798   84  246    1.04755    4.07499   289%  97.6 29490s
 64652801 35394420    1.57867   72  249    1.04755    4.07494   289%  97.6 29495s
 64663370 35400270    1.65699   94  227    1.04755    4.07483   289%  97.6 29500s
 64674954 35405416     cutoff  110         1.04755    4.07474   289%  97.6 29505s
 64684285 35410485    3.42152   84  263    1.04755    4.07467   289%  97.6 29510s
 64693412 35416484    3.09620   69  218    1.04755    4.07455   289%  97.6 29515s
 64702443 35421187    2.49753   67  265    1.04755    4.07450   289%  97.6 29520s
 64715424 35427801    2.39040   80  221    1.04755    4.07438   289%  97.6 29526s
 64724550 35432183    1.22077   88  191    1.04755    4.07428   289%  97.6 29531s
 64734126 35437524    1.67501   93  308    1.04755    4.07423   289%  97.6 29535s
 64743795 35442534     cutoff  104         1.04755    4.07416   289%  97.6 29540s
 64753617 35448203    1.08915  100  212    1.04755    4.07403   289%  97.6 29545s
 64767046 35454406     cutoff  106         1.04755    4.07388   289%  97.6 29551s
 64776291 35458731    1.25428   92  285    1.04755    4.07380   289%  97.6 29555s
 64784584 35463515    1.06491  102  190    1.04755    4.07367   289%  97.6 29560s
 64794517 35468815    4.02803   77  280    1.04755    4.07357   289%  97.6 29565s
 64804163 35474667     cutoff   95         1.04755    4.07350   289%  97.6 29570s
 64815266 35479907    1.87362   85  250    1.04755    4.07336   289%  97.6 29575s
 64824545 35485211    1.39859   75  236    1.04755    4.07322   289%  97.6 29580s
 64835473 35489998    3.26623   88  229    1.04755    4.07315   289%  97.6 29585s
 64845639 35495058    1.09618   99  254    1.04755    4.07302   289%  97.6 29590s
 64855388 35499575 infeasible  111         1.04755    4.07292   289%  97.6 29595s
 64867086 35507354    1.15674  108  205    1.04755    4.07283   289%  97.6 29601s
 64873594 35510999 infeasible   74         1.04755    4.07276   289%  97.6 29605s
 64883655 35515999    3.41126   67  263    1.04755    4.07266   289%  97.6 29610s
 64896004 35522548    1.25664  102  231    1.04755    4.07252   289%  97.6 29616s
 64903827 35526259    1.38395   83  252    1.04755    4.07242   289%  97.6 29620s
 64916071 35533448    3.19935   82  274    1.04755    4.07228   289%  97.6 29626s
 64925976 35540193    1.45593   87  271    1.04755    4.07220   289%  97.6 29631s
 64937925 35545376    1.05258   87  142    1.04755    4.07215   289%  97.6 29636s
 64947869 35550039    1.07054  113  281    1.04755    4.07205   289%  97.6 29640s
 64957386 35555523    1.33366   92  209    1.04755    4.07194   289%  97.6 29645s
 64967408 35559879     cutoff   95         1.04755    4.07183   289%  97.6 29650s
 64977360 35564515    1.27709   87  260    1.04755    4.07175   289%  97.6 29655s
 64987158 35569871    2.94704   69  235    1.04755    4.07161   289%  97.6 29660s
 64996462 35575172     cutoff   76         1.04755    4.07152   289%  97.6 29665s
 65006022 35580812    1.07979  103  164    1.04755    4.07140   289%  97.6 29670s
 65015083 35586665    1.25676   94  201    1.04755    4.07130   289%  97.6 29676s
 65026498 35591131    1.66628   94  245    1.04755    4.07119   289%  97.6 29681s
 65036394 35597060    1.24300   99  276    1.04755    4.07108   289%  97.6 29685s
 65046342 35602179    2.21154   97  239    1.04755    4.07098   289%  97.6 29691s
 65057104 35607943 infeasible   93         1.04755    4.07090   289%  97.6 29696s
 65066913 35613761    1.28005  100  226    1.04755    4.07081   289%  97.6 29701s
 65076198 35620154    1.24277  101  186    1.04755    4.07071   289%  97.6 29706s
 65084438 35623575     cutoff   81         1.04755    4.07064   289%  97.6 29710s
H65085587 35622971                       1.0475761    4.07064   289%  97.6 29712s
 65087329 35623013    1.30715   87  222    1.04758    4.07063   289%  97.6 29715s
H65088739 35623796                       1.0475979    4.07062   289%  97.6 29721s
 65092945 35628085    1.10100  113  235    1.04760    4.07059   289%  97.6 29725s
 65105390 35633941    1.45754   84  252    1.04760    4.07044   289%  97.6 29730s
 65116600 35639941    1.35050   96  166    1.04760    4.07036   289%  97.6 29735s
 65126035 35644575 infeasible   93         1.04760    4.07026   289%  97.6 29740s
 65134709 35649444    1.12722  102  189    1.04760    4.07015   289%  97.6 29745s
 65147768 35654103    1.68942   88  253    1.04760    4.07006   289%  97.6 29750s
 65151081 35657819    1.54478   86  278    1.04760    4.07000   289%  97.6 29755s
 65161627 35663364    1.05642  113  185    1.04760    4.06991   288%  97.6 29760s
 65172365 35668519    1.69579   80  207    1.04760    4.06981   288%  97.6 29765s
 65185010 35676150    1.10049  105  239    1.04760    4.06965   288%  97.6 29771s
 65194797 35681582    1.36697   88  197    1.04760    4.06955   288%  97.6 29775s
 65203957 35687024    2.12569   88  287    1.04760    4.06947   288%  97.6 29780s
 65217286 35694047    1.14613  120  245    1.04760    4.06939   288%  97.6 29786s
 65226847 35698211    1.26217   92  263    1.04760    4.06927   288%  97.6 29790s
 65238941 35704639    1.64985   77  264    1.04760    4.06915   288%  97.6 29796s
 65248801 35709953    3.26467   68  254    1.04760    4.06904   288%  97.6 29801s
 65259855 35714688    1.85008   80  265    1.04760    4.06894   288%  97.6 29805s
 65271100 35721882    1.14022  106  203    1.04760    4.06883   288%  97.6 29811s
 65280959 35726813    1.29901   77  177    1.04760    4.06870   288%  97.6 29815s
 65290934 35732146    1.42485   78  235    1.04760    4.06859   288%  97.6 29820s
 65305226 35739403    1.87263   71  266    1.04760    4.06846   288%  97.6 29826s
 65315139 35743814     cutoff  107         1.04760    4.06837   288%  97.6 29830s
 65325800 35749607     cutoff  105         1.04760    4.06823   288%  97.6 29835s
 65339481 35755953     cutoff   90         1.04760    4.06811   288%  97.6 29841s
 65348925 35761419    1.04936   82  233    1.04760    4.06804   288%  97.6 29845s
 65358394 35765887    2.12131   74  251    1.04760    4.06793   288%  97.6 29850s
 65371296 35772867    2.63427   78  263    1.04760    4.06780   288%  97.6 29855s
 65380539 35778883    1.73137   68  225    1.04760    4.06771   288%  97.6 29860s
 65391862 35783274    1.45958   75  229    1.04760    4.06757   288%  97.6 29865s
 65404661 35790806    2.98682   86  282    1.04760    4.06741   288%  97.6 29871s
 65415327 35796515    1.26034   89  279    1.04760    4.06729   288%  97.6 29876s
 65425195 35801765    1.23627   86  272    1.04760    4.06722   288%  97.6 29880s
 65434935 35806730    2.69215   87  280    1.04760    4.06709   288%  97.6 29885s
 65448223 35814123    1.59078   81  286    1.04760    4.06696   288%  97.6 29891s
 65457654 35819548    2.06417   82  291    1.04760    4.06688   288%  97.6 29895s
 65467001 35824041    1.14990  100  212    1.04760    4.06678   288%  97.6 29900s
 65480077 35830050    1.88353   88  237    1.04760    4.06664   288%  97.6 29906s
 65489922 35833727    1.09830  108  185    1.04760    4.06659   288%  97.6 29911s
 65499585 35839287 infeasible   82         1.04760    4.06648   288%  97.6 29915s
 65509333 35845097    1.54044   84  275    1.04760    4.06641   288%  97.6 29920s
 65519844 35850314    2.55378   90  258    1.04760    4.06629   288%  97.6 29925s
 65533218 35856752 infeasible  113         1.04760    4.06614   288%  97.6 29931s
 65542425 35861664    1.22516   97  197    1.04760    4.06605   288%  97.6 29935s
 65551279 35866439    1.56502   70  202    1.04760    4.06599   288%  97.6 29940s
 65563141 35873167    1.66737   86  260    1.04760    4.06583   288%  97.6 29946s
 65573220 35878597    1.66481  105  189    1.04760    4.06571   288%  97.6 29951s
 65583724 35883847    1.12465   92  189    1.04760    4.06561   288%  97.7 29955s
 65592447 35890676    1.70421   82  243    1.04760    4.06553   288%  97.7 29960s
 65605597 35897519    1.29181   83  256    1.04760    4.06540   288%  97.7 29966s
 65616970 35903228    1.15875  101  233    1.04760    4.06532   288%  97.7 29970s
 65626176 35908373     cutoff   90         1.04760    4.06518   288%  97.7 29975s
 65638805 35916548    1.37191   90  243    1.04760    4.06510   288%  97.7 29981s
 65648050 35922253    1.14653  110  154    1.04760    4.06501   288%  97.7 29985s
H65658866 35925426                       1.0476164    4.06494   288%  97.7 29991s
H65663753 35928640                       1.0476209    4.06486   288%  97.7 29996s
 65668111 35932400    2.58186   74  285    1.04762    4.06481   288%  97.7 30000s
 65678613 35937307    1.14399   86  198    1.04762    4.06472   288%  97.7 30005s
 65689180 35942971 infeasible  114         1.04762    4.06461   288%  97.7 30010s
 65698776 35945851    1.09663  103  228    1.04762    4.06450   288%  97.7 30015s
 65700729 35948475    3.26188   76  267    1.04762    4.06448   288%  97.7 30021s
H65701663 35948302                       1.0476286    4.06448   288%  97.7 30023s
 65703867 35950400    1.19368   94  242    1.04763    4.06448   288%  97.7 30025s
 65715193 35955333    1.18142   91  213    1.04763    4.06432   288%  97.7 30030s
H65717079 35954618                       1.0476557    4.06432   288%  97.7 30032s
 65722520 35957494    1.21931   90  249    1.04766    4.06423   288%  97.7 30035s
 65732741 35963612    1.68312   87  259    1.04766    4.06414   288%  97.7 30040s
 65742667 35968837    3.04374   79  276    1.04766    4.06406   288%  97.7 30045s
 65754856 35976563    2.19650   67  253    1.04766    4.06394   288%  97.7 30051s
 65764854 35981580    1.59686   81  227    1.04766    4.06382   288%  97.7 30056s
 65774469 35987563    1.15676   97  200    1.04766    4.06373   288%  97.7 30061s
 65786845 35992077    2.64144   78  287    1.04766    4.06360   288%  97.7 30065s
 65796903 35997816    2.47306   70  266    1.04766    4.06351   288%  97.7 30070s
 65809568 36003141    1.66349   93  195    1.04766    4.06338   288%  97.7 30075s
 65819078 36007896     cutoff   97         1.04766    4.06325   288%  97.7 30080s
 65832115 36014522     cutoff   98         1.04766    4.06314   288%  97.7 30086s
 65843027 36019156     cutoff   97         1.04766    4.06300   288%  97.7 30091s
 65852800 36025946    2.92462   66  269    1.04766    4.06296   288%  97.7 30095s
 65862240 36030443     cutoff  111         1.04766    4.06290   288%  97.7 30100s
 65872693 36035381     cutoff  107         1.04766    4.06273   288%  97.7 30105s
 65885064 36042214    2.73904   74  258    1.04766    4.06257   288%  97.7 30111s
