   SLURM_CPUS_PER_TASK:  16
   OMP_NUM_THREADS:  16
   MV2_ENABLE_AFFINITY:  0
   SLURM_NTASKS:  1

Set parameter WLSAccessID
Set parameter WLSSecret
Set parameter LicenseID to value 2706996
Academic license 2706996 - for non-commercial use only - registered to jc___@vt.edu
Set parameter MIPGap to value 0.01
Set parameter TimeLimit to value 72000
Gurobi Optimizer version 12.0.3 build v12.0.3rc0 (linux64 - "Rocky Linux 9.7 (Blue Onyx)")

CPU model: AMD EPYC 9454 48-Core Processor, instruction set [SSE2|AVX|AVX2|AVX512]
Thread count: 96 physical cores, 96 logical processors, using up to 32 threads

Non-default parameters:
TimeLimit  72000
MIPGap  0.01

Academic license 2706996 - for non-commercial use only - registered to jc___@vt.edu
Optimize a model with 23 rows, 168 columns and 55 nonzeros
Model fingerprint: 0x3f47ade5
Model has 90 quadratic constraints
Model has 22 simple general constraints
  22 PWL
Model has 12 general nonlinear constraints (198 nonlinear terms)
Variable types: 168 continuous, 0 integer (0 binary)
Coefficient statistics:
  Matrix range     [1e+00, 5e+00]
  QMatrix range    [1e-05, 5e+02]
  QLMatrix range   [1e-05, 3e+02]
  Objective range  [1e+00, 1e+00]
  Bounds range     [1e-01, 5e-01]
  RHS range        [4e-02, 3e+00]
  QRHS range       [1e-05, 6e+01]
  PWLCon x range   [0e+00, 5e+00]
  PWLCon y range   [5e-07, 1e+00]
Presolve model has 12 nlconstr
Added 286 variables to disaggregate expressions.
Presolve added 44 rows and 416 columns
Presolve time: 0.05s
Presolved: 1284 rows, 949 columns, 3912 nonzeros
Presolved model has 22 SOS constraint(s)
Presolved model has 288 bilinear constraint(s)

Solving non-convex MIQCP

Variable types: 949 continuous, 0 integer (0 binary)
Found heuristic solution: objective 0.6295992

Root relaxation: unbounded, 0 iterations, 0.00 seconds (0.00 work units)

    Nodes    |    Current Node    |     Objective Bounds      |     Work
 Expl Unexpl |  Obj  Depth IntInf | Incumbent    BestBd   Gap | It/Node Time

     0     2  postponed    0         0.62960          -      -     -    0s
H   31    34                       0.6296061          -      -  34.0    0s
H   32    34                       0.6296073          -      -  33.3    0s
H 4359  2665                       0.6296093          -      -  10.2    1s
H 4413  2562                       0.6296102          -      -  10.5    1s
H 4850  2592                       0.6296539          -      -  11.3    2s
H 4955  2436                       0.6296578          -      -  11.6    2s
H 5480  2525                       0.6296578          -      -  12.6    2s
H 5482  2416                       0.6296880          -      -  12.6    2s
H 8206  2668                       0.6296917          -      -  21.5    4s
H 8389  2573                       0.6297024          -      -  22.4    4s
H 9006  2566                       0.6297577          -      -  23.6    4s
  9508  2819    0.73627  147   61    0.62976          -      -  23.9    5s
*12278  3581             248       0.7728380          -      -  26.1    6s
H12521  3746                       0.7728396          -      -  26.4    6s
 14891  4345 infeasible   49         0.77284          -      -  29.2   10s
*16023  4251             218       0.8674985          -      -  30.4   11s
H16512  4474                       0.8675077          -      -  30.8   12s
H20487  5707                       0.8675939          -      -  34.2   14s
 22205  6024 3.2000e+07   63  112    0.86759          -      -  36.3   15s
H25726  6480                       0.8676188          -      -  39.9   17s
 31426  9407 1000000.00  107  142    0.86762          -      -  43.6   20s
H42487 14143                       0.8677697          -      -  38.6   24s
 42628 14812 1000000.00   35   78    0.86777          -      -  38.5   25s
H42712 14812                       0.8677701          -      -  38.5   25s
H57723 22618                       0.8677701          -      -  36.3   28s
 60163 23515    6.68458   41   55    0.86777          -      -  35.9   30s
H61279 22689                       0.8678404 962813.166      -  36.7   32s
H62455 22130                       0.8707719   13.63757  1466%  36.9   33s
H63663 21295                       0.8707865   10.78438  1138%  37.4   33s
H63694 20277                       0.8708284   10.78438  1138%  37.4   33s
H63822 19276                       0.8717742   10.78438  1137%  37.4   33s
 65547 19968    0.95053  113  223    0.87177   10.31532  1083%  37.7   35s
H66513 19161                       0.8717764   10.20461  1071%  37.9   35s
H67693 18632                       0.8717944    9.93404  1039%  38.2   36s
H67725 17800                       0.8718845    9.93404  1039%  38.2   36s
H67919 17095                       0.8718918    9.93084  1039%  38.3   36s
 73179 18947 infeasible   65         0.87189    9.74562  1018%  41.1   40s
H76875 19090                       0.8719080    9.68178  1010%  42.9   44s
 78588 20100    7.05331   50  200    0.87191    9.36093   974%  43.6   45s
H80825 19610                       0.9067535    9.31643   927%  44.7   46s
H82139 19360                       0.9070144    9.27028   922%  45.5   47s
H82518 18598                       0.9070144    9.22887   917%  45.7   47s
H83288 18417                       0.9070216    9.11857   905%  46.0   48s
 86579 19636    2.69969   80  262    0.90702    9.08813   902%  46.6   50s
 97211 23934     cutoff   88         0.90702    8.70025   859%  49.8   55s
H104093 27791                       0.9070221    8.55367   843%  51.6   58s
H105548 28865                       0.9070229    8.54723   842%  52.2   59s
 108166 30940    2.39648   76  276    0.90702    8.51868   839%  53.2   60s
H108251 30940                       0.9077547    8.51868   838%  53.3   61s
H111382 32386                       0.9121299    8.45522   827%  54.1   61s
H114566 34953                       0.9121391    8.41067   822%  54.9   63s
H115856 34953                       0.9121503    8.41067   822%  55.2   63s
 118709 38070    1.51225   89  245    0.91215    8.33660   814%  55.8   65s
H120021 38070                       0.9121573    8.33423   814%  56.1   65s
H120819 38070                       0.9121616    8.32543   813%  56.3   65s
H125883 41216                       0.9122337    8.25715   805%  57.5   66s
H127978 42965                       0.9146059    8.22866   800%  58.0   68s
H129468 44585                       0.9146832    8.19889   796%  58.2   68s
H130927 44583                       0.9150723    8.19889   796%  58.5   68s
 131798 46181 infeasible   59         0.91507    8.17691   794%  58.8   70s
H134170 46181                       0.9150799    8.17691   794%  59.3   70s
H141317 51632                       0.9150873    8.05848   781%  61.1   73s
 146370 55376    2.42341   72  264    0.91509    8.02588   777%  62.1   75s
 159800 63190    5.43038   63  315    0.91509    7.87550   761%  64.3   80s
H167882 67301                       0.9152541    7.80415   753%  65.9   82s
H170032 69526                       0.9152611    7.80122   752%  66.1   83s
H173850 71267                       0.9152679    7.80122   752%  66.6   84s
 174765 73308    1.06952   90  208    0.91527    7.80122   752%  66.8   85s
H179688 74906                       0.9152855    7.72620   744%  67.4   86s
H179729 74904                       0.9153618    7.72620   744%  67.4   86s
 187968 81234 infeasible   79         0.91536    7.68508   740%  68.3   90s
 201115 89427    1.47583   92  203    0.91536    7.56603   727%  69.3   95s
 217236 98730    1.86511   76  253    0.91536    7.46848   716%  70.4  101s
 231280 107059    4.82332   66  286    0.91536    7.38647   707%  71.3  105s
 237722 110670     cutoff  104         0.91536    7.36841   705%  71.8  110s
 246004 115479    0.93450   85  204    0.91536    7.32902   701%  72.3  115s
 259562 123297    1.87432   74  304    0.91536    7.25872   693%  73.1  120s
 269252 128229     cutoff   86         0.91536    7.21986   689%  73.5  125s
 281368 135660    1.34082   79  270    0.91536    7.17122   683%  74.2  130s
 290747 140869    0.96563   74  118    0.91536    7.14948   681%  74.4  135s
 306700 150893    3.36843   71  255    0.91536    7.09293   675%  74.7  140s
H310294 152213                       0.9157576    7.08020   673%  74.9  142s
H313907 153663                       0.9158642    7.06963   672%  75.0  143s
 318355 157524    0.92387   81  233    0.91586    7.05775   671%  75.0  145s
 330235 164850    5.74326   66  276    0.91586    7.03313   668%  75.4  151s
 341088 171673 infeasible   83         0.91586    7.00545   665%  75.7  156s
 349419 177737    1.02386  135  165    0.91586    7.00064   664%  76.2  161s
 359823 184204    2.86702   78  230    0.91586    6.98455   663%  76.2  165s
 370273 189699    5.01575   70  280    0.91586    6.96420   660%  76.3  170s
 383061 197439    3.33816   71  234    0.91586    6.93345   657%  76.5  175s
 392628 202961 infeasible   78         0.91586    6.91010   654%  76.6  180s
 406171 211432    1.07160   94  226    0.91586    6.88321   652%  76.8  186s
 415107 217406    2.32812   78  247    0.91586    6.87442   651%  77.0  190s
H419908 219582                       0.9193449    6.86798   647%  76.9  191s
 424605 221512 infeasible   80         0.91934    6.85462   646%  77.0  195s
 434440 229786    1.70309   75  205    0.91934    6.84297   644%  77.2  201s
 441779 232925    2.07135   79  247    0.91934    6.82967   643%  77.3  206s
 449180 238200    3.90372   59  247    0.91934    6.81333   641%  77.4  210s
 463382 246847    2.51225   68  262    0.91934    6.78593   638%  77.7  215s
 474009 251931    1.94856   80  201    0.91934    6.77295   637%  77.8  220s
 487439 259630 infeasible   92         0.91934    6.74735   634%  77.8  225s
 499372 265997    5.92320   54  210    0.91934    6.72931   632%  77.9  231s
 508773 272065    0.98689   99  221    0.91934    6.71292   630%  78.0  235s
 519573 278251    2.27829   74  219    0.91934    6.69557   628%  78.1  240s
 531122 285170    1.40730   87  295    0.91934    6.68337   627%  78.2  246s
 541280 290812    2.54355   67  234    0.91934    6.66775   625%  78.4  251s
 550136 296327    1.08971   75  135    0.91934    6.65893   624%  78.5  255s
 562972 303646    1.51353   84  228    0.91934    6.63875   622%  78.7  261s
 572998 310005    2.27485   84  206    0.91934    6.62891   621%  78.9  266s
 583638 316703 infeasible  112         0.91934    6.61880   620%  79.0  270s
 595148 322814    1.64997   83  247    0.91934    6.60838   619%  79.1  275s
 608499 330237    0.92908   95  164    0.91934    6.59534   617%  79.1  281s
 616946 335950     cutoff   89         0.91934    6.58450   616%  79.0  285s
 629110 343258    1.48335   66  201    0.91934    6.57204   615%  79.0  291s
 639956 348939    2.10099   62  216    0.91934    6.56393   614%  79.1  296s
 649273 354486 infeasible   53         0.91934    6.55300   613%  79.1  300s
 661233 361627    5.74390   56  250    0.91934    6.54291   612%  79.2  306s
 671416 368808    0.99048   90  157    0.91934    6.53686   611%  79.2  311s
 681806 374912    3.35370   63  267    0.91934    6.52773   610%  79.3  316s
 692855 379920     cutoff   99         0.91934    6.51748   609%  79.3  320s
 703206 385517    5.51384   72  289    0.91934    6.50759   608%  79.4  325s
 715131 393830    1.13137   78  182    0.91934    6.49975   607%  79.4  331s
 724485 399429    0.96767   96  110    0.91934    6.49030   606%  79.4  335s
 732987 402914    3.59763   64  265    0.91934    6.48298   605%  79.4  341s
 740048 409665    1.65873   69  163    0.91934    6.47603   604%  79.4  345s
 757691 417476    1.37678   77  199    0.91934    6.46142   603%  79.3  351s
 767945 422801    1.32358   80  147    0.91934    6.45349   602%  79.3  356s
 777690 428378    1.24966   86  237    0.91934    6.44455   601%  79.4  360s
 787366 434068 infeasible   95         0.91934    6.43672   600%  79.4  365s
 799414 440113    4.61479   70  218    0.91934    6.42823   599%  79.4  370s
 811392 446907    4.29440   56  229    0.91934    6.42023   598%  79.4  375s
 820693 452787    3.98246   65  270    0.91934    6.41307   598%  79.4  380s
 831563 459693    1.85054   72  173    0.91934    6.40765   597%  79.5  385s
 844533 468386    1.28026   91  218    0.91934    6.40050   596%  79.5  390s
 855546 474239    2.17803   80  197    0.91934    6.39336   595%  79.6  395s
 865125 479992    1.19556   87  186    0.91934    6.39006   595%  79.7  400s
 873720 485521 infeasible   57         0.91934    6.38711   595%  79.7  405s
 884194 492467    1.73943   62  178    0.91934    6.38232   594%  79.7  410s
 897050 500809    0.98114   86  153    0.91934    6.37396   593%  79.8  415s
 907741 505917    2.09362   66  176    0.91934    6.36745   593%  79.9  420s
 920763 513307    0.92326   90  201    0.91934    6.36143   592%  79.9  425s
 932991 520584    3.40360   64  264    0.91934    6.35398   591%  79.9  431s
 941913 526456    0.97407   85  191    0.91934    6.35151   591%  80.0  435s
 955254 534912    2.89675   87  256    0.91934    6.34391   590%  80.0  441s
 964698 540638    1.02719  107  185    0.91934    6.34166   590%  80.1  446s
 974625 546894    6.17367   56  235    0.91934    6.33499   589%  80.0  451s
 984624 552379    1.73525   80  224    0.91934    6.32845   588%  80.1  455s
 997190 560390    0.96815  115  160    0.91934    6.32429   588%  80.1  461s
 1005709 566548    5.79783   57  226    0.91934    6.32021   587%  80.2  465s
 1014660 571667    0.92267  109  168    0.91934    6.31689   587%  80.2  470s
 1028169 579386    0.93251  118  154    0.91934    6.31027   586%  80.3  476s
 1035764 588742    2.85711   63  279    0.91934    6.30673   586%  80.3  484s
 1046675 592088    1.35002   81  214    0.91934    6.30091   585%  80.3  486s
 1059987 599551    1.07162   80  213    0.91934    6.29368   585%  80.3  491s
 1071803 605819    2.01474   62  203    0.91934    6.28742   584%  80.4  496s
 1082114 611414    1.52056   68  192    0.91934    6.28323   583%  80.4  500s
 1090542 616459 infeasible   60         0.91934    6.27934   583%  80.4  505s
 1100208 623858    1.06278   97  135    0.91934    6.27538   583%  80.4  510s
 1110683 629874    5.69262   55  206    0.91934    6.27095   582%  80.4  515s
 1123835 638061    1.50015   80  188    0.91934    6.26419   581%  80.4  520s
 1133968 644720     cutoff   89         0.91934    6.26284   581%  80.4  525s
 1145527 650985    4.76089   71  279    0.91934    6.25579   580%  80.4  530s
 1158105 658710     cutoff   94         0.91934    6.24968   580%  80.5  535s
 1167459 663922 infeasible   84         0.91934    6.24513   579%  80.5  540s
 1179422 671282    1.66894   63  238    0.91934    6.24170   579%  80.5  545s
 1189387 676973    1.03685   63  156    0.91934    6.23880   579%  80.5  550s
 1200305 682990    6.07797   60  229    0.91934    6.23291   578%  80.5  555s
 1209428 689146    1.42397   88  209    0.91934    6.23164   578%  80.6  560s
 1218401 695150 infeasible   82         0.91934    6.22722   577%  80.6  565s
 1231444 703038    1.02115   95  163    0.91934    6.22349   577%  80.7  571s
 1239689 709136    1.99095   65  265    0.91934    6.22138   577%  80.8  576s
 1251066 714338    0.94972   92  234    0.91934    6.21594   576%  80.8  580s
 1261543 722016    2.51769   79  225    0.91934    6.21269   576%  80.8  585s
 1274990 728915     cutoff   99         0.91934    6.20650   575%  80.8  591s
 1285687 735717    2.69272   72  252    0.91934    6.20417   575%  80.8  595s
 1296812 742988    5.22422   62  268    0.91934    6.20021   574%  80.8  601s
 1307148 747576 infeasible   77         0.91934    6.19498   574%  80.8  606s
 1312391 752618    1.12858   78  144    0.91934    6.19444   574%  80.9  610s
 1322448 757235 infeasible   76         0.91934    6.19011   573%  80.8  615s
 1333389 764938    3.05330   80  291    0.91934    6.18639   573%  80.9  621s
 1343042 771193    2.71484   72  249    0.91934    6.18371   573%  80.9  625s
 1355218 778143     cutoff  110         0.91934    6.17870   572%  80.9  631s
 1365461 782876     cutoff  104         0.91934    6.17453   572%  80.9  635s
 1377605 790913     cutoff   91         0.91934    6.16955   571%  80.9  641s
 1388299 797516    1.42854   79  232    0.91934    6.16598   571%  80.9  646s
 1397872 802604    0.95153  103  168    0.91934    6.16330   570%  80.9  650s
 1411848 810665    1.10359   84  250    0.91934    6.15827   570%  81.0  656s
 1420558 817025    1.39026   82  206    0.91934    6.15440   569%  81.0  660s
 1433114 824235    4.32591   64  279    0.91934    6.15024   569%  81.0  666s
 1442056 829900 infeasible  112         0.91934    6.14765   569%  81.0  670s
 1451291 835734    4.28527   66  275    0.91934    6.14439   568%  81.0  675s
 1463622 842245    1.70148   82  223    0.91934    6.14108   568%  81.1  681s
 1473901 847899    1.42593   69  191    0.91934    6.13788   568%  81.1  685s
 1486391 855478    1.99743   77  288    0.91934    6.13502   567%  81.1  691s
 1496410 860675     cutoff  102         0.91934    6.13123   567%  81.1  695s
 1508738 869411    1.19877   95  268    0.91934    6.12735   566%  81.1  701s
 1518478 875083    2.70504   83  224    0.91934    6.12567   566%  81.1  705s
 1527387 880328    5.27801   61  248    0.91934    6.12327   566%  81.2  710s
H1536124 884008                       0.9194426    6.11955   566%  81.2  715s
H1536177 883994                       0.9194966    6.11955   566%  81.2  716s
 1538850 887823 infeasible   89         0.91950    6.11893   565%  81.2  721s
 1546972 892808    2.16811   65  219    0.91950    6.11510   565%  81.2  725s
H1552802 894278                       0.9203643    6.11324   564%  81.2  727s
H1555295 896322                       0.9211865    6.11236   564%  81.2  729s
H1557371 896320                       0.9212100    6.11194   563%  81.2  729s
 1558626 897993    3.79798   83  249    0.92121    6.11118   563%  81.2  730s
H1559651 897991                       0.9212325    6.11118   563%  81.2  730s
H1562806 899317                       0.9212358    6.11056   563%  81.2  732s
H1567181 901931                       0.9212395    6.10985   563%  81.2  734s
 1568661 903130    1.11693   83  230    0.92124    6.10866   563%  81.2  735s
H1568842 903121                       0.9212931    6.10866   563%  81.2  735s
H1573848 904567                       0.9212946    6.10664   563%  81.2  737s
H1575518 907501                       0.9213085    6.10664   563%  81.2  739s
 1578169 908934    1.70285   62  185    0.92131    6.10599   563%  81.2  740s
 1587670 915598 infeasible   95         0.92131    6.10268   562%  81.3  745s
 1599523 921416     cutoff   80         0.92131    6.09814   562%  81.3  750s
 1608512 926480    1.57590   93  177    0.92131    6.09506   562%  81.3  755s
 1621160 934622     cutoff  112         0.92131    6.09133   561%  81.3  761s
 1631176 939474    1.89511   78  211    0.92131    6.08952   561%  81.3  765s
 1639709 945685    3.79343   79  230    0.92131    6.08758   561%  81.3  770s
 1652320 953953    1.63602   76  190    0.92131    6.08444   560%  81.3  776s
H1658346 955208                       0.9213092    6.08283   560%  81.3  777s
 1664417 960872     cutoff   97         0.92131    6.08069   560%  81.3  780s
 1672928 966198    2.12461   85  253    0.92131    6.07939   560%  81.3  785s
 1686540 974101    2.00404   71  225    0.92131    6.07513   559%  81.3  790s
 1694547 980218    2.89536   71  220    0.92131    6.07363   559%  81.4  795s
 1709032 987942 infeasible   80         0.92131    6.06983   559%  81.4  800s
 1721769 994999    1.04930   85  259    0.92131    6.06560   558%  81.4  806s
 1730583 1001026     cutoff  100         0.92131    6.06323   558%  81.4  810s
 1740476 1006732    0.94727   62  222    0.92131    6.06031   558%  81.4  815s
 1753563 1015003     cutoff   90         0.92131    6.05812   558%  81.4  821s
 1762734 1021395    1.92775   68  210    0.92131    6.05618   557%  81.4  825s
 1772115 1027108    1.49521   79  235    0.92131    6.05296   557%  81.4  830s
 1784710 1033668    1.01173   97  152    0.92131    6.04998   557%  81.4  835s
 1793975 1039453    0.93307  101  139    0.92131    6.04803   556%  81.5  840s
 1807361 1046250    4.80838   64  257    0.92131    6.04444   556%  81.5  845s
 1818424 1054001     cutoff   91         0.92131    6.04149   556%  81.5  851s
 1825838 1056307    1.21312   70  273    0.92131    6.04033   556%  81.5  856s
 1835001 1061340    2.90664   69  251    0.92131    6.03808   555%  81.5  861s
 1845888 1068403    1.48855   70  218    0.92131    6.03476   555%  81.5  866s
 1856647 1073995    1.83743   74  201    0.92131    6.03172   555%  81.5  870s
 1866218 1080271    1.65442   82  181    0.92131    6.02951   554%  81.5  875s
 1876855 1086602    4.46656   69  230    0.92131    6.02904   554%  81.6  880s
 1886615 1093460    4.83938   70  258    0.92131    6.02476   554%  81.6  885s
 1898959 1102623     cutoff  102         0.92131    6.02331   554%  81.7  891s
 1909566 1107655    0.99360  101  142    0.92131    6.02220   554%  81.7  895s
H1914924 1110452                       0.9214369    6.02085   553%  81.7  897s
H1917568 1111973                       0.9214959    6.02003   553%  81.7  899s
H1918804 1111971                       0.9215023    6.02003   553%  81.7  899s
 1919424 1114348    1.28194   80  236    0.92150    6.01920   553%  81.7  900s
H1930377 1119528                       0.9215116    6.01775   553%  81.7  905s
 1940855 1126829    1.01894   82  184    0.92151    6.01449   553%  81.7  911s
H1950629 1130529                       0.9215235    6.01199   552%  81.7  914s
 1951524 1132514    1.99567   66  261    0.92152    6.01138   552%  81.7  915s
H1954086 1132510                       0.9215346    6.01137   552%  81.7  915s
 1962321 1138212    1.87905   86  231    0.92153    6.00840   552%  81.8  920s
 1972256 1144535 infeasible   95         0.92153    6.00695   552%  81.8  925s
 1985332 1152675    4.22534   66  216    0.92153    6.00368   551%  81.8  931s
 1995270 1158249    1.01259   86  173    0.92153    6.00158   551%  81.8  936s
H1996573 1157902                       0.9225469    6.00158   551%  81.8  936s
H1998593 1159940                       0.9225649    6.00096   550%  81.8  937s
H2000200 1159837                       0.9228791    6.00092   550%  81.8  937s
H2004413 1161920                       0.9228886    5.99993   550%  81.8  939s
H2005098 1161892                       0.9229410    5.99990   550%  81.8  939s
 2005314 1163882    1.35841   86  223    0.92294    5.99934   550%  81.9  941s
 2013951 1170482    4.76587   61  242    0.92294    5.99860   550%  81.9  945s
 2025495 1175992    2.40093   67  204    0.92294    5.99674   550%  81.9  950s
H2025986 1175931                       0.9230796    5.99674   550%  81.9  950s
H2028386 1177357                       0.9231565    5.99591   550%  81.9  952s
 2034489 1180973    1.64510   59  166    0.92316    5.99406   549%  81.9  955s
H2042347 1184469                       0.9231645    5.99261   549%  81.9  958s
 2044255 1186716    2.09848   64  271    0.92316    5.99194   549%  81.9  960s
H2049704 1188466                       0.9231925    5.99097   549%  81.9  961s
 2055364 1192774    1.47514   71  261    0.92319    5.99027   549%  81.9  965s
 2066250 1199863 infeasible  106         0.92319    5.98863   549%  82.0  971s
 2076370 1206498    1.06142   76  168    0.92319    5.98680   548%  82.0  976s
 2086685 1211854    1.95166   71  259    0.92319    5.98443   548%  82.0  981s
H2087914 1211854                       0.9231942    5.98432   548%  82.0  981s
 2092185 1213928    1.87759   80  256    0.92319    5.98351   548%  82.0  986s
 2101389 1221692    1.43339   90  180    0.92319    5.98148   548%  82.1  991s
 2113733 1227331     cutoff   85         0.92319    5.97860   548%  82.1  995s
H2123749 1232053                       0.9231956    5.97637   547%  82.1  999s
 2123794 1234239    2.89853   60  259    0.92320    5.97637   547%  82.1 1000s
 2134383 1239307    5.30739   61  211    0.92320    5.97390   547%  82.1 1005s
H2145773 1245541                       0.9232272    5.97207   547%  82.1 1009s
 2146062 1248082    0.96701   93  207    0.92323    5.97204   547%  82.1 1011s
 2155665 1253258    5.04185   62  243    0.92323    5.96999   547%  82.1 1015s
 2166394 1258103 infeasible   76         0.92323    5.96750   546%  82.1 1020s
 2178696 1266341    2.73219   72  246    0.92323    5.96572   546%  82.1 1026s
 2190401 1271560    1.07360  101  216    0.92323    5.96237   546%  82.2 1031s
 2199895 1277704 infeasible   86         0.92323    5.96015   546%  82.2 1035s
 2211796 1283949 infeasible   70         0.92323    5.95730   545%  82.1 1040s
 2223826 1290842    1.62342   80  201    0.92323    5.95498   545%  82.1 1045s
H2225540 1289810                       0.9256488    5.95385   543%  82.1 1045s
H2227330 1290993                       0.9257515    5.95381   543%  82.2 1047s
H2227596 1290812                       0.9262021    5.95381   543%  82.2 1047s
H2231369 1292356                       0.9262578    5.95282   543%  82.2 1049s
 2232574 1293402     cutoff   95         0.92626    5.95269   543%  82.2 1050s
H2233460 1293393                       0.9262934    5.95269   543%  82.2 1050s
H2233460 1293366                       0.9263760    5.95269   543%  82.2 1050s
 2242808 1299094    1.45413   83  206    0.92638    5.95018   542%  82.2 1055s
 2251640 1305423 infeasible   96         0.92638    5.94754   542%  82.2 1060s
 2265277 1313131    1.53596   77  199    0.92638    5.94501   542%  82.2 1066s
H2265586 1313124                       0.9263908    5.94501   542%  82.2 1066s
 2275883 1319669    1.72631   74  240    0.92639    5.94251   541%  82.2 1071s
 2286313 1325202    1.02665  102  214    0.92639    5.94097   541%  82.2 1075s
 2295127 1330946    1.72261   51  207    0.92639    5.93854   541%  82.2 1080s
 2307333 1338557 infeasible   77         0.92639    5.93671   541%  82.2 1085s
 2320092 1344940    3.11065   74  252    0.92639    5.93372   541%  82.2 1091s
 2329242 1351810     cutoff  127         0.92639    5.93274   540%  82.2 1095s
 2338471 1356875    1.68328   83  221    0.92639    5.93101   540%  82.3 1100s
 2352604 1364054    4.88058   56  258    0.92639    5.92866   540%  82.3 1106s
H2357805 1366546                       0.9263960    5.92766   540%  82.3 1108s
 2361451 1370751    2.18462   76  282    0.92640    5.92689   540%  82.4 1111s
 2373441 1376992    0.99251   93  210    0.92640    5.92431   540%  82.3 1115s
 2385777 1384168 infeasible   76         0.92640    5.92200   539%  82.4 1121s
 2394943 1389848    3.76893   66  251    0.92640    5.92039   539%  82.4 1126s
 2404863 1396351     cutoff   76         0.92640    5.91943   539%  82.4 1130s
 2414641 1401764    5.42777   73  263    0.92640    5.91719   539%  82.4 1135s
H2416015 1401762                       0.9264068    5.91719   539%  82.4 1135s
 2418846 1404404    1.47728   82  271    0.92641    5.91707   539%  82.4 1140s
 2428973 1410250    2.24709   64  229    0.92641    5.91484   538%  82.4 1145s
 2442439 1417735    2.47555   71  283    0.92641    5.91239   538%  82.5 1150s
 2451713 1424877    2.73514   67  268    0.92641    5.91070   538%  82.5 1155s
 2466371 1432159    3.03674   67  225    0.92641    5.90795   538%  82.5 1161s
 2475558 1438895     cutoff  101         0.92641    5.90685   538%  82.5 1165s
 2486736 1445646    2.15566   59  226    0.92641    5.90580   537%  82.6 1170s
 2495872 1451234    1.92496   70  220    0.92641    5.90452   537%  82.6 1175s
 2506615 1457592 infeasible   85         0.92641    5.90265   537%  82.6 1180s
 2517775 1463736    1.51291   67  182    0.92641    5.90043   537%  82.6 1185s
 2527701 1470172    2.05938   78  255    0.92641    5.89755   537%  82.6 1190s
 2540449 1477930    0.98070   96  199    0.92641    5.89595   536%  82.6 1196s
 2550123 1482916 infeasible   83         0.92641    5.89424   536%  82.7 1200s
 2562947 1490680    1.40107   73  201    0.92641    5.89112   536%  82.7 1206s
 2572511 1496290    0.99892   89  165    0.92641    5.88948   536%  82.7 1210s
 2586462 1504870    1.82607   79  243    0.92641    5.88657   535%  82.7 1216s
 2595052 1510525    2.06500   69  233    0.92641    5.88517   535%  82.7 1221s
 2605198 1515937    1.04620   79  222    0.92641    5.88391   535%  82.7 1225s
 2612333 1520350     cutoff   87         0.92641    5.88258   535%  82.7 1231s
 2621106 1526414    1.26779   96  185    0.92641    5.88068   535%  82.7 1236s
 2631368 1532753    1.51717   90  221    0.92641    5.87938   535%  82.7 1240s
 2643626 1539202    3.98867   65  203    0.92641    5.87631   534%  82.7 1246s
 2653333 1544819 infeasible   71         0.92641    5.87428   534%  82.7 1250s
 2662575 1549977    1.52871   82  256    0.92641    5.87342   534%  82.8 1255s
 2672653 1556786    1.19662  108  173    0.92641    5.87155   534%  82.8 1260s
 2685836 1561831    3.06103   61  217    0.92641    5.86889   534%  82.8 1266s
 2689522 1565278    1.20042   78  208    0.92641    5.86829   533%  82.8 1271s
 2700287 1570595     cutoff  108         0.92641    5.86649   533%  82.8 1275s
 2712024 1577937    1.89285   67  280    0.92641    5.86320   533%  82.8 1281s
 2721657 1583752    2.64514   77  228    0.92641    5.86187   533%  82.8 1285s
 2731989 1589777    3.38577   58  234    0.92641    5.86013   533%  82.8 1290s
 2741684 1595787    1.10351   94  187    0.92641    5.85904   532%  82.8 1295s
 2755701 1604534 infeasible   78         0.92641    5.85604   532%  82.8 1301s
 2764646 1608847    3.07849   78  226    0.92641    5.85487   532%  82.8 1305s
 2774990 1614745    3.13821   86  217    0.92641    5.85285   532%  82.8 1310s
 2784836 1619865    1.07753   91  192    0.92641    5.85146   532%  82.8 1315s
 2798877 1627889    2.18800   61  258    0.92641    5.84890   531%  82.8 1321s
 2807642 1634333    1.09737   85  273    0.92641    5.84795   531%  82.8 1325s
 2819878 1641141    2.65428   75  282    0.92641    5.84591   531%  82.9 1331s
 2830436 1646863    1.15342  104  171    0.92641    5.84456   531%  82.9 1336s
 2840184 1653344    1.37055   73  208    0.92641    5.84283   531%  82.9 1341s
 2850507 1658547    0.94430  105  178    0.92641    5.84100   531%  82.9 1345s
 2861281 1664157    1.83615   70  242    0.92641    5.83921   530%  82.9 1350s
 2873878 1672680    1.39540  100  199    0.92641    5.83687   530%  82.9 1356s
 2883909 1677382    4.11883   63  275    0.92641    5.83580   530%  82.9 1361s
 2892918 1683422     cutoff   75         0.92641    5.83432   530%  82.9 1365s
 2902758 1690288    3.94533   79  274    0.92641    5.83295   530%  82.9 1370s
 2914695 1697855    4.71920   66  270    0.92641    5.83239   530%  83.0 1376s
 2924643 1703881    1.57998   84  186    0.92641    5.83023   529%  83.0 1380s
 2934833 1709324    1.41350   80  237    0.92641    5.82939   529%  83.0 1385s
 2945488 1714604    3.17191   76  233    0.92641    5.82695   529%  83.0 1390s
 2957729 1721746    4.97719   64  243    0.92641    5.82521   529%  83.0 1396s
 2967235 1727847    1.25576   65  143    0.92641    5.82309   529%  83.1 1400s
 2978198 1732899    3.64460   63  230    0.92641    5.82149   528%  83.1 1405s
 2991121 1740777    4.73593   57  225    0.92641    5.81898   528%  83.0 1411s
 3001990 1746247 infeasible   69         0.92641    5.81722   528%  83.1 1415s
 3011198 1752447    1.53121   72  277    0.92641    5.81574   528%  83.1 1420s
 3018516 1754736    1.20943   75  251    0.92641    5.81528   528%  83.1 1425s
 3025645 1760477    1.86460   78  248    0.92641    5.81379   528%  83.1 1430s
 3038220 1767152    1.58561   72  207    0.92641    5.81200   527%  83.1 1435s
 3047482 1771709     cutoff   95         0.92641    5.81082   527%  83.1 1440s
 3060118 1779738    0.99179   76  230    0.92641    5.80892   527%  83.1 1446s
 3070809 1786695    1.34426   81  262    0.92641    5.80781   527%  83.1 1451s
 3081754 1792541    1.68838   78  256    0.92641    5.80554   527%  83.1 1455s
 3092174 1797576    0.94082  103  180    0.92641    5.80370   526%  83.2 1460s
 3103360 1804462    4.22354   73  283    0.92641    5.80183   526%  83.2 1466s
 3112660 1809927     cutoff   85         0.92641    5.80095   526%  83.2 1470s
 3122057 1815749    1.50710   77  227    0.92641    5.79908   526%  83.2 1475s
 3132599 1821809 infeasible   92         0.92641    5.79766   526%  83.2 1480s
 3145246 1828726    4.66763   62  255    0.92641    5.79559   526%  83.2 1485s
 3156139 1834755    0.93230   89  216    0.92641    5.79355   525%  83.2 1490s
 3166126 1838067    4.95142   59  223    0.92641    5.79244   525%  83.2 1495s
 3178704 1844453 infeasible   67         0.92641    5.79015   525%  83.2 1501s
 3189357 1850887    5.39590   61  255    0.92641    5.78859   525%  83.2 1505s
 3198130 1856968     cutoff  107         0.92641    5.78767   525%  83.3 1510s
 3210910 1865011    1.66552   84  255    0.92641    5.78564   525%  83.3 1516s
 3223147 1870813    1.70317   69  213    0.92641    5.78435   524%  83.3 1521s
 3232656 1877267    1.83801   73  240    0.92641    5.78311   524%  83.3 1525s
 3242877 1882423    3.11971   65  274    0.92641    5.78152   524%  83.3 1530s
 3254973 1890060    0.93925   93  203    0.92641    5.78077   524%  83.3 1536s
 3263940 1895382     cutoff  104         0.92641    5.77895   524%  83.3 1540s
 3277045 1902210    0.94756   93  180    0.92641    5.77700   524%  83.3 1546s
 3285416 1907792    4.07990   77  237    0.92641    5.77604   523%  83.3 1550s
 3296018 1912731    1.40766   84  213    0.92641    5.77459   523%  83.3 1555s
 3309341 1920814    1.36854   88  229    0.92641    5.77263   523%  83.4 1561s
 3319121 1926755 infeasible   92         0.92641    5.77129   523%  83.4 1565s
 3328355 1933397 infeasible   81         0.92641    5.77010   523%  83.4 1570s
 3332939 1941628 infeasible   70         0.92641    5.77003   523%  83.4 1577s
 3353134 1946797    0.95472  101  217    0.92641    5.76753   523%  83.4 1581s
 3365384 1952655     cutoff   82         0.92641    5.76546   522%  83.4 1586s
 3374550 1957687 infeasible   85         0.92641    5.76412   522%  83.5 1590s
 3387114 1964905    1.97741   70  237    0.92641    5.76189   522%  83.5 1595s
 3396142 1971074 infeasible   88         0.92641    5.76103   522%  83.5 1600s
 3407682 1977833    2.91369   67  252    0.92641    5.75954   522%  83.5 1606s
 3417157 1982603    2.09869   68  264    0.92641    5.75808   522%  83.5 1610s
 3426860 1988752    1.58922   73  265    0.92641    5.75674   521%  83.5 1615s
 3437361 1994198 infeasible   90         0.92641    5.75553   521%  83.5 1620s
 3450103 2002136    3.31616   72  206    0.92641    5.75345   521%  83.5 1626s
 3458971 2007554    2.14595   73  241    0.92641    5.75276   521%  83.5 1630s
 3468841 2012875    1.25306   79  199    0.92641    5.75174   521%  83.6 1635s
 3477291 2019272    1.16060   79  187    0.92641    5.75054   521%  83.6 1640s
 3490179 2026437    2.01861   79  237    0.92641    5.74908   521%  83.6 1646s
 3500073 2031853     cutoff   88         0.92641    5.74753   520%  83.6 1650s
 3512343 2038428     cutoff   84         0.92641    5.74610   520%  83.6 1656s
 3521867 2043960    1.12543   85  150    0.92641    5.74516   520%  83.6 1661s
 3531916 2049771    5.49555   58  272    0.92641    5.74376   520%  83.6 1666s
 3542606 2055840    2.11525   69  187    0.92641    5.74289   520%  83.6 1671s
 3553814 2061588    2.65981   83  181    0.92641    5.74129   520%  83.6 1675s
 3562332 2067094    1.03733   93  153    0.92641    5.74052   520%  83.6 1680s
 3576985 2074923    1.09871   86  217    0.92641    5.73850   519%  83.6 1686s
 3584502 2078489     cutoff   89         0.92641    5.73788   519%  83.7 1690s
 3591557 2084882     cutoff   96         0.92641    5.73648   519%  83.7 1695s
 3602759 2090759    4.73373   70  254    0.92641    5.73534   519%  83.7 1700s
 3613692 2095674    1.57766   78  207    0.92641    5.73362   519%  83.7 1705s
 3625794 2103475     cutoff  102         0.92641    5.73201   519%  83.7 1711s
 3634462 2108696    0.98625   80  185    0.92641    5.73086   519%  83.7 1715s
 3643604 2112900    1.81539   68  232    0.92641    5.73003   519%  83.7 1720s
 3651465 2120244    4.19379   76  296    0.92641    5.72888   518%  83.7 1725s
 3665065 2127055    1.72905   63  194    0.92641    5.72713   518%  83.7 1730s
 3678518 2134065    0.96859   92  188    0.92641    5.72522   518%  83.7 1736s
 3688198 2138402     cutoff   91         0.92641    5.72407   518%  83.7 1740s
 3700796 2145399    2.10092   71  230    0.92641    5.72289   518%  83.8 1746s
 3709392 2151214    1.01602   88  175    0.92641    5.72146   518%  83.8 1750s
 3719322 2155951    3.43801   77  255    0.92641    5.72012   517%  83.8 1755s
 3728279 2161650    0.96427   91  159    0.92641    5.71900   517%  83.8 1760s
 3740741 2168663    1.91047   65  221    0.92641    5.71770   517%  83.8 1765s
 3750185 2173855    1.02146   78  229    0.92641    5.71709   517%  83.8 1770s
 3762868 2181900 infeasible   85         0.92641    5.71515   517%  83.8 1776s
 3773586 2187578    2.42045   62  223    0.92641    5.71393   517%  83.8 1781s
 3783640 2193150    5.13296   59  241    0.92641    5.71251   517%  83.8 1785s
 3792489 2197945     cutoff   96         0.92641    5.71178   517%  83.8 1790s
 3806554 2205461    0.97001   83  206    0.92641    5.70988   516%  83.9 1796s
 3815046 2210116     cutoff  102         0.92641    5.70897   516%  83.9 1800s
 3827481 2217632    0.92853  109  140    0.92641    5.70766   516%  83.9 1806s
 3837818 2222823    0.96848   97  189    0.92641    5.70649   516%  83.9 1811s
 3847264 2228885    2.31779   76  205    0.92641    5.70540   516%  83.9 1815s
 3856945 2234736    2.04024   65  210    0.92641    5.70445   516%  83.9 1820s
 3871468 2241802    1.14300   85  235    0.92641    5.70350   516%  83.9 1826s
 3880289 2247643    1.58055   79  202    0.92641    5.70222   516%  84.0 1830s
 3891307 2253027 infeasible   74         0.92641    5.70128   515%  84.0 1835s
 3900119 2258962    3.48463   80  275    0.92641    5.70002   515%  84.0 1840s
 3913109 2266434    1.41398   89  194    0.92641    5.69849   515%  84.0 1846s
 3922914 2271613    1.77059   84  207    0.92641    5.69784   515%  84.0 1850s
 3929368 2274566    5.02967   66  269    0.92641    5.69662   515%  84.0 1855s
 3938946 2281105    1.18071   93  170    0.92641    5.69556   515%  84.0 1860s
 3947947 2287536    4.92367   69  266    0.92641    5.69464   515%  84.0 1865s
 3960483 2294744    1.49378   73  250    0.92641    5.69325   515%  84.0 1871s
 3970708 2299527    1.50459   74  213    0.92641    5.69184   514%  84.1 1876s
 3981432 2305425     cutoff   88         0.92641    5.69110   514%  84.1 1881s
 3991522 2311487     cutoff   97         0.92641    5.69016   514%  84.1 1885s
 4000981 2317859    5.14455   63  256    0.92641    5.68904   514%  84.1 1890s
 4014856 2325019     cutoff   96         0.92641    5.68775   514%  84.1 1896s
 4024619 2330319    0.96517   84  180    0.92641    5.68688   514%  84.1 1900s
 4034753 2336303     cutoff   86         0.92641    5.68583   514%  84.1 1905s
 4044580 2342967    1.09960   91  165    0.92641    5.68461   514%  84.1 1910s
 4055083 2348313    1.08420   94  197    0.92641    5.68347   513%  84.2 1915s
 4064021 2353528    1.91744   76  266    0.92641    5.68263   513%  84.2 1920s
 4077125 2360338    1.20856   77  135    0.92641    5.68141   513%  84.2 1926s
 4085978 2365638    4.81432   72  309    0.92641    5.68000   513%  84.2 1931s
 4095437 2371230    1.04452  103  154    0.92641    5.67934   513%  84.2 1935s
 4107949 2379037    1.03777   85   95    0.92641    5.67774   513%  84.2 1941s
 4117166 2384084    3.67528   81  257    0.92641    5.67686   513%  84.2 1945s
 4126322 2389818    1.89481   63  228    0.92641    5.67608   513%  84.2 1950s
 4138228 2397389    1.73582   76  239    0.92641    5.67527   513%  84.3 1956s
 4148726 2402742    3.19795   67  267    0.92641    5.67405   512%  84.3 1961s
 4158095 2408670    5.06266   63  214    0.92641    5.67309   512%  84.3 1965s
 4168220 2413607    3.42451   74  235    0.92641    5.67213   512%  84.3 1970s
 4179822 2421788    1.21594   90  219    0.92641    5.67121   512%  84.3 1976s
 4190078 2427732    0.96275  107  162    0.92641    5.67044   512%  84.3 1981s
 4199896 2433910    1.99589   81  263    0.92641    5.66956   512%  84.3 1986s
 4210292 2438411    5.31823   59  251    0.92641    5.66809   512%  84.3 1990s
 4214544 2441876    2.06347   75  257    0.92641    5.66778   512%  84.3 1996s
 4225464 2449205 infeasible   76         0.92641    5.66684   512%  84.4 2001s
 4235634 2454469 infeasible   80         0.92641    5.66590   512%  84.4 2005s
 4246316 2460420    0.96842   78  196    0.92641    5.66467   511%  84.4 2010s
 4256299 2465240 infeasible   74         0.92641    5.66341   511%  84.4 2015s
 4267977 2471808    3.63500   64  195    0.92641    5.66177   511%  84.4 2020s
 4276651 2478044    1.65654   72  216    0.92641    5.66067   511%  84.4 2025s
 4285882 2483193    4.71457   68  300    0.92641    5.66051   511%  84.4 2030s
 4296862 2490128    1.66647   77  282    0.92641    5.65944   511%  84.4 2035s
 4307434 2495833    2.22717   76  215    0.92641    5.65865   511%  84.4 2040s
 4316733 2502656    1.12983   84  160    0.92641    5.65741   511%  84.4 2045s
 4331215 2509898    1.53769   83  219    0.92641    5.65630   511%  84.5 2050s
 4340343 2515668    4.78490   73  301    0.92641    5.65526   510%  84.5 2055s
 4351234 2521229    2.07584   86  202    0.92641    5.65385   510%  84.5 2060s
 4364607 2528878    1.41797   73  179    0.92641    5.65236   510%  84.5 2066s
 4374641 2534902    2.77905   67  204    0.92641    5.65126   510%  84.5 2070s
 4384753 2540600    1.38746   77  224    0.92641    5.65024   510%  84.5 2075s
 4395161 2546014    1.03291   92  210    0.92641    5.64920   510%  84.5 2080s
 4407924 2554023    3.67253   60  231    0.92641    5.64766   510%  84.5 2085s
 4419328 2560404    3.71501   57  223    0.92641    5.64634   509%  84.5 2090s
 4428768 2565239    2.65117   70  261    0.92641    5.64536   509%  84.5 2095s
 4437869 2571207    1.63007   84  210    0.92641    5.64427   509%  84.5 2100s
 4452648 2577510    1.98952   72  242    0.92641    5.64252   509%  84.6 2106s
 4461868 2582985    4.73250   64  258    0.92641    5.64125   509%  84.6 2111s
 4472644 2589130    2.36910   72  240    0.92641    5.64048   509%  84.6 2115s
 4482710 2594581    1.13274   99  191    0.92641    5.63916   509%  84.6 2120s
 4489973 2598325     cutoff  100         0.92641    5.63859   509%  84.6 2126s
 4499952 2603904    1.01655   89  174    0.92641    5.63776   509%  84.6 2131s
 4508741 2609814    1.80255   76  207    0.92641    5.63726   509%  84.6 2135s
 4517794 2615914    1.86832   81  175    0.92641    5.63628   508%  84.6 2140s
 4528558 2621323     cutoff   91         0.92641    5.63546   508%  84.6 2145s
 4542270 2628617 infeasible   91         0.92641    5.63402   508%  84.6 2150s
 4551951 2634179    1.20093   81  276    0.92641    5.63306   508%  84.6 2155s
 4561252 2640717    5.16310   57  222    0.92641    5.63219   508%  84.6 2160s
 4572402 2646420    1.73856   86  237    0.92641    5.63146   508%  84.7 2165s
 4581930 2652662    1.56055   75  232    0.92641    5.63006   508%  84.7 2170s
H4587814 2654792                       0.9264130    5.62968   508%  84.7 2171s
 4591814 2659777 infeasible   84         0.92641    5.62917   508%  84.7 2175s
 4603082 2664516    1.65888   67  265    0.92641    5.62835   508%  84.7 2180s
H4606499 2663051                       0.9282518    5.62817   506%  84.7 2180s
 4613076 2667668    0.97421   94  161    0.92825    5.62738   506%  84.7 2185s
H4619467 2669784                       0.9282852    5.62684   506%  84.7 2186s
 4622477 2673577     cutoff   87         0.92829    5.62639   506%  84.7 2190s
 4633182 2679210    2.85820   70  218    0.92829    5.62487   506%  84.7 2195s
 4647143 2684720    3.55799   58  227    0.92829    5.62321   506%  84.8 2201s
 4650758 2688302    4.06532   69  264    0.92829    5.62301   506%  84.8 2205s
H4659227 2691021                       0.9296030    5.62212   505%  84.8 2209s
 4660460 2693241    2.08541   67  195    0.92960    5.62183   505%  84.8 2210s
H4660539 2692542                       0.9304889    5.62183   504%  84.8 2210s
 4670086 2698340    3.20273   53  193    0.93049    5.62105   504%  84.8 2215s
 4683960 2705700    4.01254   65  249    0.93049    5.61976   504%  84.8 2221s
 4692888 2711518    3.90692   74  272    0.93049    5.61891   504%  84.8 2225s
 4702816 2716639    1.05940  102  205    0.93049    5.61799   504%  84.8 2230s
 4711410 2722614    1.31433   70  135    0.93049    5.61742   504%  84.8 2235s
 4723480 2728851     cutoff   83         0.93049    5.61624   504%  84.8 2241s
 4732905 2733633     cutoff   88         0.93049    5.61545   503%  84.8 2245s
 4743036 2739256    0.94609   89  187    0.93049    5.61459   503%  84.8 2250s
 4753534 2745806     cutoff   86         0.93049    5.61382   503%  84.8 2255s
 4763628 2750604     cutoff   91         0.93049    5.61283   503%  84.9 2260s
 4772728 2757568     cutoff  112         0.93049    5.61210   503%  84.9 2265s
 4784506 2764394     cutoff  100         0.93049    5.61148   503%  84.9 2271s
 4792008 2767354    2.79200   71  236    0.93049    5.61106   503%  84.9 2276s
 4800595 2772477    0.95785   90  222    0.93049    5.61017   503%  84.9 2281s
 4810446 2778048    2.18009   66  237    0.93049    5.60933   503%  84.9 2285s
 4821945 2784894    1.34122   79  183    0.93049    5.60782   503%  84.9 2291s
 4831827 2789754    2.43177   68  229    0.93049    5.60681   503%  84.9 2295s
 4842844 2795691 infeasible   61         0.93049    5.60579   502%  84.9 2300s
 4851745 2801098    1.15867   73  161    0.93049    5.60479   502%  85.0 2305s
 4865715 2808387    2.94016   75  214    0.93049    5.60365   502%  85.0 2311s
 4875843 2814860 infeasible   76         0.93049    5.60274   502%  85.0 2316s
 4885920 2820344    1.74885   73  217    0.93049    5.60207   502%  85.0 2320s
 4898497 2828489    0.97650  110  177    0.93049    5.60123   502%  85.0 2326s
 4907166 2834052    1.25604   70  198    0.93049    5.60027   502%  85.0 2330s
 4916528 2839268    0.94424   97  186    0.93049    5.59950   502%  85.0 2335s
 4929484 2847729    4.22067   62  226    0.93049    5.59831   502%  85.0 2341s
 4939267 2853401    0.97836   78  257    0.93049    5.59766   502%  85.0 2345s
 4949629 2858398    2.66019   68  235    0.93049    5.59688   501%  85.1 2350s
 4959268 2863544    5.06628   59  239    0.93049    5.59619   501%  85.1 2355s
 4973011 2870903    1.07293  103  221    0.93049    5.59507   501%  85.1 2361s
 4983791 2876355     cutoff   72         0.93049    5.59423   501%  85.1 2366s
 4992787 2882005    2.54896   66  201    0.93049    5.59362   501%  85.1 2370s
 5005039 2889932    2.27399   71  232    0.93049    5.59247   501%  85.1 2376s
 5013988 2895263     cutoff   73         0.93049    5.59157   501%  85.1 2380s
 5023604 2901390    0.95636   95  183    0.93049    5.59105   501%  85.2 2385s
 5036271 2909418    2.02425   70  184    0.93049    5.59001   501%  85.2 2391s
 5046550 2913657    4.44254   63  232    0.93049    5.58899   501%  85.2 2396s
 5056264 2920809    0.99725   96  154    0.93049    5.58820   501%  85.2 2401s
 5066835 2926404    2.40356   65  238    0.93049    5.58730   500%  85.2 2406s
 5071149 2929386    1.66290   73  225    0.93049    5.58713   500%  85.2 2411s
 5082246 2936038     cutoff   78         0.93049    5.58599   500%  85.2 2416s
 5093078 2941596    1.70970   80  195    0.93049    5.58522   500%  85.2 2421s
 5102012 2947571    3.58469   82  271    0.93049    5.58422   500%  85.2 2426s
 5111816 2953440 infeasible   84         0.93049    5.58385   500%  85.3 2430s
 5120887 2958927    4.28693   61  251    0.93049    5.58343   500%  85.3 2435s
 5130927 2964414     cutoff   86         0.93049    5.58237   500%  85.3 2440s
 5143585 2972645    1.01653  101  168    0.93049    5.58175   500%  85.3 2445s
 5152711 2978226     cutoff   94         0.93049    5.58121   500%  85.3 2450s
 5164800 2984874    5.01409   58  216    0.93049    5.58016   500%  85.3 2456s
 5173508 2990391    1.92737   80  254    0.93049    5.57928   500%  85.4 2461s
 5185190 2996949    1.56771   75  208    0.93049    5.57806   499%  85.4 2466s
 5194561 3002604    1.71031   78  247    0.93049    5.57745   499%  85.4 2470s
 5203823 3007485    3.95709   76  286    0.93049    5.57659   499%  85.4 2475s
 5213482 3013283    4.76253   59  248    0.93049    5.57603   499%  85.4 2480s
 5222206 3019235    3.02200   57  188    0.93049    5.57502   499%  85.4 2485s
 5235199 3026725    1.47620   88  202    0.93049    5.57418   499%  85.4 2491s
 5244063 3031773    1.08103   92  171    0.93049    5.57309   499%  85.4 2495s
 5252958 3036861 infeasible   67         0.93049    5.57253   499%  85.4 2500s
 5261615 3042408     cutoff   90         0.93049    5.57181   499%  85.5 2505s
 5273794 3049538    4.86442   55  220    0.93049    5.57053   499%  85.5 2510s
 5284123 3055097    2.44259   66  237    0.93049    5.56971   499%  85.5 2515s
 5293900 3060163 infeasible   73         0.93049    5.56869   498%  85.5 2520s
 5304265 3065823    1.23224   88  219    0.93049    5.56785   498%  85.5 2525s
 5317334 3073681    2.08008   71  246    0.93049    5.56681   498%  85.5 2530s
 5327313 3079960    1.75470   89  202    0.93049    5.56599   498%  85.5 2535s
 5335939 3085156    4.46253   62  237    0.93049    5.56523   498%  85.5 2540s
H5340172 3086518                       0.9304891    5.56499   498%  85.5 2541s
H5342171 3086305                       0.9310909    5.56447   498%  85.5 2543s
 5342548 3087671    2.30176   75  261    0.93109    5.56447   498%  85.5 2545s
H5344400 3087038                       0.9316750    5.56435   497%  85.5 2545s
H5346041 3088889                       0.9317724    5.56413   497%  85.5 2546s
H5350073 3090330                       0.9317786    5.56379   497%  85.5 2548s
H5350324 3090230                       0.9318886    5.56379   497%  85.5 2549s
 5352082 3092406     cutoff   86         0.93189    5.56344   497%  85.5 2550s
H5352673 3092329                       0.9319827    5.56344   497%  85.5 2550s
H5357035 3094385                       0.9320081    5.56295   497%  85.5 2552s
H5357689 3094368                       0.9320231    5.56293   497%  85.5 2552s
 5361848 3097516 infeasible   92         0.93202    5.56277   497%  85.5 2556s
 5372494 3104385    1.58828   77  237    0.93202    5.56159   497%  85.6 2560s
 5383018 3108964     cutoff   99         0.93202    5.56068   497%  85.6 2565s
 5395214 3116659    2.03273   64  256    0.93202    5.56001   497%  85.6 2571s
 5404633 3121766 infeasible  101         0.93202    5.55962   497%  85.6 2575s
H5404727 3121764                       0.9320308    5.55962   497%  85.6 2575s
 5414095 3126932    1.15430   92  267    0.93203    5.55851   496%  85.6 2580s
H5421661 3130675                       0.9320378    5.55785   496%  85.6 2583s
 5422761 3133223    2.66730   69  232    0.93204    5.55781   496%  85.6 2585s
 5436039 3140842    1.35468   76  227    0.93204    5.55681   496%  85.6 2591s
 5446526 3146431 infeasible   55         0.93204    5.55584   496%  85.6 2596s
 5457371 3151488    1.78696   68  247    0.93204    5.55517   496%  85.6 2600s
 5465791 3157132    3.69810   62  264    0.93204    5.55439   496%  85.7 2605s
 5478812 3164881    1.56279   64  225    0.93204    5.55319   496%  85.7 2611s
 5486422 3166661    1.94693   62  203    0.93204    5.55255   496%  85.7 2616s
 5490040 3170527    1.09922   85  170    0.93204    5.55230   496%  85.7 2620s
 5502042 3175803    1.68015   76  226    0.93204    5.55113   496%  85.7 2625s
 5514312 3182279 infeasible   84         0.93204    5.54990   495%  85.7 2631s
H5518077 3180622                       0.9346799    5.54971   494%  85.7 2632s
H5522083 3182472                       0.9349245    5.54952   494%  85.7 2634s
 5523301 3183985    1.49815   78  242    0.93492    5.54926   494%  85.7 2636s
H5523621 3183983                       0.9349248    5.54926   494%  85.7 2636s
H5525356 3183867                       0.9350061    5.54924   493%  85.7 2636s
H5531734 3187595                       0.9350139    5.54884   493%  85.7 2639s
 5532414 3189778     cutoff  105         0.93501    5.54879   493%  85.7 2641s
 5542547 3195883    2.50010   79  286    0.93501    5.54748   493%  85.7 2646s
 5553724 3201337    1.08343   98  151    0.93501    5.54668   493%  85.7 2651s
 5560689 3204607    4.10968   64  280    0.93501    5.54619   493%  85.7 2655s
 5573123 3212296     cutoff   91         0.93501    5.54543   493%  85.8 2660s
 5584646 3218503     cutoff  100         0.93501    5.54433   493%  85.8 2665s
 5593744 3224851    0.98438   97  116    0.93501    5.54385   493%  85.8 2670s
 5603580 3231710    3.80790   76  298    0.93501    5.54341   493%  85.8 2675s
 5615154 3237256    4.53131   65  262    0.93501    5.54274   493%  85.8 2680s
H5621539 3239660                       0.9350279    5.54228   493%  85.8 2682s
 5624714 3242902    5.29426   57  203    0.93503    5.54191   493%  85.8 2685s
 5637510 3251000    1.15883   94  206    0.93503    5.54092   493%  85.8 2691s
 5646731 3256322    1.02859  112  171    0.93503    5.54049   493%  85.8 2696s
 5656462 3262422 infeasible   69         0.93503    5.54001   492%  85.8 2700s
 5667123 3267249    1.60158   71  199    0.93503    5.53921   492%  85.9 2705s
 5676403 3272942    1.01411   79  107    0.93503    5.53877   492%  85.9 2710s
 5683641 3275776    1.02154   95  159    0.93503    5.53811   492%  85.9 2715s
 5692026 3281893    1.98742   80  297    0.93503    5.53766   492%  85.9 2720s
 5701748 3288537    3.77035   69  241    0.93503    5.53686   492%  85.9 2725s
 5715186 3296422    1.90682   60  202    0.93503    5.53570   492%  85.9 2731s
 5725582 3301281    1.17917   96  146    0.93503    5.53478   492%  85.9 2735s
 5733851 3307059    1.65752   70  217    0.93503    5.53410   492%  85.9 2740s
 5746879 3315085    1.03950   85  265    0.93503    5.53339   492%  85.9 2745s
 5756628 3320020    1.24263  101  212    0.93503    5.53281   492%  85.9 2750s
 5768779 3327305     cutoff   72         0.93503    5.53196   492%  85.9 2756s
 5777847 3333027    1.73956   81  231    0.93503    5.53107   492%  85.9 2760s
 5787181 3339217    1.54798   82  224    0.93503    5.53044   491%  85.9 2765s
 5797889 3343347    1.30026   77  243    0.93503    5.52955   491%  86.0 2770s
 5802779 3347102    1.05389   82  255    0.93503    5.52922   491%  86.0 2775s
 5814624 3352581    2.12107   75  243    0.93503    5.52849   491%  86.0 2780s
 5824049 3358534    1.07542   91  224    0.93503    5.52765   491%  86.0 2785s
 5837226 3365706    0.96163  102  199    0.93503    5.52677   491%  86.0 2791s
 5847381 3370643    2.55125   80  256    0.93503    5.52605   491%  86.0 2796s
 5857942 3375601    1.13400   85  208    0.93503    5.52495   491%  86.0 2800s
 5871048 3382344    2.11744   63  238    0.93503    5.52384   491%  86.0 2806s
 5877330 3386127    1.12213   90  161    0.93503    5.52349   491%  86.0 2810s
 5891334 3393915    1.20558  104  127    0.93503    5.52213   491%  86.1 2816s
 5900557 3400149    1.45549   67  210    0.93503    5.52141   491%  86.1 2820s
 5911317 3404956    1.23335   71  197    0.93503    5.52079   490%  86.1 2825s
 5920568 3411464    4.98574   67  208    0.93503    5.52012   490%  86.1 2830s
 5933440 3418721 infeasible   70         0.93503    5.51926   490%  86.1 2836s
 5943397 3424495    0.95971   92  217    0.93503    5.51857   490%  86.1 2840s
 5956549 3431143    3.03278   68  249    0.93503    5.51740   490%  86.1 2846s
 5966114 3437389     cutoff   97         0.93503    5.51649   490%  86.1 2850s
 5979754 3444525    4.35458   74  286    0.93503    5.51523   490%  86.1 2856s
 5989304 3449413    3.72510   66  236    0.93503    5.51453   490%  86.1 2860s
 6001770 3457000    0.93651  112  157    0.93503    5.51346   490%  86.1 2866s
 6011916 3463043     cutoff  103         0.93503    5.51273   490%  86.1 2870s
 6022296 3468216    2.19452   74  245    0.93503    5.51201   490%  86.1 2875s
 6034545 3473783    1.48345   78  216    0.93503    5.51076   489%  86.2 2881s
 6043240 3479298    1.00948  100  143    0.93503    5.51010   489%  86.2 2885s
 6052281 3484754     cutoff   80         0.93503    5.50954   489%  86.2 2890s
 6063358 3490846    1.08996   91  157    0.93503    5.50884   489%  86.2 2895s
 6076420 3498424    0.98635   72  155    0.93503    5.50766   489%  86.2 2900s
 6086461 3502741    1.03181   98  197    0.93503    5.50691   489%  86.2 2905s
 6092896 3509252    1.68720   92  261    0.93503    5.50650   489%  86.2 2911s
 6106234 3516052    1.22345   83  247    0.93503    5.50544   489%  86.2 2916s
 6117983 3522523    1.45769   70  247    0.93503    5.50447   489%  86.2 2921s
 6127791 3527228    1.00340   81  238    0.93503    5.50384   489%  86.2 2925s
 6136158 3532441    1.02832   84  201    0.93503    5.50321   489%  86.2 2930s
 6149842 3539869    2.52340   59  204    0.93503    5.50180   488%  86.3 2936s
 6159959 3545497    4.99574   60  258    0.93503    5.50089   488%  86.3 2941s
 6169722 3550061    2.05914   74  248    0.93503    5.50020   488%  86.3 2946s
 6179956 3555817    1.66285   81  204    0.93503    5.49956   488%  86.3 2951s
 6189151 3560916    1.14629   90  138    0.93503    5.49871   488%  86.3 2955s
 6202243 3568072 infeasible   90         0.93503    5.49766   488%  86.3 2960s
 6210110 3573411    0.93545   92  203    0.93503    5.49709   488%  86.3 2965s
 6221106 3579045    1.61486   78  150    0.93503    5.49606   488%  86.3 2970s
 6234267 3585803     cutoff   91         0.93503    5.49515   488%  86.3 2976s
 6243001 3591230    1.13483  102  229    0.93503    5.49438   488%  86.3 2981s
 6253055 3597018    2.58510   69  236    0.93503    5.49371   488%  86.3 2985s
 6265630 3604176    1.71531   73  220    0.93503    5.49281   487%  86.3 2991s
 6274762 3609243    2.54007   65  226    0.93503    5.49206   487%  86.3 2996s
 6284072 3614712    4.70225   67  254    0.93503    5.49149   487%  86.3 3000s
 6293240 3620375    3.07216   85  201    0.93503    5.49110   487%  86.3 3005s
 6303041 3626916    1.66890   79  220    0.93503    5.49031   487%  86.4 3010s
 6313346 3632153    1.08903  105  149    0.93503    5.48979   487%  86.4 3015s
 6322468 3637814    4.20718   72  272    0.93503    5.48901   487%  86.4 3020s
 6334941 3644746 infeasible   77         0.93503    5.48813   487%  86.4 3025s
 6347613 3652109    1.49753   84  231    0.93503    5.48719   487%  86.4 3031s
 6352810 3654622    0.95455   94  137    0.93503    5.48708   487%  86.4 3036s
 6362809 3661413    1.21619   79  243    0.93503    5.48620   487%  86.4 3041s
 6374495 3666601    1.89275   85  181    0.93503    5.48534   487%  86.4 3046s
 6383480 3672363    1.68663   76  195    0.93503    5.48471   487%  86.4 3051s
 6392744 3679426    1.08117  106  170    0.93503    5.48429   487%  86.4 3055s
 6403149 3683939    1.91859   70  261    0.93503    5.48348   486%  86.4 3060s
 6413583 3689277    3.67048   77  229    0.93503    5.48286   486%  86.4 3065s
 6425609 3696004    1.41705   84  249    0.93503    5.48187   486%  86.5 3071s
 6435535 3699638    2.21762   68  210    0.93503    5.48125   486%  86.5 3076s
 6444513 3705020     cutoff   94         0.93503    5.48071   486%  86.5 3081s
 6453767 3709957    1.71450   82  216    0.93503    5.48031   486%  86.5 3085s
 6462505 3715864    2.19545   76  209    0.93503    5.47985   486%  86.5 3090s
 6472579 3721609 infeasible   91         0.93503    5.47925   486%  86.5 3095s
 6481747 3726463    1.53145   72  275    0.93503    5.47858   486%  86.5 3100s
 6493500 3731901     cutoff   93         0.93503    5.47765   486%  86.6 3105s
 6502532 3737976    4.59458   53  220    0.93503    5.47695   486%  86.6 3110s
 6517076 3745485 infeasible   91         0.93503    5.47580   486%  86.6 3116s
 6527306 3750598    5.35751   60  246    0.93503    5.47502   486%  86.6 3120s
 6539441 3758785    1.25787   77  183    0.93503    5.47462   486%  86.6 3126s
 6549454 3763694    1.96915   62  192    0.93503    5.47388   485%  86.6 3131s
 6558626 3769829    1.46340   82  247    0.93503    5.47295   485%  86.6 3136s
 6568918 3775092    0.96861  114  142    0.93503    5.47235   485%  86.6 3140s
 6579644 3781094    2.58404   69  248    0.93503    5.47136   485%  86.6 3145s
 6588457 3787203    1.75715   66  243    0.93503    5.47086   485%  86.6 3150s
 6601657 3793705    5.25974   61  226    0.93503    5.46992   485%  86.7 3156s
 6611267 3799018    1.63833   79  162    0.93503    5.46933   485%  86.7 3161s
 6621504 3804802    3.34369   65  242    0.93503    5.46826   485%  86.7 3165s
 6630926 3810274    1.00645   99  208    0.93503    5.46774   485%  86.7 3170s
 6643554 3816571 infeasible   63         0.93503    5.46681   485%  86.7 3176s
 6649843 3818881    1.99593   57  201    0.93503    5.46647   485%  86.7 3181s
 6659085 3824986    5.31150   64  252    0.93503    5.46574   485%  86.7 3186s
 6665985 3828597    1.31506   82  230    0.93503    5.46518   484%  86.7 3190s
 6678963 3835895    3.16544   74  273    0.93503    5.46433   484%  86.7 3196s
 6689414 3840943    1.06968   88  225    0.93503    5.46357   484%  86.7 3201s
 6699074 3847025    1.26327   95  187    0.93503    5.46281   484%  86.8 3205s
 6709444 3852174    4.94500   63  229    0.93503    5.46195   484%  86.8 3210s
 6718175 3858248    1.34502   86  239    0.93503    5.46121   484%  86.8 3215s
 6727810 3864410    1.27399   75  230    0.93503    5.46092   484%  86.8 3220s
 6738381 3870215 infeasible   75         0.93503    5.46032   484%  86.8 3225s
 6751207 3876738    1.71656   89  125    0.93503    5.45931   484%  86.8 3231s
 6758256 3881026    1.53513   86  252    0.93503    5.45874   484%  86.8 3235s
 6767596 3885250    1.45423   87  287    0.93503    5.45827   484%  86.8 3240s
 6775592 3892297    1.26607   89  119    0.93503    5.45806   484%  86.8 3246s
 6784923 3898573    1.07179   92  190    0.93503    5.45745   484%  86.9 3251s
 6793473 3904279    2.13980   83  184    0.93503    5.45715   484%  86.9 3256s
 6803876 3909135    1.02127   79  256    0.93503    5.45647   484%  86.9 3260s
 6813136 3915909    1.80807   68  164    0.93503    5.45583   483%  86.9 3265s
 6824157 3921874    1.52359   82  196    0.93503    5.45537   483%  86.9 3270s
 6833949 3927803    3.33003   61  256    0.93503    5.45425   483%  86.9 3275s
 6843285 3933051    1.47741   77  267    0.93503    5.45400   483%  86.9 3280s
 6851900 3938447    2.62319   87  219    0.93503    5.45367   483%  86.9 3285s
 6865561 3946137    1.05516   89  225    0.93503    5.45273   483%  86.9 3291s
 6875586 3951463    3.75066   65  233    0.93503    5.45201   483%  86.9 3295s
 6885407 3956344    1.04560   95  168    0.93503    5.45139   483%  87.0 3300s
 6898084 3963695     cutoff  104         0.93503    5.45075   483%  87.0 3305s
 6906845 3969563    1.02197   70  186    0.93503    5.44991   483%  87.0 3310s
 6917235 3975876    1.37617   84  226    0.93503    5.44917   483%  87.0 3315s
 6929471 3982795     cutoff   92         0.93503    5.44842   483%  87.0 3321s
 6940220 3988741    0.95549   77  170    0.93503    5.44781   483%  87.0 3326s
 6946652 3991338 infeasible   59         0.93503    5.44738   483%  87.0 3331s
 6950774 3995588     cutoff   92         0.93503    5.44710   483%  87.0 3335s
 6962936 4000577 infeasible   79         0.93503    5.44612   482%  87.0 3340s
 6973756 4005952     cutoff   85         0.93503    5.44518   482%  87.0 3345s
 6986269 4012911     cutoff   97         0.93503    5.44442   482%  87.0 3350s
 6995091 4018289     cutoff   90         0.93503    5.44400   482%  87.0 3355s
 7005739 4024015    1.04125   84  184    0.93503    5.44317   482%  87.1 3360s
 7016028 4029456    1.31811   79  221    0.93503    5.44253   482%  87.1 3365s
 7028405 4036402    1.67903   67  225    0.93503    5.44158   482%  87.1 3371s
 7037774 4040908     cutoff   86         0.93503    5.44109   482%  87.1 3376s
 7047926 4046749    3.64819   65  225    0.93503    5.44039   482%  87.1 3380s
 7058277 4051670 infeasible   94         0.93503    5.43942   482%  87.1 3385s
 7067365 4056597     cutoff   88         0.93503    5.43907   482%  87.1 3390s
 7076793 4062224    1.92107   62  210    0.93503    5.43843   482%  87.1 3395s
 7087941 4067613    1.28023   82  237    0.93503    5.43836   482%  87.1 3400s
 7100885 4074653    1.46948   82  280    0.93503    5.43745   482%  87.1 3406s
 7110083 4079499 infeasible   57         0.93503    5.43674   481%  87.2 3410s
 7119337 4085215    1.13607   73  189    0.93503    5.43626   481%  87.2 3415s
 7131776 4092923    1.65455   72  238    0.93503    5.43557   481%  87.2 3421s
 7141901 4098324     cutoff   86         0.93503    5.43501   481%  87.2 3425s
 7151447 4105016    1.40664   81  151    0.93503    5.43458   481%  87.2 3431s
 7162217 4109685    1.82087   63  224    0.93503    5.43399   481%  87.2 3435s
 7171693 4115564    0.94065  114  158    0.93503    5.43343   481%  87.2 3440s
 7181161 4120872    1.33223   97  174    0.93503    5.43265   481%  87.2 3445s
 7190742 4127032    1.05928   81  158    0.93503    5.43226   481%  87.2 3450s
 7203534 4134335    2.43657   68  276    0.93503    5.43179   481%  87.2 3456s
 7213419 4139258    1.07744   77  171    0.93503    5.43107   481%  87.3 3460s
 7222125 4145193 infeasible   92         0.93503    5.43062   481%  87.3 3465s
 7232717 4150874    3.93299   75  309    0.93503    5.43007   481%  87.3 3470s
 7243275 4156635    3.58669   68  244    0.93503    5.42926   481%  87.3 3475s
 7247339 4158894    1.18629   81  192    0.93503    5.42926   481%  87.3 3480s
 7258152 4166304    2.03888   72  234    0.93503    5.42865   481%  87.3 3485s
 7269476 4172044 infeasible   84         0.93503    5.42811   481%  87.3 3491s
 7278700 4177753    1.65674   67  240    0.93503    5.42735   480%  87.3 3495s
 7289377 4183559    1.88945   85  204    0.93503    5.42699   480%  87.3 3500s
 7301932 4190695    1.11334   82  197    0.93503    5.42621   480%  87.3 3506s
 7310737 4196137    1.34705   89  200    0.93503    5.42562   480%  87.3 3511s
 7320011 4200622 infeasible   82         0.93503    5.42507   480%  87.3 3515s
 7329759 4205950    1.12292   90  253    0.93503    5.42450   480%  87.4 3520s
 7339423 4211319    0.99245   86  185    0.93503    5.42410   480%  87.4 3525s
 7349754 4217181    0.95080  114  159    0.93503    5.42354   480%  87.4 3530s
 7360628 4223288    1.09119  100  291    0.93503    5.42275   480%  87.4 3535s
 7373385 4230511    1.52793   73  249    0.93503    5.42212   480%  87.4 3541s
 7382852 4236390    1.04242   94  203    0.93503    5.42141   480%  87.4 3545s
 7395024 4243542    1.76193   73  257    0.93503    5.42070   480%  87.4 3551s
 7405241 4248516    3.82112   78  252    0.93503    5.41982   480%  87.4 3556s
 7414426 4253687    4.11543   68  262    0.93503    5.41924   480%  87.4 3561s
 7425665 4258664    1.07087   85  224    0.93503    5.41853   480%  87.4 3566s
 7434910 4262660    3.54119   65  252    0.93503    5.41791   479%  87.4 3571s
 7444893 4268873    1.13957   87  232    0.93503    5.41725   479%  87.4 3576s
 7454832 4273926    1.06331   93  169    0.93503    5.41664   479%  87.5 3580s
 7465233 4278926    1.75957   73  262    0.93503    5.41641   479%  87.5 3585s
 7475041 4284829 infeasible   95         0.93503    5.41573   479%  87.5 3590s
 7487140 4293301    1.48367   79  238    0.93503    5.41517   479%  87.5 3596s
 7497308 4298916    1.50181   77  247    0.93503    5.41458   479%  87.5 3600s
 7507252 4303995     cutoff   92         0.93503    5.41394   479%  87.5 3605s
 7515728 4309339    2.79239   80  227    0.93503    5.41355   479%  87.5 3610s
 7525722 4313873    3.76693   66  256    0.93503    5.41309   479%  87.5 3615s
 7530412 4316818    5.26531   73  282    0.93503    5.41279   479%  87.5 3620s
 7540156 4323294    1.07244   82  166    0.93503    5.41213   479%  87.5 3625s
 7550346 4328057     cutoff   84         0.93503    5.41156   479%  87.5 3630s
 7563065 4335524    2.69564   68  238    0.93503    5.41096   479%  87.5 3636s
 7572009 4340619    2.74156   78  280    0.93503    5.41038   479%  87.6 3640s
 7581596 4346230    5.13890   57  235    0.93503    5.40993   479%  87.6 3645s
 7590510 4351061    2.90538   75  270    0.93503    5.40921   479%  87.6 3650s
 7603334 4358092    1.31856   81  215    0.93503    5.40844   478%  87.6 3656s
H7607331 4341670                       0.9467468    5.40822   471%  87.6 3658s
H7609314 4343027                       0.9469229    5.40819   471%  87.6 3659s
H7609443 4342951                       0.9469540    5.40819   471%  87.6 3660s
H7609778 4342832                       0.9470384    5.40819   471%  87.6 3660s
H7612570 4344130                       0.9470562    5.40791   471%  87.6 3661s
 7618144 4347511    0.96657   92  190    0.94706    5.40761   471%  87.6 3665s
H7619000 4347486                       0.9470731    5.40761   471%  87.6 3665s
H7621632 4349103                       0.9471093    5.40739   471%  87.6 3667s
H7622505 4348898                       0.9472201    5.40727   471%  87.6 3667s
 7626557 4353200     cutoff   88         0.94722    5.40688   471%  87.6 3670s
 7637312 4357913     cutoff   64         0.94722    5.40651   471%  87.6 3675s
 7646533 4364146    1.45558   75  251    0.94722    5.40596   471%  87.6 3680s
H7649291 4364144                       0.9472229    5.40592   471%  87.6 3680s
 7657701 4370177    1.43665   76  170    0.94722    5.40547   471%  87.6 3685s
H7658439 4370144                       0.9472380    5.40547   471%  87.6 3685s
 7666847 4375794    1.49795   89  189    0.94724    5.40490   471%  87.6 3690s
 7677555 4381417    1.76813   75  226    0.94724    5.40397   470%  87.6 3695s
 7689977 4388654    2.56398   81  213    0.94724    5.40342   470%  87.7 3701s
 7698543 4394876    1.41011   88  195    0.94724    5.40289   470%  87.7 3705s
 7708181 4400429    1.32027   90  215    0.94724    5.40232   470%  87.7 3710s
 7719190 4406180    2.13463   72  237    0.94724    5.40157   470%  87.7 3715s
 7728766 4411655     cutoff   98         0.94724    5.40124   470%  87.7 3720s
 7741001 4418699    0.98827   95  215    0.94724    5.40037   470%  87.7 3726s
H7748073 4420635                       0.9472992    5.40000   470%  87.7 3729s
 7750049 4422759     cutoff   87         0.94730    5.39986   470%  87.7 3731s
H7755533 4424338                       0.9473799    5.39965   470%  87.7 3733s
 7755904 4426129    3.05561   62  228    0.94738    5.39965   470%  87.7 3735s
H7756982 4425936                       0.9474783    5.39959   470%  87.7 3735s
H7761354 4426992                       0.9474871    5.39938   470%  87.7 3737s
 7766309 4430352    1.07866   85  196    0.94749    5.39890   470%  87.7 3740s
 7779044 4438949    0.95501   92  187    0.94749    5.39825   470%  87.7 3746s
 7788672 4445048     cutoff   80         0.94749    5.39776   470%  87.7 3751s
 7799000 4450167    1.19140   89  196    0.94749    5.39718   470%  87.7 3755s
H7799444 4450038                       0.9475534    5.39718   470%  87.7 3756s
 7802215 4459890    3.32184   64  246    0.94755    5.39703   470%  87.8 3764s
 7818418 4463003    0.99803   76  221    0.94755    5.39619   469%  87.8 3766s
 7823839 4464759    1.47967   82  215    0.94755    5.39566   469%  87.8 3770s
 7835226 4471126    3.89174   75  290    0.94755    5.39492   469%  87.8 3775s
H7845822 4476270                       0.9475597    5.39476   469%  87.8 3780s
H7855581 4475222                       0.9507836    5.39408   467%  87.8 3784s
 7856626 4476958    3.75448   72  246    0.95078    5.39400   467%  87.8 3786s
H7857661 4476940                       0.9507959    5.39400   467%  87.8 3786s
H7860205 4477992                       0.9509215    5.39372   467%  87.8 3788s
H7864523 4480088                       0.9509218    5.39359   467%  87.8 3789s
H7865025 4480081                       0.9509241    5.39359   467%  87.8 3790s
 7874756 4487620    1.59355   78  164    0.95092    5.39295   467%  87.8 3796s
 7885288 4492465    1.45216   79  226    0.95092    5.39218   467%  87.8 3801s
H7888151 4492397                       0.9509607    5.39217   467%  87.8 3801s
 7894959 4497578     cutoff   99         0.95096    5.39170   467%  87.8 3806s
H7900461 4499613                       0.9509643    5.39146   467%  87.8 3808s
 7904027 4502601    5.29915   69  256    0.95096    5.39118   467%  87.8 3811s
 7914018 4507451    1.33704   91  176    0.95096    5.39051   467%  87.8 3815s
 7923683 4512691    2.14868   78  205    0.95096    5.39001   467%  87.8 3820s
 7934701 4518853    1.64544   81  145    0.95096    5.38949   467%  87.8 3825s
 7943654 4524588    1.48127   80  187    0.95096    5.38905   467%  87.8 3830s
 7953817 4529462     cutoff   92         0.95096    5.38847   467%  87.8 3835s
 7964022 4534575     cutoff   91         0.95096    5.38795   467%  87.9 3840s
H7967594 4535945                       0.9509807    5.38764   467%  87.9 3841s
 7976148 4541221 infeasible   88         0.95098    5.38701   466%  87.9 3846s
 7982929 4544366    0.96801   91  176    0.95098    5.38671   466%  87.9 3850s
 7996259 4551824    2.45972   77  183    0.95098    5.38584   466%  87.9 3856s
 8007035 4557473     cutoff   85         0.95098    5.38545   466%  87.9 3860s
 8015841 4562538    2.24201   70  256    0.95098    5.38480   466%  87.9 3865s
 8025356 4567717     cutoff  100         0.95098    5.38426   466%  87.9 3870s
 8038234 4576478    2.96822   73  270    0.95098    5.38371   466%  87.9 3876s
 8047339 4580677    2.65353   63  200    0.95098    5.38346   466%  87.9 3880s
 8057046 4585393 infeasible   84         0.95098    5.38295   466%  87.9 3885s
 8069555 4593169    3.35943   64  246    0.95098    5.38215   466%  87.9 3890s
 8080024 4598895    1.03052   89  214    0.95098    5.38154   466%  87.9 3895s
 8093147 4606312     cutoff   88         0.95098    5.38101   466%  87.9 3900s
 8102649 4612741    1.83242   85  245    0.95098    5.38030   466%  87.9 3905s
 8115064 4620019 infeasible   64         0.95098    5.37988   466%  88.0 3911s
 8125387 4624648    1.68933   80  256    0.95098    5.37910   466%  88.0 3916s
 8132470 4630822    2.59252   72  218    0.95098    5.37867   466%  88.0 3923s
 8139800 4634698     cutoff   93         0.95098    5.37832   466%  88.0 3926s
 8154335 4641190     cutoff   82         0.95098    5.37780   465%  88.0 3931s
 8165594 4646603    4.47645   70  261    0.95098    5.37677   465%  88.0 3936s
 8174355 4652407    2.79398   81  233    0.95098    5.37629   465%  88.0 3940s
H8183214 4656184                       0.9509833    5.37596   465%  88.0 3944s
 8183786 4657667     cutoff   88         0.95098    5.37590   465%  88.0 3945s
 8196253 4665089    1.09379   94  153    0.95098    5.37521   465%  88.0 3951s
 8205026 4670303     cutoff   87         0.95098    5.37477   465%  88.0 3956s
 8214975 4675467    1.31508   97  203    0.95098    5.37411   465%  88.0 3960s
 8224842 4681345    4.38559   61  220    0.95098    5.37371   465%  88.1 3965s
 8238669 4689340     cutoff   98         0.95098    5.37290   465%  88.1 3971s
 8247670 4694592    1.70544   73  220    0.95098    5.37227   465%  88.1 3976s
 8257811 4699330    4.05864   63  200    0.95098    5.37156   465%  88.1 3980s
 8266884 4704211     cutoff   98         0.95098    5.37115   465%  88.1 3985s
 8279106 4710853    3.70611   76  298    0.95098    5.37054   465%  88.1 3991s
 8288161 4717173    1.09132   70  183    0.95098    5.36986   465%  88.1 3996s
 8298710 4722456 infeasible   98         0.95098    5.36933   465%  88.1 4001s
 8307983 4727134    2.66507   66  230    0.95098    5.36872   465%  88.1 4005s
 8318057 4732164    1.67585   73  234    0.95098    5.36819   464%  88.1 4010s
 8327975 4738330    4.90836   71  224    0.95098    5.36750   464%  88.1 4015s
 8341099 4745409     cutoff   84         0.95098    5.36671   464%  88.1 4021s
 8350639 4750947    1.54107   77  225    0.95098    5.36642   464%  88.2 4025s
 8359443 4756942    1.45769   83  253    0.95098    5.36601   464%  88.2 4030s
 8369671 4762517     cutoff  104         0.95098    5.36562   464%  88.2 4035s
 8383227 4769843    1.73921   73  206    0.95098    5.36474   464%  88.2 4041s
 8392940 4775736     cutoff   93         0.95098    5.36427   464%  88.2 4046s
 8402327 4781433    2.26370   71  213    0.95098    5.36363   464%  88.2 4051s
 8406492 4790774    1.82532   74  205    0.95098    5.36341   464%  88.2 4059s
 8421569 4793984    3.64076   74  271    0.95098    5.36290   464%  88.2 4061s
 8435299 4800779    3.98363   75  250    0.95098    5.36201   464%  88.2 4066s
 8444852 4806281    1.77156   95  201    0.95098    5.36134   464%  88.2 4070s
 8454081 4810702     cutoff   89         0.95098    5.36092   464%  88.2 4075s
 8466360 4818490    1.97913   83  237    0.95098    5.36023   464%  88.3 4081s
 8476319 4824758    1.59975   73  228    0.95098    5.35989   464%  88.3 4086s
 8486594 4829989    1.04541   95  202    0.95098    5.35932   464%  88.3 4090s
 8495402 4835848    0.96508   82  155    0.95098    5.35896   464%  88.3 4095s
 8504831 4841723    1.73599   72  191    0.95098    5.35857   463%  88.3 4100s
 8514482 4848165    1.36713   80  208    0.95098    5.35810   463%  88.3 4105s
 8525135 4854097 infeasible   81         0.95098    5.35763   463%  88.3 4110s
 8534890 4859903    1.08136   86  204    0.95098    5.35738   463%  88.3 4115s
 8545455 4866099    1.51565   71  192    0.95098    5.35675   463%  88.3 4120s
 8557485 4872670    1.27610   89  181    0.95098    5.35603   463%  88.3 4126s
 8568685 4877600    3.10368   62  233    0.95098    5.35526   463%  88.3 4131s
 8577701 4882909    2.89280   88  262    0.95098    5.35475   463%  88.4 4136s
 8587990 4888316 infeasible   91         0.95098    5.35432   463%  88.4 4140s
 8596898 4894196     cutoff   87         0.95098    5.35382   463%  88.4 4145s
 8609619 4900017    1.08682   92  191    0.95098    5.35319   463%  88.4 4151s
 8618817 4905911 infeasible   66         0.95098    5.35288   463%  88.4 4156s
 8628159 4911373    1.70439   71  213    0.95098    5.35243   463%  88.4 4161s
 8638175 4917625    1.32323   76  272    0.95098    5.35201   463%  88.4 4165s
 8651048 4924359    3.71699   66  238    0.95098    5.35135   463%  88.4 4171s
 8660771 4929570    3.38585   62  232    0.95098    5.35076   463%  88.4 4175s
 8670935 4934309    1.30860   83  193    0.95098    5.35016   463%  88.4 4180s
 8680143 4940636     cutoff   94         0.95098    5.34962   463%  88.4 4185s
 8694029 4947289    1.32989   91  231    0.95098    5.34903   462%  88.4 4191s
 8698303 4950320    5.18382   59  240    0.95098    5.34889   462%  88.5 4196s
 8706422 4954733    2.52079   67  185    0.95098    5.34865   462%  88.5 4200s
 8716296 4961334    3.02081   69  200    0.95098    5.34818   462%  88.5 4205s
 8729773 4969576    1.59082   71  243    0.95098    5.34762   462%  88.5 4211s
 8740060 4974074    0.99021   93  142    0.95098    5.34699   462%  88.5 4215s
 8749079 4978803    4.90639   71  273    0.95098    5.34650   462%  88.5 4220s
 8757733 4984422    1.94375   71  214    0.95098    5.34621   462%  88.5 4225s
 8770895 4991923    1.33395   78  231    0.95098    5.34547   462%  88.5 4231s
 8779866 4996835    2.21231   68  236    0.95098    5.34513   462%  88.5 4235s
 8788714 5002167    2.93740   74  192    0.95098    5.34452   462%  88.5 4240s
 8802170 5009599    1.42425   83  172    0.95098    5.34394   462%  88.5 4246s
 8811031 5015169    1.88871   69  207    0.95098    5.34354   462%  88.5 4250s
 8819631 5020683    3.77690   72  267    0.95098    5.34322   462%  88.5 4255s
 8829637 5025962    1.19228   88  203    0.95098    5.34263   462%  88.6 4260s
 8839236 5031165    1.54878   87  228    0.95098    5.34208   462%  88.6 4265s
 8847410 5036799    3.99236   71  283    0.95098    5.34184   462%  88.6 4270s
 8860600 5041137    1.00198   85  168    0.95098    5.34109   462%  88.6 4276s
 8860642 5058902     cutoff   86         0.95098    5.34109   462%  88.6 4287s
 8896360 5062917    1.95917   76  204    0.95098    5.33931   461%  88.6 4290s
 8909133 5069169 infeasible   67         0.95098    5.33861   461%  88.6 4296s
 8918258 5074468    1.32576   80  189    0.95098    5.33808   461%  88.6 4300s
 8928457 5080180    2.31554   66  219    0.95098    5.33763   461%  88.6 4305s
 8941004 5088030    2.81836   62  254    0.95098    5.33706   461%  88.6 4311s
 8950404 5093622    1.15234   91  191    0.95098    5.33680   461%  88.7 4315s
 8959355 5098474    5.02056   73  276    0.95098    5.33654   461%  88.7 4320s
 8971252 5106336    1.07828   81  246    0.95098    5.33588   461%  88.7 4326s
 8976430 5109627    1.28698   85  192    0.95098    5.33577   461%  88.7 4331s
 8983962 5113780    1.13649   81  208    0.95098    5.33539   461%  88.7 4335s
 8996895 5119378    2.52505   68  254    0.95098    5.33485   461%  88.7 4341s
 9005414 5125083    3.73934   73  271    0.95098    5.33429   461%  88.7 4345s
 9015460 5129578    1.68199   71  244    0.95098    5.33377   461%  88.7 4350s
 9025256 5134921    1.80359   64  204    0.95098    5.33337   461%  88.7 4355s
H9033601 5122800                       0.9582807    5.33294   457%  88.7 4358s
 9034669 5123892    1.07237   90  250    0.95828    5.33286   457%  88.7 4360s
H9041337 5126011                       0.9582812    5.33260   456%  88.7 4362s
 9044430 5129514    1.31281   74  168    0.95828    5.33234   456%  88.7 4365s
H9045818 5129473                       0.9583040    5.33233   456%  88.7 4365s
 9055601 5134707    1.94908   89  230    0.95830    5.33175   456%  88.8 4370s
 9064677 5139639    1.59989   81  258    0.95830    5.33094   456%  88.8 4375s
 9075117 5145186    3.39816   82  245    0.95830    5.33040   456%  88.8 4380s
 9084552 5151234    1.23225   95  167    0.95830    5.33014   456%  88.8 4385s
 9097278 5158411    1.29355   84  255    0.95830    5.32956   456%  88.8 4391s
 9106635 5163817     cutoff  108         0.95830    5.32918   456%  88.8 4395s
H9114162 5167840                       0.9583273    5.32890   456%  88.8 4399s
 9116550 5169562    2.56010   82  197    0.95833    5.32861   456%  88.8 4400s
 9126636 5174249    3.70088   65  219    0.95833    5.32816   456%  88.8 4405s
 9136984 5179906    2.36858   77  224    0.95833    5.32747   456%  88.8 4410s
 9150828 5187648    1.63089   82  241    0.95833    5.32668   456%  88.9 4415s
 9160187 5193058    1.38069   88  230    0.95833    5.32626   456%  88.9 4420s
 9170348 5197577     cutoff   76         0.95833    5.32559   456%  88.9 4425s
H9180920 5203519                       0.9583394    5.32523   456%  88.9 4429s
 9182245 5204935    2.39534   83  215    0.95834    5.32514   456%  88.9 4431s
 9190196 5208233    4.04027   62  244    0.95834    5.32462   456%  88.9 4436s
 9198579 5213730    0.97332   73  186    0.95834    5.32420   456%  88.9 4441s
 9208271 5219654     cutoff   91         0.95834    5.32372   456%  88.9 4446s
 9218656 5225999    1.20219   84  215    0.95834    5.32307   455%  88.9 4451s
 9228786 5231057    2.17725   70  197    0.95834    5.32259   455%  88.9 4455s
 9238455 5235850     cutoff   98         0.95834    5.32195   455%  88.9 4460s
 9248780 5240483    2.91378   67  231    0.95834    5.32135   455%  88.9 4465s
 9258706 5246522 infeasible   68         0.95834    5.32088   455%  88.9 4470s
 9268957 5253214    3.56598   72  297    0.95834    5.32048   455%  89.0 4475s
 9281688 5260701     cutoff   97         0.95834    5.31997   455%  89.0 4481s
 9291847 5265299    1.09415   76  229    0.95834    5.31948   455%  89.0 4485s
 9300094 5270391    1.03573   73  196    0.95834    5.31924   455%  89.0 4490s
 9310202 5275866    0.96390   87  199    0.95834    5.31880   455%  89.0 4495s
 9320420 5281242    1.74209   72  204    0.95834    5.31821   455%  89.0 4500s
 9330165 5287208    1.07286   84  175    0.95834    5.31787   455%  89.0 4505s
 9340499 5292923     cutoff   94         0.95834    5.31719   455%  89.0 4510s
 9353047 5300532    2.02155   67  239    0.95834    5.31668   455%  89.0 4516s
 9363833 5305256     cutoff   83         0.95834    5.31622   455%  89.0 4521s
 9373680 5311649    1.64077   83  191    0.95834    5.31566   455%  89.0 4526s
 9382864 5317596    1.38581   88  227    0.95834    5.31527   455%  89.1 4531s
 9393390 5323334 infeasible   78         0.95834    5.31472   455%  89.1 4536s
 9402960 5329297    1.35583   86  217    0.95834    5.31427   455%  89.1 4541s
 9413450 5333855    1.41894   92  233    0.95834    5.31369   454%  89.1 4546s
 9421843 5337988 infeasible   68         0.95834    5.31326   454%  89.1 4550s
 9430868 5343713    1.22070   90  207    0.95834    5.31285   454%  89.1 4555s
 9441112 5348723    2.60775   84  219    0.95834    5.31226   454%  89.1 4560s
 9450602 5353819    1.80117   70  264    0.95834    5.31182   454%  89.1 4565s
 9460398 5357901    1.55713   82  191    0.95834    5.31126   454%  89.1 4570s
 9464936 5362336    1.18260   78  156    0.95834    5.31098   454%  89.1 4575s
 9478389 5369270    1.12160   96  158    0.95834    5.31018   454%  89.1 4581s
H9487611 5373220                       0.9583418    5.30994   454%  89.1 4585s
 9498280 5380874    1.60822   76  211    0.95834    5.30941   454%  89.1 4591s
 9507216 5386052    0.99855  110  168    0.95834    5.30912   454%  89.2 4595s
 9516018 5391622    2.13189   62  179    0.95834    5.30867   454%  89.2 4600s
 9525793 5396692    1.09903   84  197    0.95834    5.30812   454%  89.2 4605s
 9538474 5403208 infeasible   79         0.95834    5.30760   454%  89.2 4611s
 9547178 5408174     cutoff   85         0.95834    5.30709   454%  89.2 4616s
 9557115 5413160 infeasible   77         0.95834    5.30662   454%  89.2 4620s
 9566913 5418136     cutoff   90         0.95834    5.30614   454%  89.2 4625s
 9576849 5424498    1.02531  103  267    0.95834    5.30555   454%  89.2 4631s
 9586701 5430426     cutoff   68         0.95834    5.30518   454%  89.2 4635s
 9596949 5435527     cutoff   95         0.95834    5.30455   454%  89.2 4640s
 9605592 5440191    1.17185   80  251    0.95834    5.30415   453%  89.2 4645s
 9616112 5445000 infeasible   72         0.95834    5.30367   453%  89.3 4650s
 9628812 5452858    2.40738   80  242    0.95834    5.30308   453%  89.3 4656s
 9639402 5458052    1.24174   85  196    0.95834    5.30259   453%  89.3 4660s
 9649634 5462722     cutoff   90         0.95834    5.30201   453%  89.3 4666s
 9658702 5468964    4.22481   73  228    0.95834    5.30156   453%  89.3 4671s
H9668854 5472815                       0.9583507    5.30109   453%  89.3 4674s
 9670116 5474116    3.50952   78  284    0.95835    5.30093   453%  89.3 4676s
 9679142 5480902    1.26587   86  162    0.95835    5.30052   453%  89.3 4681s
 9688240 5485490 infeasible   89         0.95835    5.30029   453%  89.3 4685s
 9698468 5490665    1.41934   81  215    0.95835    5.29987   453%  89.3 4690s
 9708676 5495659    1.67991   73  271    0.95835    5.29929   453%  89.3 4695s
 9717811 5500086    1.81260   74  211    0.95835    5.29874   453%  89.3 4700s
 9731278 5508478    1.91979   77  211    0.95835    5.29813   453%  89.3 4706s
 9741080 5513243    1.06609   96  236    0.95835    5.29778   453%  89.4 4711s
 9750002 5517897 infeasible   77         0.95835    5.29738   453%  89.4 4715s
 9755460 5520243 infeasible   84         0.95835    5.29713   453%  89.4 4721s
 9765474 5527058    1.13852   85  177    0.95835    5.29658   453%  89.4 4726s
H9771520 5522311                       0.9609673    5.29657   451%  89.4 4728s
H9775326 5522541                       0.9617271    5.29621   451%  89.4 4730s
 9782510 5527724    4.94527   64  242    0.96173    5.29574   451%  89.4 4735s
H9785307 5530184                       0.9617545    5.29566   451%  89.4 4737s
 9792004 5533355    5.12001   52  233    0.96175    5.29540   451%  89.4 4740s
 9801987 5539920    4.68067   72  265    0.96175    5.29491   451%  89.4 4745s
H9803947 5539894                       0.9617610    5.29487   451%  89.4 4745s
 9811585 5545083    1.05455   81  240    0.96176    5.29466   451%  89.4 4750s
 9822156 5551199     cutoff   92         0.96176    5.29427   450%  89.4 4755s
 9832474 5556483    1.63615   80  165    0.96176    5.29381   450%  89.4 4760s
 9843402 5561452    2.19835   60  197    0.96176    5.29318   450%  89.4 4766s
 9852378 5567306 infeasible   96         0.96176    5.29276   450%  89.5 4770s
 9862613 5572384    1.17414   82  261    0.96176    5.29216   450%  89.5 4775s
 9871189 5577060    1.06968   85  186    0.96176    5.29186   450%  89.5 4780s
H9880411 5580730                       0.9617710    5.29159   450%  89.5 4783s
 9881097 5580745    1.57139   79  223    0.96177    5.29148   450%  89.5 4785s
 9884801 5584820    1.76483   77  225    0.96177    5.29130   450%  89.5 4790s
 9898938 5591995     cutoff   92         0.96177    5.29049   450%  89.5 4796s
 9908011 5596811    1.33361   93  261    0.96177    5.29007   450%  89.5 4800s
 9916872 5601867    4.42111   69  273    0.96177    5.28954   450%  89.5 4805s
H9918217 5601840                       0.9617822    5.28954   450%  89.5 4805s
 9926759 5606820    4.60066   63  252    0.96178    5.28917   450%  89.5 4810s
 9936394 5613600    1.76579   73  191    0.96178    5.28878   450%  89.5 4815s
H9940967 5614966                       0.9617880    5.28861   450%  89.5 4817s
 9946333 5618656    1.97728   67  250    0.96179    5.28841   450%  89.5 4820s
 9955836 5624707 infeasible   62         0.96179    5.28787   450%  89.5 4825s
 9964655 5628411     cutoff   89         0.96179    5.28743   450%  89.5 4830s
 9977775 5634768    0.99957   84  213    0.96179    5.28701   450%  89.6 4836s
 9987441 5640307    1.08249   90  191    0.96179    5.28669   450%  89.6 4841s
 9997068 5644858     cutoff   89         0.96179    5.28620   450%  89.6 4846s
 10003527 5647334    1.10468   96  215    0.96179    5.28598   450%  89.6 4851s
 10008151 5651922    1.03707   88  230    0.96179    5.28568   450%  89.6 4855s
 10019977 5657018    1.01728   80  174    0.96179    5.28526   450%  89.6 4860s
 10029664 5663463    5.00877   64  280    0.96179    5.28486   449%  89.6 4865s
 10040537 5669256    1.14448   86  193    0.96179    5.28444   449%  89.6 4870s
 10053040 5676119 infeasible   84         0.96179    5.28376   449%  89.6 4876s
 10063805 5681692    1.00221   87  201    0.96179    5.28342   449%  89.6 4881s
 10072944 5687514    5.15036   65  280    0.96179    5.28303   449%  89.6 4886s
 10083268 5692482    1.52139   84  239    0.96179    5.28261   449%  89.7 4890s
 10092301 5698738    1.25642   90  194    0.96179    5.28240   449%  89.7 4895s
 10103003 5703851    1.04196   89  224    0.96179    5.28190   449%  89.7 4900s
 10112492 5709026    1.03906   89  244    0.96179    5.28152   449%  89.7 4905s
 10123086 5714614    1.09901   98  195    0.96179    5.28098   449%  89.7 4910s
 10132374 5720207    1.77024   67  260    0.96179    5.28075   449%  89.7 4915s
 10142072 5726245    1.49458   78  255    0.96179    5.28012   449%  89.7 4920s
 10153157 5730323    1.54744   62  145    0.96179    5.27970   449%  89.7 4925s
 10161985 5736026    1.30489   85  227    0.96179    5.27936   449%  89.7 4930s
 10172018 5741155    4.51577   74  267    0.96179    5.27886   449%  89.7 4935s
 10184699 5748422     cutoff   86         0.96179    5.27825   449%  89.7 4941s
 10194417 5753983    1.01514  104  186    0.96179    5.27778   449%  89.7 4946s
 10205351 5759555    2.85204   72  283    0.96179    5.27739   449%  89.8 4950s
 10214763 5765011     cutoff   65         0.96179    5.27696   449%  89.8 4955s
 10223967 5770421    3.44067   64  229    0.96179    5.27657   449%  89.8 4960s
 10233861 5775973    4.79675   67  233    0.96179    5.27611   449%  89.8 4965s
 10247055 5782002    1.64096   75  182    0.96179    5.27544   449%  89.8 4971s
 10256350 5787319    0.96743   75  190    0.96179    5.27492   448%  89.8 4976s
 10266111 5792002 infeasible   83         0.96179    5.27483   448%  89.8 4980s
 10274539 5797517    1.08156   93  216    0.96179    5.27454   448%  89.8 4985s
 10284761 5803571    1.72137   71  261    0.96179    5.27421   448%  89.8 4990s
 10294126 5809636     cutoff   67         0.96179    5.27358   448%  89.8 4995s
 10307591 5817623    1.59840   83  215    0.96179    5.27313   448%  89.8 5001s
 10317928 5821461    4.17816   69  266    0.96179    5.27280   448%  89.9 5006s
 10322244 5825544    3.28821   74  234    0.96179    5.27266   448%  89.9 5011s
 10330855 5830474    1.05288   87  260    0.96179    5.27228   448%  89.9 5016s
 10340999 5836249    1.45604   78  222    0.96179    5.27192   448%  89.9 5021s
 10351363 5841387    4.73175   62  246    0.96179    5.27136   448%  89.9 5025s
 10361148 5845953    1.33275   81  208    0.96179    5.27101   448%  89.9 5030s
 10373155 5853430    1.03529   80  194    0.96179    5.27036   448%  89.9 5036s
 10383093 5858316    1.79789   66  216    0.96179    5.26984   448%  89.9 5041s
 10393144 5865450    0.97284   83  155    0.96179    5.26945   448%  89.9 5046s
 10402843 5870615    5.00366   64  251    0.96179    5.26921   448%  89.9 5051s
 10412980 5876183    1.10996   79  198    0.96179    5.26884   448%  89.9 5055s
 10423357 5882453    1.38933   89  183    0.96179    5.26839   448%  89.9 5060s
 10433217 5887918    2.72970   73  223    0.96179    5.26794   448%  89.9 5065s
 10446796 5895130    3.36393   66  240    0.96179    5.26730   448%  89.9 5070s
 10456798 5900524    4.84878   73  272    0.96179    5.26689   448%  90.0 5075s
 10469306 5906918    1.92761   75  259    0.96179    5.26628   448%  90.0 5081s
 10479101 5912410    1.45670   83  220    0.96179    5.26582   448%  90.0 5085s
 10488230 5917982     cutoff   94         0.96179    5.26552   447%  90.0 5090s
 10501382 5925652    3.72658   55  193    0.96179    5.26495   447%  90.0 5096s
 10510918 5931611    2.95487   74  225    0.96179    5.26449   447%  90.0 5101s
 10521756 5936826    2.37186   86  171    0.96179    5.26407   447%  90.0 5106s
 10531603 5940793    1.73815   86  240    0.96179    5.26374   447%  90.0 5110s
 10541037 5947016    1.46008   82  242    0.96179    5.26345   447%  90.0 5115s
 10549213 5951595    4.52833   59  195    0.96179    5.26323   447%  90.0 5120s
 10562093 5958386    2.47095   81  265    0.96179    5.26270   447%  90.0 5126s
 10572872 5963838    4.25908   66  267    0.96179    5.26230   447%  90.0 5131s
 10581763 5969117    2.73529   72  259    0.96179    5.26176   447%  90.1 5135s
 10592142 5975150    1.21383   74  175    0.96179    5.26119   447%  90.1 5140s
 10601527 5980588    1.14792   79  244    0.96179    5.26092   447%  90.1 5145s
 10612101 5986431    1.48119   85  245    0.96179    5.26057   447%  90.1 5150s
 10625021 5994128    1.30490   82  236    0.96179    5.26005   447%  90.1 5156s
 10631693 5996365    2.69613   68  226    0.96179    5.25973   447%  90.1 5161s
 10636538 6001461    1.48395   74  206    0.96179    5.25951   447%  90.1 5165s
 10648572 6007394    4.59420   76  248    0.96179    5.25908   447%  90.1 5170s
 10657924 6012812    4.07331   78  265    0.96179    5.25868   447%  90.1 5175s
 10671432 6019775    1.08509   87  180    0.96179    5.25806   447%  90.1 5181s
 10682034 6025273    1.12804   81  107    0.96179    5.25749   447%  90.1 5185s
 10693133 6031060 infeasible   89         0.96179    5.25704   447%  90.1 5190s
 10702184 6036759    1.53368   76  248    0.96179    5.25674   447%  90.1 5195s
 10715711 6044201    1.21975  100  170    0.96179    5.25627   447%  90.2 5201s
 10725680 6049771    1.16593   73  175    0.96179    5.25576   446%  90.2 5206s
H10727511 6049755                       0.9617961    5.25576   446%  90.2 5206s
 10735301 6054979    1.58871   71  231    0.96180    5.25539   446%  90.2 5211s
 10745469 6060035    2.01495   84  227    0.96180    5.25484   446%  90.2 5216s
 10755468 6066648     cutoff   93         0.96180    5.25445   446%  90.2 5220s
 10764287 6071686    1.12042   75  184    0.96180    5.25434   446%  90.2 5226s
 10774683 6077060    3.99533   74  246    0.96180    5.25408   446%  90.2 5231s
 10784615 6082400    2.29507   61  233    0.96180    5.25354   446%  90.2 5236s
 10794714 6086657    1.10665   86  194    0.96180    5.25322   446%  90.2 5241s
 10803438 6092959    1.14723  110  213    0.96180    5.25300   446%  90.2 5246s
 10813844 6098700    3.14504   79  229    0.96180    5.25260   446%  90.2 5250s
 10823249 6104855    1.75904   74  208    0.96180    5.25227   446%  90.3 5255s
 10833253 6110198 infeasible  104         0.96180    5.25191   446%  90.3 5260s
 10842144 6114971    1.02928   92  229    0.96180    5.25152   446%  90.3 5265s
 10855507 6122260     cutoff   85         0.96180    5.25112   446%  90.3 5271s
 10865078 6127395     cutoff   94         0.96180    5.25066   446%  90.3 5276s
 10874739 6133611    0.98109  105  168    0.96180    5.25034   446%  90.3 5281s
 10885217 6139092    1.26857   78  184    0.96180    5.24984   446%  90.3 5286s
 10894584 6144710    1.84329   71  228    0.96180    5.24945   446%  90.3 5290s
 10898674 6146590    4.31382   68  189    0.96180    5.24933   446%  90.3 5295s
 10909061 6153392    3.06834   80  229    0.96180    5.24880   446%  90.3 5300s
 10919483 6157405    2.33914   87  207    0.96180    5.24847   446%  90.3 5305s
 10924170 6161400     cutoff  105         0.96180    5.24839   446%  90.3 5310s
 10934015 6166949    1.74896   64  215    0.96180    5.24810   446%  90.4 5315s
 10944153 6171967    1.17337   85  172    0.96180    5.24768   446%  90.4 5320s
 10953926 6178095     cutoff   80         0.96180    5.24751   446%  90.4 5325s
 10963495 6183580     cutoff   91         0.96180    5.24725   446%  90.4 5330s
 10973102 6189087    0.99954   86  147    0.96180    5.24692   446%  90.4 5335s
 10983273 6194320    5.07900   66  214    0.96180    5.24643   445%  90.4 5340s
 10992768 6198768    1.08579   91  180    0.96180    5.24611   445%  90.4 5345s
 11002046 6204364    4.80174   69  258    0.96180    5.24571   445%  90.4 5350s
 11015214 6210782    1.18332   91  253    0.96180    5.24513   445%  90.4 5356s
 11025494 6216209    0.97390   90  261    0.96180    5.24475   445%  90.4 5361s
 11035266 6220584    1.58795   84  257    0.96180    5.24423   445%  90.4 5366s
 11044410 6225621    1.23321   82  235    0.96180    5.24394   445%  90.5 5371s
H11052266 6213389                       0.9676055    5.24375   442%  90.5 5375s
 11060729 6218767    1.56848   76  164    0.96761    5.24319   442%  90.5 5380s
H11070994 6222429                       0.9676788    5.24284   442%  90.5 5383s
 11071339 6224205    1.14763   90  244    0.96768    5.24275   442%  90.5 5385s
 11082186 6229718    4.44366   62  251    0.96768    5.24224   442%  90.5 5390s
 11095257 6236855    3.56876   71  273    0.96768    5.24179   442%  90.5 5396s
 11104676 6242179    1.10278   95  174    0.96768    5.24150   442%  90.5 5401s
 11113987 6248294    4.59518   63  231    0.96768    5.24113   442%  90.5 5406s
 11124515 6253670    1.83174   81  216    0.96768    5.24069   442%  90.5 5411s
 11133618 6259029 infeasible   84         0.96768    5.24042   442%  90.5 5416s
 11143263 6263510     cutoff   94         0.96768    5.24003   442%  90.5 5420s
 11152493 6268580     cutoff   94         0.96768    5.23951   441%  90.6 5425s
 11162586 6274996    1.37561   85  220    0.96768    5.23916   441%  90.6 5430s
 11172454 6280681    3.68114   65  240    0.96768    5.23874   441%  90.6 5435s
 11182837 6286008    1.48819   72  258    0.96768    5.23845   441%  90.6 5440s
 11195197 6294364 infeasible   97         0.96768    5.23810   441%  90.6 5446s
H11203170 6298048                       0.9676800    5.23794   441%  90.6 5450s
 11207779 6300988    4.31455   75  257    0.96768    5.23777   441%  90.6 5456s
 11219466 6307671     cutoff   86         0.96768    5.23719   441%  90.6 5461s
H11220888 6306896                       0.9679555    5.23713   441%  90.6 5461s
H11224683 6308134                       0.9680561    5.23702   441%  90.6 5463s
 11225657 6311303    1.91752   68  251    0.96806    5.23702   441%  90.6 5465s
H11226265 6302553                       0.9710030    5.23698   439%  90.6 5465s
H11231024 6303861                       0.9710054    5.23687   439%  90.6 5467s
H11231717 6303753                       0.9710501    5.23687   439%  90.6 5468s
H11232246 6303604                       0.9711014    5.23687   439%  90.6 5468s
H11232809 6303595                       0.9711060    5.23686   439%  90.6 5468s
 11233133 6305154    1.95461   66  198    0.97111    5.23679   439%  90.6 5470s
 11243721 6310898     cutoff   87         0.97111    5.23631   439%  90.6 5475s
 11253962 6316159    1.85827   69  252    0.97111    5.23600   439%  90.6 5480s
H11257182 6317589                       0.9711176    5.23581   439%  90.7 5482s
H11261858 6319456                       0.9711248    5.23573   439%  90.7 5484s
 11263756 6321634    1.06305   87  194    0.97112    5.23555   439%  90.7 5486s
 11273839 6326788     cutoff   90         0.97112    5.23516   439%  90.7 5491s
 11283013 6332597    1.19185   80  229    0.97112    5.23491   439%  90.7 5495s
 11292478 6337913 infeasible   93         0.97112    5.23441   439%  90.7 5500s
 11301757 6343958    1.40586   77  212    0.97112    5.23414   439%  90.7 5505s
 11311739 6349141    2.31618   66  227    0.97112    5.23379   439%  90.7 5510s
 11322308 6353496    1.21465   87  226    0.97112    5.23341   439%  90.7 5515s
H11328723 6355712                       0.9711313    5.23323   439%  90.7 5517s
 11331733 6359282     cutoff   90         0.97113    5.23295   439%  90.7 5520s
H11337397 6361006                       0.9711349    5.23276   439%  90.7 5522s
 11341820 6364349    3.07652   70  245    0.97113    5.23265   439%  90.7 5525s
 11349916 6370314    1.14812   80  226    0.97113    5.23243   439%  90.7 5530s
 11361351 6375758    1.83914   71  211    0.97113    5.23188   439%  90.7 5535s
 11370370 6381384 infeasible   73         0.97113    5.23172   439%  90.7 5540s
 11379490 6386652     cutoff   89         0.97113    5.23128   439%  90.8 5545s
 11390240 6392140    4.87907   62  241    0.97113    5.23083   439%  90.8 5550s
 11400281 6397412     cutoff   71         0.97113    5.23036   439%  90.8 5555s
 11412038 6404252    4.94012   77  239    0.97113    5.22995   439%  90.8 5561s
 11421285 6409334    1.79523   85  210    0.97113    5.22957   439%  90.8 5566s
 11430935 6414016    2.56236   70  249    0.97113    5.22916   438%  90.8 5571s
 11440093 6419759    1.07616   96  165    0.97113    5.22892   438%  90.8 5576s
 11451056 6424981    3.74245   81  284    0.97113    5.22844   438%  90.8 5581s
 11460915 6428438    1.54763   91  231    0.97113    5.22797   438%  90.8 5586s
 11462719 6430586    1.11638   95  157    0.97113    5.22797   438%  90.8 5590s
 11472822 6436664    1.01415   87  204    0.97113    5.22764   438%  90.8 5595s
 11483424 6442807    2.30748   65  223    0.97113    5.22723   438%  90.8 5600s
 11493724 6447682     cutoff   83         0.97113    5.22682   438%  90.8 5605s
 11502818 6454199    2.23235   61  225    0.97113    5.22648   438%  90.9 5610s
 11516711 6460420    1.33718   86  274    0.97113    5.22591   438%  90.9 5616s
 11526664 6464780    2.31279   73  198    0.97113    5.22547   438%  90.9 5621s
 11535485 6469012    3.71608   70  227    0.97113    5.22508   438%  90.9 5625s
 11545227 6473775    1.06640   87  180    0.97113    5.22462   438%  90.9 5630s
 11553777 6479610    1.71483   64  204    0.97113    5.22438   438%  90.9 5635s
 11566330 6485863    1.07584   84  259    0.97113    5.22397   438%  90.9 5641s
 11572769 6490369     cutoff   88         0.97113    5.22378   438%  90.9 5645s
 11585688 6496186     cutoff   78         0.97113    5.22318   438%  90.9 5651s
 11595005 6501713    1.21637   83  209    0.97113    5.22287   438%  90.9 5656s
H11597187 6501677                       0.9711515    5.22287   438%  90.9 5656s
 11600680 6504879    1.69198   74  217    0.97115    5.22265   438%  90.9 5660s
 11613433 6511749    0.99772   80  152    0.97115    5.22219   438%  90.9 5666s
 11623135 6517218    1.90924   73  214    0.97115    5.22181   438%  91.0 5671s
 11633507 6522075    4.09033   64  251    0.97115    5.22138   438%  91.0 5676s
 11642251 6526943    1.31939   86  179    0.97115    5.22109   438%  91.0 5681s
 11652873 6531973    4.50892   73  236    0.97115    5.22066   438%  91.0 5685s
 11662363 6538277    4.68323   72  237    0.97115    5.22036   438%  91.0 5690s
 11672068 6544588    1.93676   71  252    0.97115    5.22000   438%  91.0 5695s
 11682517 6550075    0.97948  103  190    0.97115    5.21969   437%  91.0 5700s
 11692313 6556736    1.83604   73  157    0.97115    5.21929   437%  91.0 5705s
 11705455 6564479    1.38350   83  271    0.97115    5.21893   437%  91.0 5711s
 11715650 6568290    1.01939   88  149    0.97115    5.21863   437%  91.0 5716s
 11720264 6572542    1.42822   75  227    0.97115    5.21852   437%  91.0 5721s
 11732854 6578343    3.83074   63  240    0.97115    5.21801   437%  91.1 5726s
 11738936 6581607    1.72334   70  175    0.97115    5.21777   437%  91.1 5730s
H11744176 6583842                       0.9711572    5.21760   437%  91.1 5732s
 11748258 6586854     cutoff  106         0.97116    5.21747   437%  91.1 5735s
 11757625 6592276     cutoff   85         0.97116    5.21708   437%  91.1 5740s
 11768029 6596947    2.70702   71  281    0.97116    5.21660   437%  91.1 5745s
 11780408 6605481    1.45058   77  137    0.97116    5.21609   437%  91.1 5751s
 11789571 6611097    1.30587   88  184    0.97116    5.21593   437%  91.1 5756s
 11798426 6615781    1.29905   77  189    0.97116    5.21565   437%  91.1 5760s
 11807015 6621709    3.53508   68  210    0.97116    5.21551   437%  91.1 5766s
 11817509 6627575    1.79889   71  227    0.97116    5.21514   437%  91.1 5771s
 11827672 6631948     cutoff   63         0.97116    5.21473   437%  91.1 5775s
 11836422 6637743    1.50361   78  243    0.97116    5.21428   437%  91.2 5781s
 11846994 6642880    1.25369   79  232    0.97116    5.21397   437%  91.2 5786s
 11856701 6648500    1.33851   87  188    0.97116    5.21356   437%  91.2 5791s
 11866973 6654405    1.96062   75  198    0.97116    5.21332   437%  91.2 5796s
 11877671 6659534    3.40663   69  273    0.97116    5.21280   437%  91.2 5801s
 11886690 6665095    1.11062   83  246    0.97116    5.21259   437%  91.2 5805s
 11891404 6667212     cutoff   85         0.97116    5.21241   437%  91.2 5810s
 11901318 6673303    1.85961   89  260    0.97116    5.21214   437%  91.2 5815s
 11911498 6677375    1.03488   97  158    0.97116    5.21171   437%  91.2 5820s
 11924648 6684688    1.13737   92  208    0.97116    5.21127   437%  91.2 5826s
 11934446 6690566     cutoff   86         0.97116    5.21090   437%  91.2 5831s
 11944389 6695079     cutoff   86         0.97116    5.21055   437%  91.2 5836s
 11953767 6700439    1.54862   81  222    0.97116    5.21027   437%  91.2 5841s
 11963408 6706569    2.46660   64  229    0.97116    5.20990   436%  91.3 5846s
 11972752 6712041    1.01052   89  240    0.97116    5.20960   436%  91.3 5851s
 11983062 6717297    1.12407   90  233    0.97116    5.20919   436%  91.3 5856s
 11988205 6719747    1.10989   75  268    0.97116    5.20902   436%  91.3 5861s
 11995042 6724878    3.14734   63  224    0.97116    5.20881   436%  91.3 5865s
 12006912 6730680    4.92121   57  246    0.97116    5.20847   436%  91.3 5870s
 12016869 6736588    2.58024   77  238    0.97116    5.20798   436%  91.3 5875s
 12027918 6741633    1.52934   80  254    0.97116    5.20778   436%  91.3 5880s
 12037616 6746433     cutoff   82         0.97116    5.20753   436%  91.3 5885s
 12047251 6751947    0.99438  101  189    0.97116    5.20719   436%  91.3 5890s
 12056365 6757091    1.60983   81  224    0.97116    5.20685   436%  91.3 5895s
 12069155 6763551    4.53189   73  221    0.97116    5.20637   436%  91.3 5901s
 12078985 6769009    4.77470   74  269    0.97116    5.20614   436%  91.3 5906s
 12087910 6775315    2.08236   81  215    0.97116    5.20566   436%  91.4 5911s
 12098240 6780764    2.36593   70  230    0.97116    5.20536   436%  91.4 5915s
 12107763 6786365    3.76013   70  232    0.97116    5.20511   436%  91.4 5920s
 12117827 6792859 infeasible   86         0.97116    5.20484   436%  91.4 5926s
 12128590 6797749    1.22874   84  221    0.97116    5.20445   436%  91.4 5931s
 12138668 6803427    1.08035   88  204    0.97116    5.20416   436%  91.4 5935s
 12146877 6808098    1.95589   83  161    0.97116    5.20384   436%  91.4 5940s
 12156205 6813194    1.67902   75  247    0.97116    5.20346   436%  91.4 5945s
 12165852 6819658    1.08244   77  236    0.97116    5.20321   436%  91.4 5950s
 12174641 6823281    3.73213   61  245    0.97116    5.20296   436%  91.4 5955s
 12184751 6828513     cutoff   78         0.97116    5.20249   436%  91.4 5960s
 12194667 6834233    1.95869   74  292    0.97116    5.20224   436%  91.4 5965s
 12204345 6839701    1.14187   94  185    0.97116    5.20194   436%  91.5 5970s
 12216400 6845856 infeasible   78         0.97116    5.20149   436%  91.5 5976s
 12226596 6850941    1.45808   76  242    0.97116    5.20107   436%  91.5 5981s
 12236028 6857013    4.53189   66  290    0.97116    5.20072   436%  91.5 5986s
 12246499 6862113     cutoff   96         0.97116    5.20051   435%  91.5 5991s
 12252276 6865894    2.76445   72  256    0.97116    5.20022   435%  91.5 5995s
 12265894 6870947 infeasible  107         0.97116    5.19967   435%  91.5 6001s
 12266969 6873056    1.98308   73  240    0.97116    5.19966   435%  91.5 6005s
 12277948 6879376     cutoff   93         0.97116    5.19936   435%  91.5 6010s
 12288138 6885648    2.03139   78  205    0.97116    5.19896   435%  91.5 6015s
 12301586 6892753    1.01458   89  180    0.97116    5.19844   435%  91.5 6021s
 12311364 6898161    1.13944   86  220    0.97116    5.19814   435%  91.5 6026s
 12320956 6903821    1.23612   78  224    0.97116    5.19799   435%  91.5 6031s
 12331925 6907509    2.57303   76  203    0.97116    5.19760   435%  91.5 6036s
 12341130 6911933 infeasible   85         0.97116    5.19718   435%  91.5 6040s
 12349903 6917715     cutoff   87         0.97116    5.19682   435%  91.6 6046s
 12360301 6923171    1.40440   86  278    0.97116    5.19649   435%  91.6 6051s
 12370635 6927666    1.83922   78  236    0.97116    5.19612   435%  91.6 6056s
 12380190 6933576    1.71479   72  208    0.97116    5.19572   435%  91.6 6061s
 12391202 6938181    1.04188   85  218    0.97116    5.19540   435%  91.6 6066s
 12400810 6944185    2.95078   73  216    0.97116    5.19514   435%  91.6 6071s
 12410934 6949159     cutoff   88         0.97116    5.19476   435%  91.6 6075s
 12419753 6953871    1.21202   90  226    0.97116    5.19452   435%  91.6 6080s
 12429588 6959263    1.24210   78  228    0.97116    5.19415   435%  91.6 6085s
 12439580 6963891 infeasible   72         0.97116    5.19382   435%  91.6 6091s
 12449630 6970035    1.04063   81  222    0.97116    5.19352   435%  91.6 6096s
 12459155 6975587    2.36924   87  247    0.97116    5.19317   435%  91.6 6101s
 12469525 6980228    1.68880   69  234    0.97116    5.19284   435%  91.6 6105s
 12479054 6986224    1.31992   91  189    0.97116    5.19236   435%  91.6 6110s
 12489338 6991447    2.85952   68  256    0.97116    5.19211   435%  91.6 6115s
 12498453 6995886    1.22533  104  212    0.97116    5.19178   435%  91.6 6120s
 12507944 7000839 infeasible   79         0.97116    5.19152   435%  91.7 6125s
 12519476 7008491    1.06247   92  202    0.97116    5.19113   435%  91.7 6131s
 12529856 7014392    1.03447   91  236    0.97116    5.19082   434%  91.7 6136s
 12538519 7019019     cutoff   75         0.97116    5.19068   434%  91.7 6140s
 12548236 7024748 infeasible   58         0.97116    5.19036   434%  91.7 6145s
 12558591 7030450     cutoff   84         0.97116    5.19019   434%  91.7 6150s
 12567690 7035695    1.08617   85  222    0.97116    5.18987   434%  91.7 6155s
 12577172 7041140    1.19960   79  271    0.97116    5.18955   434%  91.7 6160s
 12586830 7045499    4.18523   67  269    0.97116    5.18910   434%  91.7 6165s
 12599198 7051618     cutoff   88         0.97116    5.18873   434%  91.7 6171s
 12605070 7057034    1.04675   89  176    0.97116    5.18859   434%  91.7 6176s
 12613136 7060724     cutoff   89         0.97116    5.18834   434%  91.7 6180s
 12624633 7065788    1.12413   89  167    0.97116    5.18799   434%  91.7 6185s
 12634289 7071489    1.75549   80  238    0.97116    5.18756   434%  91.7 6190s
 12643175 7076029    1.35727   88  179    0.97116    5.18730   434%  91.8 6195s
 12653040 7081117    1.36718   94  197    0.97116    5.18703   434%  91.8 6200s
 12661878 7086314    4.95871   70  233    0.97116    5.18685   434%  91.8 6205s
 12672565 7091520     cutoff   95         0.97116    5.18653   434%  91.8 6210s
 12685700 7098890    1.48101   87  238    0.97116    5.18604   434%  91.8 6216s
 12695329 7103412 infeasible   70         0.97116    5.18572   434%  91.8 6220s
 12704379 7108696    1.50829   87  189    0.97116    5.18530   434%  91.8 6225s
 12714169 7113558    1.31166   79  222    0.97116    5.18499   434%  91.8 6230s
 12723030 7118469    4.70029   68  257    0.97116    5.18459   434%  91.8 6235s
 12735525 7123628 infeasible   84         0.97116    5.18427   434%  91.8 6241s
H12736950 7123628                       0.9711579    5.18427   434%  91.8 6241s
 12742204 7127383     cutoff   78         0.97116    5.18404   434%  91.8 6245s
 12751499 7132623    1.37241   82  246    0.97116    5.18382   434%  91.8 6250s
 12761555 7137823    1.55793   91  255    0.97116    5.18350   434%  91.9 6255s
 12772131 7142226    1.17829   79  274    0.97116    5.18311   434%  91.9 6260s
 12781280 7148554    2.07149   79  227    0.97116    5.18286   434%  91.9 6265s
 12795169 7154886     cutoff   96         0.97116    5.18246   434%  91.9 6271s
 12805103 7160699 infeasible   67         0.97116    5.18219   434%  91.9 6276s
H12810502 7162391                       0.9711585    5.18198   434%  91.9 6278s
 12811420 7164704    1.36593   80  223    0.97116    5.18189   434%  91.9 6280s
 12822018 7169326    3.82075   63  225    0.97116    5.18148   434%  91.9 6285s
 12831591 7174612    2.05861   70  173    0.97116    5.18116   434%  91.9 6290s
 12840851 7179716    2.32185   67  228    0.97116    5.18092   433%  91.9 6295s
 12851589 7184550     cutoff   87         0.97116    5.18049   433%  91.9 6300s
 12861602 7189549    1.26922   67  222    0.97116    5.18000   433%  91.9 6305s
 12871948 7194805    1.01589   91  190    0.97116    5.17969   433%  91.9 6310s
 12876547 7197612    4.97674   63  232    0.97116    5.17952   433%  91.9 6315s
 12882825 7202702    1.38629   93  257    0.97116    5.17938   433%  91.9 6321s
 12891373 7206021    1.00833   88  172    0.97116    5.17926   433%  91.9 6325s
 12901422 7212606    1.03232  111  176    0.97116    5.17888   433%  91.9 6330s
 12912354 7217904    4.89827   67  224    0.97116    5.17850   433%  92.0 6336s
 12922126 7222548     cutoff   82         0.97116    5.17823   433%  92.0 6341s
 12931354 7228064     cutoff   87         0.97116    5.17787   433%  92.0 6346s
 12941444 7232958     cutoff   90         0.97116    5.17750   433%  92.0 6351s
 12951490 7238743     cutoff   84         0.97116    5.17719   433%  92.0 6356s
 12961227 7243371    4.73095   77  282    0.97116    5.17687   433%  92.0 6360s
 12970548 7249166    2.51111   67  257    0.97116    5.17649   433%  92.0 6366s
 12980377 7254390     cutoff   85         0.97116    5.17629   433%  92.0 6370s
 12989519 7259046    1.73542   76  221    0.97116    5.17602   433%  92.0 6375s
 13001875 7265019    2.28449   94  226    0.97116    5.17548   433%  92.0 6381s
 13011474 7269885    1.78043   71  259    0.97116    5.17516   433%  92.0 6385s
 13020841 7275362    4.90482   64  249    0.97116    5.17483   433%  92.0 6390s
 13030500 7280220    3.21753   69  247    0.97116    5.17456   433%  92.0 6395s
 13039647 7285072     cutoff   86         0.97116    5.17423   433%  92.0 6400s
 13048832 7290272 infeasible   74         0.97116    5.17396   433%  92.0 6405s
 13062014 7296505    1.27371   66  205    0.97116    5.17359   433%  92.1 6411s
 13071592 7302327    1.03264   78  217    0.97116    5.17329   433%  92.1 6416s
 13081604 7306942    1.78455   70  196    0.97116    5.17299   433%  92.1 6421s
 13091066 7312423    1.61113   70  227    0.97116    5.17269   433%  92.1 6425s
 13100560 7318533    1.10867   79  181    0.97116    5.17235   433%  92.1 6430s
 13111106 7324383    1.20585   96  175    0.97116    5.17210   433%  92.1 6435s
 13119925 7328065    3.63611   69  232    0.97116    5.17181   433%  92.1 6440s
 13124547 7333213    1.48328   82  276    0.97116    5.17162   433%  92.1 6446s
 13135925 7339445     cutoff   99         0.97116    5.17140   432%  92.1 6451s
 13146342 7344510     cutoff   98         0.97116    5.17103   432%  92.1 6456s
 13155617 7348587    1.53660   75  255    0.97116    5.17067   432%  92.1 6460s
 13164616 7353424    2.29115   77  231    0.97116    5.17036   432%  92.1 6465s
 13174616 7358895 infeasible   92         0.97116    5.17011   432%  92.1 6470s
 13186827 7365414    3.45865   74  283    0.97116    5.16968   432%  92.1 6476s
 13195650 7370160    0.97734   83  243    0.97116    5.16941   432%  92.1 6481s
 13206026 7374513     cutoff   88         0.97116    5.16899   432%  92.2 6486s
 13215909 7380439    1.10308   80  170    0.97116    5.16869   432%  92.2 6491s
 13225478 7387006    4.13385   69  273    0.97116    5.16840   432%  92.2 6496s
 13235376 7392638    1.05764   97  176    0.97116    5.16832   432%  92.2 6501s
 13244756 7396849     cutoff   89         0.97116    5.16800   432%  92.2 6505s
 13253780 7402125    1.09746   81  136    0.97116    5.16766   432%  92.2 6510s
H13260732 7404861                       0.9711591    5.16744   432%  92.2 6514s
 13264154 7406202    4.16164   79  270    0.97116    5.16732   432%  92.2 6516s
 13272328 7411081     cutoff   84         0.97116    5.16704   432%  92.2 6520s
 13281611 7417018 infeasible   82         0.97116    5.16685   432%  92.2 6525s
 13291189 7421890    2.01300   74  227    0.97116    5.16650   432%  92.2 6531s
 13300739 7427838 infeasible   64         0.97116    5.16615   432%  92.2 6536s
 13311285 7433078    1.37973   90  180    0.97116    5.16571   432%  92.2 6541s
 13320472 7439337    1.16270   89  236    0.97116    5.16551   432%  92.3 6545s
 13329988 7444787    1.03769   98  175    0.97116    5.16529   432%  92.3 6550s
 13339415 7450418    2.40057   84  209    0.97116    5.16495   432%  92.3 6555s
 13349475 7455201 infeasible   98         0.97116    5.16475   432%  92.3 6560s
 13358892 7460189    1.13300   89  249    0.97116    5.16433   432%  92.3 6565s
 13371644 7467739    1.26221   83  225    0.97116    5.16401   432%  92.3 6571s
 13380687 7473011     cutoff   93         0.97116    5.16384   432%  92.3 6576s
 13390973 7478629    1.13960   83  194    0.97116    5.16360   432%  92.3 6581s
 13397351 7481144     cutoff   87         0.97116    5.16339   432%  92.3 6585s
 13408032 7485959    1.63364   88  242    0.97116    5.16308   432%  92.3 6590s
 13412706 7489161    1.87337   68  205    0.97116    5.16297   432%  92.3 6595s
 13423640 7495950    1.18966   90  185    0.97116    5.16274   432%  92.3 6601s
 13433635 7501560 infeasible   76         0.97116    5.16257   432%  92.4 6606s
 13442741 7506880    1.84497   84  235    0.97116    5.16241   432%  92.4 6611s
 13452086 7513589    1.12488  108  158    0.97116    5.16216   432%  92.4 6616s
 13462745 7518378 infeasible   70         0.97116    5.16192   432%  92.4 6621s
 13469231 7522289    2.39649   63  232    0.97116    5.16177   432%  92.4 6625s
 13480007 7527829    3.70227   84  249    0.97116    5.16144   431%  92.4 6630s
 13489581 7533646    3.26406   75  238    0.97116    5.16115   431%  92.4 6635s
 13502195 7539371    1.23272   88  193    0.97116    5.16073   431%  92.4 6641s
 13512303 7545005    3.38104   69  256    0.97116    5.16045   431%  92.4 6646s
 13518987 7548297    1.54620   80  199    0.97116    5.16029   431%  92.4 6650s
 13532587 7555682    4.86592   68  224    0.97116    5.15995   431%  92.4 6656s
 13542069 7562078 infeasible   74         0.97116    5.15959   431%  92.4 6661s
H13551102 7564617                       0.9711643    5.15941   431%  92.5 6665s
 13558532 7569805    0.99302   80  213    0.97116    5.15917   431%  92.5 6670s
 13568169 7575037    2.67127   83  266    0.97116    5.15878   431%  92.5 6675s
 13578675 7580777    3.31994   77  216    0.97116    5.15843   431%  92.5 6680s
 13588847 7586678    1.23977   85  259    0.97116    5.15823   431%  92.5 6685s
 13598350 7591991    1.15556   80  212    0.97116    5.15788   431%  92.5 6690s
 13610251 7598994    0.98977  102  214    0.97116    5.15760   431%  92.5 6695s
 13620014 7603041    1.20389   78  221    0.97116    5.15732   431%  92.5 6701s
 13629180 7608681    1.00816  111  137    0.97116    5.15711   431%  92.5 6705s
 13639548 7613885    1.15122   87  195    0.97116    5.15675   431%  92.5 6711s
 13649445 7619625    4.86654   64  264    0.97116    5.15645   431%  92.5 6716s
 13659480 7624844    1.19391   87  199    0.97116    5.15616   431%  92.5 6721s
 13668350 7630508    2.05381   69  259    0.97116    5.15597   431%  92.5 6725s
 13678117 7635889     cutoff   77         0.97116    5.15560   431%  92.5 6730s
 13685403 7638117     cutoff   92         0.97116    5.15527   431%  92.5 6735s
 13696777 7645430    1.05163   86  248    0.97116    5.15492   431%  92.6 6741s
 13705736 7650293    1.22454   74  164    0.97116    5.15471   431%  92.6 6746s
 13715810 7655918    1.74290   71  211    0.97116    5.15439   431%  92.6 6751s
 13725753 7661167    1.41051   85  274    0.97116    5.15406   431%  92.6 6756s
 13735750 7667214    1.23169   79  215    0.97116    5.15375   431%  92.6 6761s
 13745991 7673172     cutoff   84         0.97116    5.15360   431%  92.6 6765s
 13755558 7679173    3.17183   69  274    0.97116    5.15332   431%  92.6 6770s
 13766357 7684820     cutoff   89         0.97116    5.15322   431%  92.6 6775s
 13776365 7690317    1.36165   85  165    0.97116    5.15280   431%  92.6 6781s
 13785824 7695454    1.21395   84  246    0.97116    5.15251   431%  92.6 6785s
 13794221 7700655    2.18293   70  225    0.97116    5.15223   431%  92.6 6790s
 13803894 7705584     cutoff   76         0.97116    5.15203   431%  92.6 6795s
 13812933 7710076    1.19033   90  207    0.97116    5.15179   430%  92.6 6800s
 13822311 7714457    2.55577   74  258    0.97116    5.15158   430%  92.6 6805s
 13835345 7721433    4.93963   64  266    0.97116    5.15122   430%  92.7 6811s
 13844579 7727458    1.56412   68  249    0.97116    5.15087   430%  92.7 6816s
 13855465 7732331 infeasible   87         0.97116    5.15050   430%  92.7 6821s
 13861048 7734111    1.02907   80  239    0.97116    5.15038   430%  92.7 6826s
 13865750 7737923    2.45318   69  242    0.97116    5.15019   430%  92.7 6830s
 13879077 7744746     cutoff   82         0.97116    5.14977   430%  92.7 6836s
 13888635 7750059    2.02409   66  212    0.97116    5.14955   430%  92.7 6841s
 13897653 7755135    1.16174   89  217    0.97116    5.14926   430%  92.7 6846s
 13904431 7758822    1.54531   75  247    0.97116    5.14903   430%  92.7 6850s
 13914908 7764264    2.65037   70  274    0.97116    5.14876   430%  92.7 6855s
 13924296 7768919    3.01184   69  209    0.97116    5.14838   430%  92.7 6860s
 13937251 7774899    1.01975   87  167    0.97116    5.14792   430%  92.7 6866s
 13945450 7779882     cutoff   88         0.97116    5.14772   430%  92.7 6871s
 13950715 7782463     cutoff   95         0.97116    5.14756   430%  92.7 6876s
 13958161 7786411    0.98843   91  179    0.97116    5.14743   430%  92.7 6880s
 13968231 7792535    1.21781   86  235    0.97116    5.14712   430%  92.8 6885s
 13978894 7797827    3.21031   71  259    0.97116    5.14675   430%  92.8 6890s
 13989119 7803608    1.46874   79  252    0.97116    5.14633   430%  92.8 6895s
 14001379 7810959    2.07200   71  205    0.97116    5.14609   430%  92.8 6901s
 14011146 7814835    4.11055   77  269    0.97116    5.14582   430%  92.8 6906s
H14019583 7817195                       0.9715344    5.14568   430%  92.8 6909s
 14020026 7819247    4.11263   78  258    0.97153    5.14553   430%  92.8 6911s
 14026535 7822272    1.45136   79  188    0.97153    5.14532   430%  92.8 6915s
 14038909 7827792    2.29820   65  218    0.97153    5.14494   430%  92.8 6921s
 14048716 7833381    4.95843   61  234    0.97153    5.14472   430%  92.8 6926s
H14052331 7830522                       0.9730302    5.14466   429%  92.8 6928s
 14057495 7834018    3.57190   77  302    0.97303    5.14442   429%  92.8 6931s
 14067273 7838456     cutoff   88         0.97303    5.14422   429%  92.8 6936s
H14069400 7838397                       0.9730435    5.14412   429%  92.8 6936s
 14073540 7841633    1.63088   71  184    0.97304    5.14394   429%  92.8 6940s
H14073991 7841585                       0.9730570    5.14394   429%  92.8 6940s
H14074657 7841402                       0.9731184    5.14392   429%  92.8 6940s
H14076227 7843057                       0.9731190    5.14388   429%  92.8 6942s
 14082158 7845742     cutoff   73         0.97312    5.14378   429%  92.8 6946s
H14087069 7846959                       0.9731601    5.14360   429%  92.8 6948s
 14092027 7850091    1.83534   90  217    0.97316    5.14335   429%  92.8 6951s
 14101300 7855378    4.43615   68  254    0.97316    5.14313   428%  92.9 6956s
 14111121 7860835    2.58286   72  272    0.97316    5.14279   428%  92.9 6961s
 14121142 7866222    2.34621   78  242    0.97316    5.14255   428%  92.9 6966s
 14130926 7872244    1.68664   64  246    0.97316    5.14242   428%  92.9 6971s
H14134931 7873474                       0.9732470    5.14235   428%  92.9 6973s
H14136935 7875215                       0.9732940    5.14223   428%  92.9 6975s
H14138873 7875034                       0.9733514    5.14217   428%  92.9 6975s
 14146554 7879372    1.00751   81  196    0.97335    5.14196   428%  92.9 6980s
 14156212 7885019    1.04723   93  164    0.97335    5.14176   428%  92.9 6985s
 14169145 7892016     cutoff   83         0.97335    5.14141   428%  92.9 6991s
 14178465 7897842    1.94736   74  211    0.97335    5.14109   428%  92.9 6996s
 14188013 7903048 infeasible   90         0.97335    5.14087   428%  92.9 7000s
 14197596 7906909    1.51492   78  236    0.97335    5.14068   428%  92.9 7005s
 14206775 7911564    1.21081   82  202    0.97335    5.14026   428%  92.9 7010s
 14217715 7915033 infeasible   90         0.97335    5.14003   428%  92.9 7015s
 14221485 7917990    2.86043   66  236    0.97335    5.13986   428%  92.9 7020s
 14232580 7924405    1.49628   54  117    0.97335    5.13956   428%  92.9 7026s
 14242675 7929292    1.79605   61  221    0.97335    5.13915   428%  92.9 7031s
H14246224 7929289                       0.9733521    5.13912   428%  92.9 7031s
 14253170 7933901    1.23538   91  174    0.97335    5.13881   428%  93.0 7036s
 14263199 7939093    1.12548   93  233    0.97335    5.13860   428%  93.0 7041s
 14272216 7944894    3.95267   64  238    0.97335    5.13821   428%  93.0 7045s
 14283157 7949852    1.26838   80  245    0.97335    5.13790   428%  93.0 7050s
 14293179 7955775    1.88877   86  212    0.97335    5.13768   428%  93.0 7055s
 14302122 7960851    5.02829   73  275    0.97335    5.13742   428%  93.0 7060s
 14310791 7965015    1.40613   90  206    0.97335    5.13714   428%  93.0 7065s
 14323976 7971986    1.80917   84  215    0.97335    5.13669   428%  93.0 7071s
 14333028 7978389    0.97795   83  210    0.97335    5.13657   428%  93.0 7076s
 14343575 7982650    1.21301   96  175    0.97335    5.13621   428%  93.0 7080s
 14352672 7987825    1.80539   79  187    0.97335    5.13600   428%  93.0 7085s
H14356479 7989039                       0.9733872    5.13596   428%  93.0 7087s
 14362548 7992125    1.79775   70  212    0.97339    5.13572   428%  93.0 7090s
 14371505 7996863    2.82589   69  226    0.97339    5.13550   428%  93.0 7095s
 14381901 8001963    3.22194   63  225    0.97339    5.13525   428%  93.0 7100s
 14390948 8007909    2.06218   71  228    0.97339    5.13493   428%  93.0 7105s
 14401739 8014319    4.78695   72  271    0.97339    5.13476   428%  93.1 7110s
 14412044 8019155    1.00660   81  217    0.97339    5.13444   427%  93.1 7115s
 14424251 8026738     cutoff   82         0.97339    5.13411   427%  93.1 7121s
 14433873 8031118 infeasible   87         0.97339    5.13387   427%  93.1 7126s
 14443611 8035455 infeasible   84         0.97339    5.13357   427%  93.1 7131s
 14452610 8040853    4.01913   73  236    0.97339    5.13331   427%  93.1 7136s
 14464041 8046421    1.26767   81  262    0.97339    5.13293   427%  93.1 7140s
 14472662 8051633    1.08502   98  136    0.97339    5.13282   427%  93.1 7145s
 14482225 8056610    1.22707   82  196    0.97339    5.13256   427%  93.1 7150s
 14491505 8062483    1.53696   81  276    0.97339    5.13234   427%  93.1 7155s
 14500651 8067793    3.51048   79  252    0.97339    5.13205   427%  93.1 7160s
 14514771 8074253     cutoff   81         0.97339    5.13163   427%  93.1 7166s
 14522746 8079202    1.19229  100  202    0.97339    5.13143   427%  93.1 7171s
 14529532 8080938     cutoff   79         0.97339    5.13116   427%  93.2 7175s
 14535517 8086180    2.11534   77  268    0.97339    5.13097   427%  93.2 7180s
 14546611 8091641    3.86188   69  281    0.97339    5.13058   427%  93.2 7185s
 14557398 8096164     cutoff   85         0.97339    5.13023   427%  93.2 7191s
 14566741 8101378     cutoff   92         0.97339    5.12992   427%  93.2 7195s
 14577445 8106717    1.05337   87  169    0.97339    5.12958   427%  93.2 7200s
 14586658 8113118     cutoff   89         0.97339    5.12940   427%  93.2 7205s
 14597140 8119272    1.43046   82  224    0.97339    5.12913   427%  93.2 7210s
 14605919 8123890    1.02502   93  170    0.97339    5.12885   427%  93.2 7215s
 14618298 8130564    1.86070   74  213    0.97339    5.12856   427%  93.2 7221s
 14624890 8134762    2.06635   77  258    0.97339    5.12826   427%  93.2 7225s
 14634130 8139333    1.20148   85  242    0.97339    5.12799   427%  93.2 7230s
 14643813 8145037    1.64858   69  221    0.97339    5.12773   427%  93.2 7235s
 14653840 8150719 infeasible   73         0.97339    5.12753   427%  93.2 7240s
 14665953 8157509    1.08705   80  200    0.97339    5.12719   427%  93.2 7246s
 14673027 8160165    3.64315   71  264    0.97339    5.12694   427%  93.3 7250s
 14685646 8166483 infeasible   94         0.97339    5.12656   427%  93.3 7256s
 14695998 8172021     cutoff   92         0.97339    5.12625   427%  93.3 7261s
 14705902 8177115    1.09689   86  197    0.97339    5.12599   427%  93.3 7266s
 14715178 8182545    1.65926   67  181    0.97339    5.12563   427%  93.3 7270s
 14725153 8186397     cutoff   86         0.97339    5.12535   427%  93.3 7275s
 14734109 8191523    0.97800  104  150    0.97339    5.12502   427%  93.3 7280s
 14743880 8195766     cutoff   92         0.97339    5.12480   426%  93.3 7285s
 14755409 8202736    1.53538   68  186    0.97339    5.12451   426%  93.3 7291s
 14766390 8208246    1.32286   85  240    0.97339    5.12410   426%  93.3 7295s
H14771737 8209570                       0.9734126    5.12398   426%  93.3 7297s
 14773002 8209929     cutoff  104         0.97341    5.12397   426%  93.3 7301s
 14776174 8213160    1.96799   65  253    0.97341    5.12382   426%  93.3 7305s
 14787293 8218776     cutoff   93         0.97341    5.12349   426%  93.3 7310s
 14797838 8224372     cutoff   91         0.97341    5.12315   426%  93.3 7315s
H14806787 8227758                       0.9734195    5.12291   426%  93.3 7319s
 14807542 8230040     cutoff   88         0.97342    5.12279   426%  93.3 7320s
 14817432 8234567    1.17875   79  199    0.97342    5.12248   426%  93.4 7325s
 14826242 8240025    1.30039   95  200    0.97342    5.12232   426%  93.4 7330s
 14835820 8243110    1.06470   86  227    0.97342    5.12207   426%  93.4 7335s
 14840523 8248138    1.20655   84  225    0.97342    5.12199   426%  93.4 7340s
 14851044 8252826    1.63935   72  231    0.97342    5.12160   426%  93.4 7345s
 14863522 8259503    1.31478   80  244    0.97342    5.12127   426%  93.4 7351s
 14872659 8264605     cutoff   91         0.97342    5.12105   426%  93.4 7356s
 14883403 8269896    1.81754   78  236    0.97342    5.12074   426%  93.4 7361s
 14893145 8274550     cutoff   85         0.97342    5.12045   426%  93.4 7366s
 14902867 8279820     cutoff   97         0.97342    5.12020   426%  93.4 7370s
 14911607 8284804    1.21458   85  128    0.97342    5.11991   426%  93.4 7375s
 14924450 8290876    4.66324   62  245    0.97342    5.11960   426%  93.4 7381s
 14934489 8295997     cutoff   85         0.97342    5.11923   426%  93.4 7385s
 14942967 8301392    1.45109   86  214    0.97342    5.11901   426%  93.4 7390s
 14952699 8306408    1.70564   70  210    0.97342    5.11880   426%  93.4 7395s
 14962846 8310677    4.82707   64  210    0.97342    5.11846   426%  93.4 7400s
 14975677 8318103     cutoff   94         0.97342    5.11800   426%  93.5 7406s
 14981749 8321733    1.20035   89  174    0.97342    5.11788   426%  93.5 7410s
 14991694 8326749    2.32157   70  230    0.97342    5.11776   426%  93.5 7415s
 15000470 8332890 infeasible   94         0.97342    5.11750   426%  93.5 7420s
H15010547 8337897                       0.9734476    5.11729   426%  93.5 7425s
 15021772 8343703    1.08665   84  243    0.97345    5.11695   426%  93.5 7431s
 15032275 8348910 infeasible   75         0.97345    5.11658   426%  93.5 7436s
 15038259 8352889 infeasible   98         0.97345    5.11639   426%  93.5 7440s
 15049301 8357918    1.68454   76  249    0.97345    5.11607   426%  93.5 7445s
 15058981 8363814     cutoff   89         0.97345    5.11582   426%  93.5 7450s
 15069533 8369802     cutoff   77         0.97345    5.11565   426%  93.5 7455s
 15082844 8376501     cutoff  102         0.97345    5.11528   425%  93.5 7461s
 15092112 8380624    1.44136   77  242    0.97345    5.11496   425%  93.5 7466s
H15094618 8380584                       0.9734560    5.11492   425%  93.5 7466s
 15097118 8383208    1.05976   88  209    0.97346    5.11482   425%  93.5 7471s
 15104640 8387903    2.20757   65  200    0.97346    5.11472   425%  93.5 7475s
 15116822 8393256    3.00995   73  278    0.97346    5.11432   425%  93.5 7480s
 15126398 8399222    2.38326   57  199    0.97346    5.11412   425%  93.5 7485s
 15136787 8404589    1.12077  105  199    0.97346    5.11385   425%  93.6 7490s
 15146605 8410554 infeasible  105         0.97346    5.11353   425%  93.6 7495s
 15156473 8415613    1.18373   89  204    0.97346    5.11335   425%  93.6 7500s
 15168902 8422487    2.77468   65  250    0.97346    5.11305   425%  93.6 7506s
 15178131 8427918    4.73064   81  260    0.97346    5.11270   425%  93.6 7511s
 15188804 8432458    3.57922   70  231    0.97346    5.11250   425%  93.6 7516s
 15198061 8438108    4.93124   76  263    0.97346    5.11215   425%  93.6 7521s
 15207539 8443692    2.22306   77  215    0.97346    5.11190   425%  93.6 7526s
 15217311 8448065    4.27986   75  208    0.97346    5.11169   425%  93.6 7530s
 15226569 8454084    1.47935   83  240    0.97346    5.11150   425%  93.6 7535s
 15236853 8459287    1.64163   73  208    0.97346    5.11121   425%  93.6 7540s
 15246535 8464005    4.95875   65  282    0.97346    5.11084   425%  93.6 7545s
 15258113 8470987    2.28689   79  247    0.97346    5.11055   425%  93.6 7551s
 15267831 8476635    0.98838  106  127    0.97346    5.11031   425%  93.6 7555s
 15278080 8482056    1.68783   79  189    0.97346    5.11000   425%  93.6 7561s
 15287160 8486927    1.15463   83  230    0.97346    5.10973   425%  93.6 7565s
 15296690 8492662    2.09600   78  208    0.97346    5.10953   425%  93.7 7571s
 15305913 8498095    1.04393   86  242    0.97346    5.10927   425%  93.7 7575s
 15315841 8503532     cutoff  102         0.97346    5.10912   425%  93.7 7580s
 15325447 8509335    1.42173   78  240    0.97346    5.10875   425%  93.7 7585s
 15335953 8514170     cutoff   97         0.97346    5.10841   425%  93.7 7590s
 15345504 8520570    1.02463  116  156    0.97346    5.10829   425%  93.7 7595s
 15355706 8525640    1.20631   89  202    0.97346    5.10800   425%  93.7 7600s
 15365188 8531148     cutoff   88         0.97346    5.10774   425%  93.7 7605s
 15374622 8535863     cutoff   88         0.97346    5.10743   425%  93.7 7610s
 15383806 8541179    1.75143   81  223    0.97346    5.10724   425%  93.7 7615s
 15394016 8546620    0.99248   84  160    0.97346    5.10707   425%  93.7 7620s
 15406512 8551309    1.02550   75  169    0.97346    5.10672   425%  93.7 7626s
 15409459 8554289    2.15971   78  172    0.97346    5.10659   425%  93.7 7631s
 15420275 8560061    1.72692   70  194    0.97346    5.10634   425%  93.7 7636s
 15429853 8566539    4.45648   63  234    0.97346    5.10601   425%  93.7 7640s
 15440725 8572219     cutoff   82         0.97346    5.10582   425%  93.7 7645s
 15450254 8577712 infeasible   98         0.97346    5.10563   424%  93.7 7650s
 15459421 8583778    1.92158   81  265    0.97346    5.10543   424%  93.8 7655s
 15469702 8588884    1.52083   89  188    0.97346    5.10510   424%  93.8 7660s
 15482738 8596492    1.44018  100  197    0.97346    5.10477   424%  93.8 7666s
 15492607 8601486    0.99753   87  150    0.97346    5.10455   424%  93.8 7670s
 15502942 8607013    4.59266   76  264    0.97346    5.10436   424%  93.8 7675s
 15516108 8614509     cutoff   97         0.97346    5.10403   424%  93.8 7681s
 15525723 8618653    4.51698   65  266    0.97346    5.10373   424%  93.8 7685s
 15534623 8622530    3.18164   83  270    0.97346    5.10354   424%  93.8 7690s
 15548544 8628650    2.22373   74  267    0.97346    5.10322   424%  93.8 7695s
 15557694 8633920    1.12366   95  175    0.97346    5.10301   424%  93.8 7700s
 15570709 8640411    1.00623   90  176    0.97346    5.10261   424%  93.8 7705s
 15581171 8644909     cutoff   85         0.97346    5.10236   424%  93.8 7710s
 15590851 8650927    2.71866   73  253    0.97346    5.10209   424%  93.8 7715s
H15596612 8651401                       0.9737991    5.10195   424%  93.8 7717s
H15599918 8653333                       0.9738024    5.10189   424%  93.8 7719s
 15601065 8654649    3.53858   65  238    0.97380    5.10188   424%  93.8 7721s
H15602001 8654278                       0.9739050    5.10188   424%  93.8 7721s
H15603495 8654278                       0.9739051    5.10180   424%  93.8 7722s
 15607424 8657044     cutoff   92         0.97391    5.10165   424%  93.8 7725s
 15618215 8663624    1.30374   81  213    0.97391    5.10137   424%  93.9 7730s
 15631542 8671019    1.97922   64  182    0.97391    5.10103   424%  93.9 7736s
 15641329 8675225    0.98668   89  160    0.97391    5.10082   424%  93.9 7740s
 15652375 8680956    1.00390   90  160    0.97391    5.10057   424%  93.9 7745s
 15661047 8685687    1.29357   80  211    0.97391    5.10039   424%  93.9 7750s
 15673944 8692005    0.97903   80  228    0.97391    5.09993   424%  93.9 7755s
H15683857 8695216                       0.9739135    5.09962   424%  93.9 7759s
 15684188 8696530    1.71114   74  221    0.97391    5.09952   424%  93.9 7760s
 15696923 8704618 infeasible   79         0.97391    5.09918   424%  93.9 7766s
H15703821 8707831                       0.9739217    5.09895   424%  93.9 7770s
H15711032 8710934                       0.9739541    5.09873   424%  93.9 7773s
 15713019 8712873    3.08561   71  252    0.97395    5.09873   424%  93.9 7775s
H15713949 8712841                       0.9739623    5.09873   424%  93.9 7775s
 15718093 8715249    4.82958   61  276    0.97396    5.09855   423%  93.9 7780s
 15727918 8720533    2.05237   83  228    0.97396    5.09829   423%  93.9 7785s
 15741086 8727412    1.34306   75  230    0.97396    5.09793   423%  93.9 7790s
 15751611 8732149     cutoff   95         0.97396    5.09774   423%  93.9 7795s
 15764143 8739212    1.50496   84  203    0.97396    5.09735   423%  94.0 7801s
 15773150 8744742    1.05863   90  216    0.97396    5.09712   423%  94.0 7805s
 15786007 8749861    2.46467   66  260    0.97396    5.09676   423%  94.0 7811s
 15795835 8754840    2.17898   69  212    0.97396    5.09642   423%  94.0 7815s
 15808691 8762560    4.95676   60  238    0.97396    5.09617   423%  94.0 7820s
 15816886 8766352    3.34673   79  272    0.97396    5.09601   423%  94.0 7826s
 15826401 8772719    1.97195   65  221    0.97396    5.09579   423%  94.0 7830s
 15835875 8777330    1.03448   88  249    0.97396    5.09560   423%  94.0 7835s
H15844899 8780512                       0.9739728    5.09542   423%  94.0 7839s
 15845173 8782720    1.02944   90  195    0.97397    5.09539   423%  94.0 7840s
 15855370 8787861    1.12861   82  193    0.97397    5.09515   423%  94.0 7845s
 15868491 8794575    2.52931   67  246    0.97397    5.09497   423%  94.0 7851s
 15877847 8801082    1.45794   72  226    0.97397    5.09468   423%  94.0 7855s
 15888713 8805556    1.17544   86  236    0.97397    5.09443   423%  94.0 7860s
 15898108 8810569     cutoff   89         0.97397    5.09425   423%  94.0 7865s
H15898389 8810053                       0.9741047    5.09425   423%  94.0 7866s
H15905342 8812804                       0.9741885    5.09402   423%  94.1 7869s
 15907082 8814357    2.55646   69  282    0.97419    5.09393   423%  94.1 7871s
H15907244 8813732                       0.9743510    5.09393   423%  94.1 7872s
H15910724 8815069                       0.9743665    5.09385   423%  94.1 7874s
 15914013 8816281 infeasible   84         0.97437    5.09377   423%  94.1 7875s
H15914909 8816213                       0.9743848    5.09376   423%  94.1 7876s
 15924364 8822456    3.25293   71  223    0.97438    5.09352   423%  94.1 7880s
H15927937 8823601                       0.9744233    5.09344   423%  94.1 7882s
 15933659 8827416    0.97949   88  268    0.97442    5.09339   423%  94.1 7886s
 15946804 8834805    1.65467   84  218    0.97442    5.09305   423%  94.1 7891s
 15957554 8839593 infeasible   77         0.97442    5.09272   423%  94.1 7895s
 15970130 8847605     cutoff   87         0.97442    5.09255   423%  94.1 7900s
 15978904 8853683    1.18025   86  206    0.97442    5.09237   423%  94.1 7905s
H15987345 8856705                       0.9744433    5.09211   423%  94.1 7909s
 15989635 8858497    1.07943   80  196    0.97444    5.09211   423%  94.1 7910s
 15999014 8863981    2.02330   86  241    0.97444    5.09187   423%  94.1 7915s
H16002422 8865962                       0.9744704    5.09179   423%  94.1 7916s
 16005538 8882152    1.03721   86  142    0.97447    5.09172   423%  94.1 7931s
 16044401 8887257    2.45868   82  206    0.97447    5.09058   422%  94.2 7935s
 16057347 8894282    3.63090   78  271    0.97447    5.09026   422%  94.2 7940s
 16070755 8901608    2.49461   70  256    0.97447    5.08984   422%  94.2 7945s
 16082769 8907725    1.16923   78  181    0.97447    5.08942   422%  94.2 7951s
 16091876 8912302    1.04208   92  140    0.97447    5.08919   422%  94.2 7956s
 16102269 8917342    1.24459   63  205    0.97447    5.08888   422%  94.2 7961s
 16110833 8923103 infeasible   84         0.97447    5.08876   422%  94.2 7965s
 16123276 8929159    1.26103   79  224    0.97447    5.08834   422%  94.2 7970s
 16132797 8934404     cutoff   87         0.97447    5.08809   422%  94.2 7975s
 16142955 8939915    4.31901   66  232    0.97447    5.08793   422%  94.2 7980s
 16156450 8946497     cutoff   90         0.97447    5.08758   422%  94.2 7986s
 16165058 8952024    2.10255   70  254    0.97447    5.08732   422%  94.2 7990s
 16177723 8958803    2.59917   71  246    0.97447    5.08709   422%  94.2 7995s
 16190994 8965136    1.11931   85  214    0.97447    5.08664   422%  94.3 8001s
 16200795 8970635    4.56337   72  255    0.97447    5.08640   422%  94.3 8006s
 16210396 8975756    0.99416   85  144    0.97447    5.08612   422%  94.3 8010s
 16220549 8980124    5.02539   65  241    0.97447    5.08580   422%  94.3 8015s
 16233815 8988053    1.08466   90  219    0.97447    5.08543   422%  94.3 8020s
 16243944 8994206 infeasible   94         0.97447    5.08513   422%  94.3 8025s
 16253136 8999546    1.93028   68  246    0.97447    5.08493   422%  94.3 8030s
 16264623 9005989    1.52843   86  228    0.97447    5.08464   422%  94.3 8035s
 16273374 9010479    1.09108   79  216    0.97447    5.08441   422%  94.3 8040s
 16286189 9018807 infeasible   80         0.97447    5.08404   422%  94.3 8046s
 16297130 9024572    1.42140   74  277    0.97447    5.08388   422%  94.3 8050s
 16307337 9029565    0.97821   90  221    0.97447    5.08365   422%  94.3 8055s
 16319330 9035965    2.14897   72  235    0.97447    5.08332   422%  94.3 8061s
 16329485 9041201    4.36944   70  279    0.97447    5.08307   422%  94.3 8065s
H16334273 9040775                       0.9750553    5.08298   421%  94.3 8067s
H16336181 9041630                       0.9751685    5.08285   421%  94.3 8069s
 16338361 9043664    1.56017   70  189    0.97517    5.08278   421%  94.3 8070s
H16344124 9044928                       0.9751757    5.08270   421%  94.3 8073s
 16348893 9048506    1.08754   90  171    0.97518    5.08247   421%  94.3 8076s
H16354390 9052434                       0.9751975    5.08240   421%  94.4 8079s
 16357830 9054306    1.31457   84  214    0.97520    5.08226   421%  94.4 8081s
 16368134 9058550    1.01726   93  156    0.97520    5.08203   421%  94.4 8086s
H16375873 9062223                       0.9752000    5.08183   421%  94.4 8089s
 16376786 9063036    1.12142   85  193    0.97520    5.08182   421%  94.4 8091s
 16379506 9065644     cutoff   95         0.97520    5.08179   421%  94.4 8095s
H16381493 9065628                       0.9752051    5.08179   421%  94.4 8095s
 16391820 9072026    1.79010   76  204    0.97521    5.08140   421%  94.4 8100s
 16402175 9077972    4.33270   62  197    0.97521    5.08118   421%  94.4 8105s
 16411802 9082289    3.96627   68  274    0.97521    5.08084   421%  94.4 8110s
 16420775 9087363     cutoff   95         0.97521    5.08059   421%  94.4 8115s
 16433397 9094312    1.20128   82  197    0.97521    5.08025   421%  94.4 8120s
 16445684 9100580     cutoff   86         0.97521    5.07994   421%  94.4 8125s
 16457869 9106358     cutoff   84         0.97521    5.07953   421%  94.4 8130s
H16458644 9106325                       0.9752125    5.07950   421%  94.4 8131s
 16467517 9110846 infeasible   81         0.97521    5.07923   421%  94.4 8135s
 16480271 9117227    1.02287   88  224    0.97521    5.07888   421%  94.4 8141s
 16489593 9122104 infeasible   73         0.97521    5.07858   421%  94.4 8146s
 16499001 9126727    4.41669   65  232    0.97521    5.07833   421%  94.5 8150s
H16499929 9126695                       0.9752192    5.07833   421%  94.5 8151s
 16509475 9131926    1.79292   67  236    0.97522    5.07800   421%  94.5 8155s
 16519560 9137509    1.07347   79  205    0.97522    5.07778   421%  94.5 8160s
 16529598 9142156     cutoff   86         0.97522    5.07736   421%  94.5 8165s
 16542277 9149170    3.77896   82  199    0.97522    5.07705   421%  94.5 8170s
 16554697 9157016    4.23746   68  281    0.97522    5.07674   421%  94.5 8176s
 16565084 9161527     cutoff   85         0.97522    5.07651   421%  94.5 8181s
 16574573 9166751     cutoff   98         0.97522    5.07636   421%  94.5 8185s
 16584749 9172168     cutoff   89         0.97522    5.07613   421%  94.5 8190s
 16593831 9177198    1.10707   84  218    0.97522    5.07586   420%  94.5 8195s
 16606458 9183710    2.62355   72  210    0.97522    5.07550   420%  94.5 8200s
 16616354 9188525    4.12889   80  261    0.97522    5.07534   420%  94.5 8205s
 16629679 9196022    3.76502   72  287    0.97522    5.07496   420%  94.5 8210s
 16635136 9198646    1.31880   79  171    0.97522    5.07484   420%  94.5 8215s
 16645950 9204729    1.60836   86  244    0.97522    5.07454   420%  94.6 8221s
 16654718 9209837    3.11217   64  239    0.97522    5.07443   420%  94.6 8225s
 16668175 9217111     cutoff   82         0.97522    5.07394   420%  94.6 8231s
 16678359 9221812    1.06250  103  204    0.97522    5.07362   420%  94.6 8235s
 16691891 9229199     cutoff   83         0.97522    5.07328   420%  94.6 8241s
 16701399 9234872    1.07378   93  193    0.97522    5.07299   420%  94.6 8245s
 16714219 9241360    1.41684   76  248    0.97522    5.07266   420%  94.6 8250s
 16726918 9247391     cutoff   82         0.97522    5.07226   420%  94.6 8256s
H16732472 9248775                       0.9752298    5.07220   420%  94.6 8258s
 16736695 9252435    1.35308   87  198    0.97523    5.07203   420%  94.6 8260s
 16749806 9260569 infeasible   82         0.97523    5.07173   420%  94.6 8266s
H16754290 9262330                       0.9752378    5.07168   420%  94.6 8267s
H16757701 9263989                       0.9752485    5.07156   420%  94.6 8269s
 16759303 9265349     cutoff   85         0.97525    5.07154   420%  94.6 8271s
 16768977 9270565    3.88867   76  267    0.97525    5.07120   420%  94.6 8276s
 16775043 9272477    1.38498   70  201    0.97525    5.07107   420%  94.6 8280s
 16786969 9279776    2.51369   66  260    0.97525    5.07072   420%  94.6 8285s
 16797027 9284904    1.22482   81  241    0.97525    5.07040   420%  94.6 8290s
 16810033 9291616    1.88854   72  279    0.97525    5.07012   420%  94.7 8296s
 16820079 9296553     cutoff   83         0.97525    5.06990   420%  94.7 8300s
 16829474 9302128    1.58279   78  251    0.97525    5.06962   420%  94.7 8305s
 16839237 9307575    1.09841   73  234    0.97525    5.06934   420%  94.7 8310s
 16853449 9316128    1.03370   91  190    0.97525    5.06899   420%  94.7 8315s
 16866280 9322611    4.07484   72  213    0.97525    5.06881   420%  94.7 8321s
 16876709 9327979    1.00621   99  169    0.97525    5.06854   420%  94.7 8325s
 16889406 9334156    1.59858   80  241    0.97525    5.06810   420%  94.7 8330s
 16903092 9341120     cutoff   86         0.97525    5.06775   420%  94.7 8336s
 16907574 9343170    1.03969   83  146    0.97525    5.06765   420%  94.7 8340s
 16918453 9349052    3.79874   68  250    0.97525    5.06732   420%  94.7 8345s
 16930567 9356661    1.48643   71  190    0.97525    5.06699   420%  94.7 8351s
 16940342 9360858    2.80757   72  264    0.97525    5.06682   420%  94.7 8355s
 16950982 9365917    3.52301   70  238    0.97525    5.06656   420%  94.7 8360s
 16963117 9374303    1.09401   82  178    0.97525    5.06631   419%  94.7 8366s
 16974475 9380426    3.15706   81  233    0.97525    5.06601   419%  94.8 8370s
 16987368 9387173    1.16359   71  223    0.97525    5.06581   419%  94.8 8376s
 16997017 9392714    3.61428   64  231    0.97525    5.06564   419%  94.8 8381s
 17007414 9398675    3.90005   74  238    0.97525    5.06542   419%  94.8 8386s
 17017363 9403920    3.81907   73  225    0.97525    5.06519   419%  94.8 8391s
 17027884 9410046     cutoff   83         0.97525    5.06484   419%  94.8 8396s
H17030421 9410008                       0.9752564    5.06484   419%  94.8 8396s
 17037125 9414330    2.70107   70  282    0.97526    5.06459   419%  94.8 8401s
 17047250 9419088    2.30217   64  258    0.97526    5.06429   419%  94.8 8405s
 17060969 9425397    1.48970   76  193    0.97526    5.06390   419%  94.8 8410s
 17069793 9430627    1.50165   69  260    0.97526    5.06371   419%  94.8 8415s
 17083769 9438920    1.16417   80  251    0.97526    5.06341   419%  94.8 8421s
 17092992 9444553    0.99828   91  203    0.97526    5.06315   419%  94.8 8426s
 17103424 9449634    4.78518   72  258    0.97526    5.06292   419%  94.8 8430s
 17115752 9456050    4.89160   71  290    0.97526    5.06261   419%  94.8 8436s
 17124868 9461236    1.56456   91  199    0.97526    5.06239   419%  94.9 8440s
 17133857 9465187    1.15000   85  255    0.97526    5.06223   419%  94.9 8445s
 17146358 9471620    1.86535   71  234    0.97526    5.06185   419%  94.9 8450s
 17155923 9476801    1.12210   84  176    0.97526    5.06155   419%  94.9 8455s
H17159852 9478903                       0.9752579    5.06149   419%  94.9 8457s
 17164573 9481639    3.76178   67  234    0.97526    5.06136   419%  94.9 8460s
 17177074 9488265    1.96470   76  227    0.97526    5.06111   419%  94.9 8465s
 17186470 9493349    1.51345   68  167    0.97526    5.06082   419%  94.9 8470s
 17198990 9500486    1.41754   74  220    0.97526    5.06055   419%  94.9 8476s
 17208514 9504882    3.50296   73  256    0.97526    5.06037   419%  94.9 8480s
 17220736 9510879    1.14078   85  149    0.97526    5.06009   419%  94.9 8486s
 17228425 9512443 infeasible   96         0.97526    5.05993   419%  94.9 8491s
 17229136 9518499    1.01364   95  195    0.97526    5.05992   419%  94.9 8495s
 17249514 9525015    0.98005   86  135    0.97526    5.05936   419%  94.9 8500s
 17262520 9532276 infeasible   73         0.97526    5.05903   419%  94.9 8506s
 17272932 9537323    3.43994   80  238    0.97526    5.05884   419%  95.0 8510s
H17273909 9537195                       0.9752821    5.05884   419%  95.0 8511s
 17283084 9541925    1.31120   83  215    0.97528    5.05848   419%  95.0 8515s
 17295273 9549025    1.19487   87  255    0.97528    5.05809   419%  95.0 8521s
 17306306 9554139    1.40901   77  181    0.97528    5.05779   419%  95.0 8525s
 17315680 9559719    1.22100   76  234    0.97528    5.05755   419%  95.0 8530s
 17329222 9566077    1.04854   94  219    0.97528    5.05715   419%  95.0 8535s
 17341523 9572497    1.65267   79  242    0.97528    5.05686   419%  95.0 8540s
 17353794 9579515    1.03070   77  200    0.97528    5.05657   418%  95.0 8545s
 17367417 9586358     cutoff   89         0.97528    5.05618   418%  95.0 8551s
 17376357 9591560    0.98177  117  154    0.97528    5.05605   418%  95.0 8556s
 17385717 9597517    4.04703   68  235    0.97528    5.05569   418%  95.0 8561s
 17399278 9604732    2.68998   60  252    0.97528    5.05535   418%  95.0 8566s
 17408953 9609775     cutoff   82         0.97528    5.05525   418%  95.0 8570s
 17421835 9615403    1.85658   64  217    0.97528    5.05489   418%  95.0 8575s
 17430820 9619561    1.01952   95  223    0.97528    5.05463   418%  95.0 8580s
 17443722 9626211     cutoff   83         0.97528    5.05432   418%  95.1 8585s
 17453594 9631208    1.85514   87  208    0.97528    5.05410   418%  95.1 8590s
 17465919 9637917    1.67172   91  197    0.97528    5.05379   418%  95.1 8595s
 17478014 9645397    1.32012   87  146    0.97528    5.05362   418%  95.1 8601s
 17488694 9650057    0.98813   89  173    0.97528    5.05336   418%  95.1 8606s
 17497788 9655496 infeasible   88         0.97528    5.05311   418%  95.1 8610s
 17510178 9662639    1.50466   79  230    0.97528    5.05276   418%  95.1 8615s
 17519418 9666616     cutoff   98         0.97528    5.05261   418%  95.1 8620s
 17523275 9670445    4.79196   70  275    0.97528    5.05253   418%  95.1 8625s
 17536992 9677267     cutoff   81         0.97528    5.05225   418%  95.1 8631s
 17546733 9682361    1.12957   92  174    0.97528    5.05202   418%  95.1 8635s
 17560131 9690075    1.01422   86  273    0.97528    5.05174   418%  95.1 8641s
 17570488 9696007    0.97943  106  146    0.97528    5.05150   418%  95.1 8646s
 17580481 9701366    1.33928   76  140    0.97528    5.05123   418%  95.1 8650s
 17589431 9707048    2.30079   73  247    0.97528    5.05096   418%  95.1 8655s
 17599976 9711810    1.72715   75  189    0.97528    5.05071   418%  95.1 8660s
 17609409 9717998    4.36598   75  258    0.97528    5.05055   418%  95.2 8665s
 17622246 9724911    2.42380   74  279    0.97528    5.05021   418%  95.2 8670s
 17634588 9731648    1.35934   73  173    0.97528    5.04997   418%  95.2 8675s
 17643916 9735826     cutoff   93         0.97528    5.04973   418%  95.2 8680s
 17657330 9743422     cutoff   86         0.97528    5.04941   418%  95.2 8685s
 17668833 9749055    1.49609   79  237    0.97528    5.04906   418%  95.2 8691s
 17678983 9754102    1.78121   64  188    0.97528    5.04875   418%  95.2 8696s
 17687787 9759509    3.35412   61  207    0.97528    5.04852   418%  95.2 8700s
 17701508 9766151    1.45079   70  200    0.97528    5.04819   418%  95.2 8706s
 17711968 9770671    1.80990   70  260    0.97528    5.04791   418%  95.2 8710s
 17724519 9777371    4.93538   62  201    0.97528    5.04760   418%  95.2 8716s
 17733659 9782832    1.14846   88  159    0.97528    5.04734   418%  95.2 8720s
 17746401 9790827    1.29201   77  168    0.97528    5.04718   418%  95.3 8726s
 17752501 9795100    2.53312   75  215    0.97528    5.04700   417%  95.3 8730s
 17766327 9801443     cutoff   88         0.97528    5.04673   417%  95.3 8736s
 17776455 9806252    1.53051   99  205    0.97528    5.04647   417%  95.3 8740s
 17786777 9810722     cutoff   99         0.97528    5.04624   417%  95.3 8745s
 17791414 9812814     cutoff   93         0.97528    5.04614   417%  95.3 8750s
 17802119 9819581    1.78513   74  295    0.97528    5.04586   417%  95.3 8755s
 17811747 9825540    4.47395   81  229    0.97528    5.04564   417%  95.3 8760s
 17818420 9829120    2.68176   67  216    0.97528    5.04554   417%  95.3 8765s
 17829924 9835973    1.80271   63  259    0.97528    5.04525   417%  95.3 8771s
 17840304 9840841    1.41575   81  223    0.97528    5.04504   417%  95.3 8776s
 17852498 9848086     cutoff   89         0.97528    5.04474   417%  95.3 8780s
 17865159 9854720    1.80609   80  192    0.97528    5.04449   417%  95.3 8786s
 17875417 9859805     cutoff   83         0.97528    5.04419   417%  95.3 8791s
 17884856 9865601    1.09885   90  183    0.97528    5.04393   417%  95.3 8795s
 17895207 9870655    2.98775   74  290    0.97528    5.04362   417%  95.3 8800s
H17906715 9875137                       0.9752829    5.04336   417%  95.4 8805s
 17913677 9880433    1.78725   78  200    0.97528    5.04312   417%  95.4 8810s
 17922739 9885714     cutoff   80         0.97528    5.04293   417%  95.4 8815s
 17932571 9890480    1.19830   68  232    0.97528    5.04265   417%  95.4 8820s
 17944902 9896734    1.32181   77  130    0.97528    5.04244   417%  95.4 8825s
 17954087 9901020    1.76849   73  286    0.97528    5.04227   417%  95.4 8830s
 17963745 9906521    2.18818   69  176    0.97528    5.04195   417%  95.4 8835s
 17976905 9912814    4.43852   70  251    0.97528    5.04161   417%  95.4 8841s
 17987380 9917974     cutoff   83         0.97528    5.04135   417%  95.4 8845s
 17996347 9922337    1.23518   84  209    0.97528    5.04116   417%  95.4 8850s
 18006536 9927668 infeasible   74         0.97528    5.04104   417%  95.4 8855s
 18019559 9934389    1.49943   65  230    0.97528    5.04064   417%  95.4 8861s
 18025548 9939181    1.93946   80  212    0.97528    5.04048   417%  95.4 8865s
 18040180 9947203    4.45694   68  228    0.97528    5.04020   417%  95.4 8870s
 18050387 9951992    2.27045   69  206    0.97528    5.03988   417%  95.4 8875s
 18057450 9955735    1.43824   79  266    0.97528    5.03978   417%  95.4 8881s
 18065661 9959907    4.74538   74  293    0.97528    5.03962   417%  95.5 8885s
 18080445 9967286    2.87328   74  214    0.97528    5.03927   417%  95.5 8891s
 18090194 9972661    4.02268   57  230    0.97528    5.03907   417%  95.5 8895s
 18100351 9977071     cutoff   76         0.97528    5.03876   417%  95.5 8900s
 18111171 9981782    1.13436   80  177    0.97528    5.03847   417%  95.5 8905s
 18121622 9988663    1.50719   91  286    0.97528    5.03824   417%  95.5 8910s
 18135127 9995874    1.25238   81  158    0.97528    5.03799   417%  95.5 8915s
 18145189 9999632    1.38625   83  237    0.97528    5.03769   417%  95.5 8920s
 18157436 10006015    1.06096   94  127    0.97528    5.03731   416%  95.5 8925s
 18166728 10011150    4.83006   58  220    0.97528    5.03708   416%  95.5 8930s
 18175971 10017022    1.08751   71  181    0.97528    5.03685   416%  95.5 8935s
 18186750 10021452    1.00921   91  171    0.97528    5.03652   416%  95.5 8940s
 18198735 10028560    1.61271   70  224    0.97528    5.03622   416%  95.5 8946s
 18208301 10033417    3.70981   63  263    0.97528    5.03601   416%  95.5 8951s
 18219009 10039614    1.81246   67  213    0.97528    5.03567   416%  95.5 8955s
 18232382 10045575     cutoff   86         0.97528    5.03538   416%  95.5 8961s
 18242910 10050857    4.41798   58  254    0.97528    5.03516   416%  95.6 8965s
 18252176 10057134    1.45485   72  235    0.97528    5.03488   416%  95.6 8970s
 18265651 10063844    1.21462   74  238    0.97528    5.03463   416%  95.6 8976s
 18275229 10068557 infeasible   91         0.97528    5.03432   416%  95.6 8980s
 18287989 10075298     cutoff   90         0.97528    5.03402   416%  95.6 8986s
 18297317 10079637    4.84850   70  243    0.97528    5.03384   416%  95.6 8990s
 18307123 10084699    1.91444   73  201    0.97528    5.03356   416%  95.6 8995s
 18319802 10091414    4.48044   66  269    0.97528    5.03322   416%  95.6 9000s
 18332268 10098508     cutoff   91         0.97528    5.03292   416%  95.6 9006s
 18340147 10103040    1.39129   73  208    0.97528    5.03276   416%  95.6 9010s
 18350825 10107974    1.51420   75  198    0.97528    5.03247   416%  95.6 9015s
 18363330 10115526     cutoff  102         0.97528    5.03232   416%  95.6 9020s
 18372947 10119087    1.10553   80  230    0.97528    5.03202   416%  95.6 9026s
 18377389 10123293    1.44886   69  244    0.97528    5.03188   416%  95.6 9030s
 18387835 10129286    1.22983   85  180    0.97528    5.03179   416%  95.7 9035s
 18397289 10133583    1.07792   92  224    0.97528    5.03161   416%  95.7 9040s
 18409499 10139834    2.60794   78  210    0.97528    5.03128   416%  95.7 9046s
 18419148 10145039    3.33230   67  230    0.97528    5.03115   416%  95.7 9050s
H18425572 10147410                       0.9754240    5.03106   416%  95.7 9054s
H18428941 10148468                       0.9755108    5.03099   416%  95.7 9056s
H18430475 10146821                       0.9758941    5.03099   416%  95.7 9057s
 18435276 10150155    1.01121   89  212    0.97589    5.03078   416%  95.7 9060s
 18448987 10157365    4.23201   66  271    0.97589    5.03047   415%  95.7 9066s
 18459716 10162709    1.48874   73  232    0.97589    5.03012   415%  95.7 9071s
 18469050 10168306    0.98469   94  104    0.97589    5.02998   415%  95.7 9075s
 18482176 10176021    1.67597   83  232    0.97589    5.02970   415%  95.7 9081s
 18491508 10182708    1.31108   81  224    0.97589    5.02961   415%  95.7 9086s
 18501945 10187917    4.41011   66  255    0.97589    5.02952   415%  95.7 9090s
 18511802 10192709    2.47006   63  196    0.97589    5.02931   415%  95.7 9095s
 18524138 10198797    1.37773   85  242    0.97589    5.02902   415%  95.7 9101s
 18534366 10203305    1.74653   72  213    0.97589    5.02871   415%  95.7 9105s
 18543149 10208211    1.17556   85  212    0.97589    5.02851   415%  95.8 9110s
 18556331 10215969     cutoff   89         0.97589    5.02820   415%  95.8 9115s
 18566477 10220435 infeasible   96         0.97589    5.02793   415%  95.8 9120s
 18579728 10227364    1.38854   82  196    0.97589    5.02766   415%  95.8 9125s
 18589654 10233083    2.18432   75  196    0.97589    5.02741   415%  95.8 9130s
 18599068 10239177 infeasible   63         0.97589    5.02717   415%  95.8 9135s
 18608981 10244052    1.80365   66  187    0.97589    5.02699   415%  95.8 9140s
 18621815 10250709    3.34282   77  253    0.97589    5.02666   415%  95.8 9145s
 18631762 10255421     cutoff   89         0.97589    5.02642   415%  95.8 9150s
 18638979 10258729    2.23780   69  217    0.97589    5.02631   415%  95.8 9155s
 18649761 10265599    1.35440   84  273    0.97589    5.02602   415%  95.8 9161s
 18660061 10270737    4.90788   61  226    0.97589    5.02571   415%  95.8 9165s
 18669869 10276424    1.45288   87  196    0.97589    5.02541   415%  95.8 9170s
 18684322 10283575     cutoff   88         0.97589    5.02517   415%  95.8 9176s
 18694207 10288121    1.69087   66  248    0.97589    5.02489   415%  95.8 9180s
 18707552 10295445    1.06827   82  249    0.97589    5.02454   415%  95.9 9186s
 18717583 10300965    2.36708   76  230    0.97589    5.02435   415%  95.9 9190s
 18729030 10307714    4.15640   74  264    0.97589    5.02405   415%  95.9 9195s
 18742561 10314757    4.62892   70  252    0.97589    5.02371   415%  95.9 9201s
 18752503 10318869 infeasible   88         0.97589    5.02345   415%  95.9 9206s
 18762401 10324448    1.61741   81  276    0.97589    5.02324   415%  95.9 9211s
 18772659 10329082 infeasible   82         0.97589    5.02294   415%  95.9 9215s
 18782424 10334342    1.68982   70  245    0.97589    5.02269   415%  95.9 9220s
 18792474 10340601    1.78724   76  238    0.97589    5.02250   415%  95.9 9225s
 18802171 10344272    1.02883   96  166    0.97589    5.02228   415%  95.9 9230s
 18807420 10349381    1.38286   74  168    0.97589    5.02213   415%  95.9 9235s
 18818024 10355036    1.10632   97  197    0.97589    5.02192   415%  95.9 9240s
 18831557 10361667    1.91303   73  226    0.97589    5.02158   415%  95.9 9245s
 18844703 10368696    4.06825   66  281    0.97589    5.02117   415%  95.9 9251s
 18855054 10373859    1.55561   82  294    0.97589    5.02089   414%  95.9 9255s
 18869248 10380535    1.54334   88  203    0.97589    5.02050   414%  95.9 9261s
 18877853 10385677     cutoff   90         0.97589    5.02028   414%  95.9 9265s
 18890216 10391154 infeasible   87         0.97589    5.02010   414%  96.0 9271s
 18891151 10393179    1.01672   88  230    0.97589    5.02010   414%  96.0 9275s
 18901024 10397608     cutoff   83         0.97589    5.01996   414%  96.0 9280s
 18914381 10406081    2.20753   77  246    0.97589    5.01969   414%  96.0 9285s
 18926922 10412307    1.13484   80  210    0.97589    5.01936   414%  96.0 9290s
 18940391 10418890    1.07736   83  245    0.97589    5.01902   414%  96.0 9296s
 18949758 10423910    1.23094   89  239    0.97589    5.01889   414%  96.0 9300s
 18960282 10429155    2.05718   70  274    0.97589    5.01866   414%  96.0 9305s
 18972605 10435609    1.85374   69  231    0.97589    5.01825   414%  96.0 9311s
 18981984 10441597    0.99980   97  180    0.97589    5.01809   414%  96.0 9315s
 18992016 10446822    1.86118   73  175    0.97589    5.01789   414%  96.0 9320s
 19001617 10452646    1.77898   71  278    0.97589    5.01771   414%  96.0 9325s
 19014892 10459715    2.87400   65  198    0.97589    5.01731   414%  96.0 9331s
 19024934 10465509    1.95429   68  263    0.97589    5.01711   414%  96.0 9335s
 19036956 10473166 infeasible   86         0.97589    5.01683   414%  96.1 9340s
 19046432 10478268    1.64616   64  248    0.97589    5.01662   414%  96.1 9345s
 19056074 10483548    2.20630   86  235    0.97589    5.01647   414%  96.1 9350s
 19067844 10490204    1.03805   80  217    0.97589    5.01620   414%  96.1 9356s
 19078292 10495882    1.61419   75  234    0.97589    5.01600   414%  96.1 9360s
 19090335 10502283    1.16761   81  201    0.97589    5.01565   414%  96.1 9365s
 19100402 10506743 infeasible   80         0.97589    5.01544   414%  96.1 9370s
 19112757 10512411    1.21312   88  237    0.97589    5.01504   414%  96.1 9375s
 19121398 10517168    1.12757   95  184    0.97589    5.01484   414%  96.1 9380s
 19131152 10522552    2.35538   63  189    0.97589    5.01459   414%  96.1 9385s
 19144512 10528858    4.38109   75  264    0.97589    5.01423   414%  96.1 9391s
 19156631 10534571    1.00383   80  222    0.97589    5.01386   414%  96.1 9396s
 19165916 10540332 infeasible   80         0.97589    5.01366   414%  96.1 9401s
 19175028 10545004 infeasible   80         0.97589    5.01347   414%  96.1 9405s
 19187227 10550259     cutoff   89         0.97589    5.01312   414%  96.1 9411s
 19196688 10555909    1.10926   99  230    0.97589    5.01294   414%  96.2 9415s
 19209739 10561304    1.11383   77  185    0.97589    5.01266   414%  96.2 9420s
 19221081 10566668    0.99644   83  216    0.97589    5.01241   414%  96.2 9425s
 19225745 10570590    1.66055   73  221    0.97589    5.01231   414%  96.2 9430s
 19240259 10577394    1.47634   78  244    0.97589    5.01194   414%  96.2 9436s
 19250384 10583304    0.97947   80  207    0.97589    5.01173   414%  96.2 9440s
 19259935 10587835 infeasible   82         0.97589    5.01154   414%  96.2 9445s
 19273456 10594469     cutoff  100         0.97589    5.01118   413%  96.2 9450s
 19281921 10598749    2.15606   65  252    0.97589    5.01098   413%  96.2 9455s
 19290805 10603404    2.01228   71  293    0.97589    5.01070   413%  96.2 9460s
 19303381 10609772    4.63290   64  209    0.97589    5.01042   413%  96.2 9466s
 19313753 10614365    1.16444   83  227    0.97589    5.01023   413%  96.2 9470s
 19326550 10621476    1.01711   86  234    0.97589    5.00997   413%  96.2 9475s
 19336692 10627191     cutoff   81         0.97589    5.00977   413%  96.2 9480s
 19346308 10632111     cutoff   82         0.97589    5.00958   413%  96.2 9485s
 19359559 10639068    1.00373   88  156    0.97589    5.00926   413%  96.2 9491s
 19368158 10644766    1.56283   74  194    0.97589    5.00900   413%  96.2 9495s
 19377134 10649034    1.08133   93  162    0.97589    5.00892   413%  96.2 9500s
 19390669 10655536    2.31019   65  231    0.97589    5.00862   413%  96.3 9505s
 19401941 10663215    1.42711   91  187    0.97589    5.00842   413%  96.3 9511s
 19412148 10667450     cutoff   86         0.97589    5.00816   413%  96.3 9515s
 19421106 10672916     cutoff   94         0.97589    5.00800   413%  96.3 9520s
 19435251 10679796     cutoff   90         0.97589    5.00769   413%  96.3 9526s
 19444515 10684870 infeasible   84         0.97589    5.00734   413%  96.3 9530s
 19453168 10690259    3.43817   72  255    0.97589    5.00725   413%  96.3 9535s
 19463037 10696390    2.95225   62  224    0.97589    5.00704   413%  96.3 9540s
 19476430 10703489    2.05312   67  172    0.97589    5.00673   413%  96.3 9545s
 19485624 10706881    1.00620   94  186    0.97589    5.00654   413%  96.3 9550s
 19497729 10712831    3.37420   76  208    0.97589    5.00624   413%  96.3 9555s
 19511127 10720323    0.97697  112  164    0.97589    5.00606   413%  96.3 9561s
 19519853 10725747     cutoff   89         0.97589    5.00585   413%  96.3 9565s
 19529411 10730629    1.41798   70  266    0.97589    5.00558   413%  96.3 9570s
 19536840 10734039    3.59402   71  258    0.97589    5.00544   413%  96.3 9576s
 19546341 10739113 infeasible   94         0.97589    5.00533   413%  96.3 9581s
 19556808 10743403    0.99485   87  151    0.97589    5.00500   413%  96.3 9585s
 19570547 10750029    1.08445   93  179    0.97589    5.00468   413%  96.4 9590s
 19582099 10757017    1.74162   74  261    0.97589    5.00447   413%  96.4 9596s
 19591899 10762006    1.33929   60  137    0.97589    5.00427   413%  96.4 9600s
 19601032 10767582     cutoff   91         0.97589    5.00412   413%  96.4 9605s
 19610890 10771971    1.35389   83  266    0.97589    5.00381   413%  96.4 9610s
 19623907 10778995    1.94920   78  223    0.97589    5.00351   413%  96.4 9615s
 19636205 10785516    2.13461   83  141    0.97589    5.00320   413%  96.4 9620s
 19646686 10790897    2.81302   73  202    0.97589    5.00304   413%  96.4 9625s
 19660024 10798285    2.76531   74  203    0.97589    5.00273   413%  96.4 9631s
 19669584 10804274 infeasible   81         0.97589    5.00254   413%  96.4 9636s
 19679803 10809740    1.03084  104  201    0.97589    5.00233   413%  96.4 9640s
 19688657 10814975 infeasible   71         0.97589    5.00207   413%  96.4 9645s
 19701926 10821609     cutoff   90         0.97589    5.00178   413%  96.4 9650s
 19714869 10827640    2.87640   75  260    0.97589    5.00146   413%  96.4 9656s
 19724011 10833397    1.04450   96  220    0.97589    5.00118   412%  96.4 9660s
 19737747 10838603    1.32840   83  221    0.97589    5.00078   412%  96.4 9666s
 19746895 10844503    1.70124   77  273    0.97589    5.00059   412%  96.4 9670s
 19757770 10849392    2.15725   73  245    0.97589    5.00031   412%  96.4 9676s
 19767294 10854623    4.54584   66  217    0.97589    5.00011   412%  96.5 9680s
 19777665 10860135    2.17357   87  210    0.97589    4.99985   412%  96.5 9685s
 19789365 10867375    1.11876   91  154    0.97589    4.99959   412%  96.5 9690s
 19802693 10874099 infeasible   88         0.97589    4.99927   412%  96.5 9695s
 19815611 10878513    1.06742   81  218    0.97589    4.99899   412%  96.5 9701s
 19822149 10883186    1.77164   83  261    0.97589    4.99874   412%  96.5 9706s
 19830633 10887808     cutoff   88         0.97589    4.99845   412%  96.5 9710s
 19845059 10893926 infeasible   82         0.97589    4.99813   412%  96.5 9715s
 19854542 10900993    2.78737   69  272    0.97589    4.99798   412%  96.5 9720s
 19860918 10903885    2.02091   69  242    0.97589    4.99792   412%  96.5 9726s
 19871628 10911050     cutoff   82         0.97589    4.99779   412%  96.5 9731s
 19881609 10916540    1.17059   81  254    0.97589    4.99756   412%  96.5 9736s
 19891622 10922525    2.11824   67  205    0.97589    4.99734   412%  96.5 9741s
 19901887 10926670    1.06121   99  248    0.97589    4.99711   412%  96.5 9746s
 19910655 10931912    2.31506   66  241    0.97589    4.99685   412%  96.5 9750s
 19923363 10939223    4.73970   59  237    0.97589    4.99664   412%  96.5 9756s
 19933295 10944489    1.37462   74  245    0.97589    4.99641   412%  96.5 9760s
 19942079 10950100 infeasible   98         0.97589    4.99621   412%  96.5 9765s
 19951287 10954688    2.08010   78  210    0.97589    4.99588   412%  96.5 9770s
 19964459 10961315     cutoff   87         0.97589    4.99553   412%  96.6 9775s
 19974958 10966030    1.66751   68  232    0.97589    4.99531   412%  96.6 9780s
 19983991 10971150    1.00177  102  198    0.97589    4.99507   412%  96.6 9785s
 19994337 10976625    1.48941   85  160    0.97589    4.99486   412%  96.6 9790s
 20003761 10981721    2.12499   80  252    0.97589    4.99458   412%  96.6 9795s
 20012527 10986991    1.87121   73  158    0.97589    4.99441   412%  96.6 9800s
 20023608 10992244    1.01455   86  230    0.97589    4.99416   412%  96.6 9805s
 20032624 10997141    2.07658   66  182    0.97589    4.99398   412%  96.6 9810s
 20045115 11002713    1.02899   85  260    0.97589    4.99366   412%  96.6 9816s
 20055409 11006226     cutoff   86         0.97589    4.99339   412%  96.6 9821s
 20065290 11010104     cutoff   82         0.97589    4.99323   412%  96.6 9825s
 20077971 11015746    0.99204   79  177    0.97589    4.99291   412%  96.6 9831s
 20087101 11021308     cutoff   96         0.97589    4.99270   412%  96.6 9835s
 20100428 11029008    1.63951   78  247    0.97589    4.99237   412%  96.6 9841s
 20109877 11033194    1.94328   69  231    0.97589    4.99216   412%  96.6 9845s
 20123086 11037979    1.78180   78  168    0.97589    4.99181   412%  96.7 9851s
 20126301 11041921    1.99081   66  254    0.97589    4.99179   412%  96.7 9855s
 20140444 11048446     cutoff   84         0.97589    4.99137   411%  96.7 9860s
 20151760 11053528    1.81912   86  208    0.97589    4.99111   411%  96.7 9865s
 20161584 11057991    1.35172   80  222    0.97589    4.99087   411%  96.7 9870s
 20174043 11065103    1.10541   77  252    0.97589    4.99048   411%  96.7 9875s
 20183749 11069977     cutoff   83         0.97589    4.99029   411%  96.7 9880s
 20193261 11076081    2.69862   77  238    0.97589    4.99012   411%  96.7 9885s
 20202773 11081526    2.23941   76  214    0.97589    4.98989   411%  96.7 9890s
 20216129 11088742    0.99948   81  142    0.97589    4.98958   411%  96.7 9896s
 20225999 11093146 infeasible   87         0.97589    4.98927   411%  96.7 9901s
 20236588 11096748    3.37679   71  242    0.97589    4.98899   411%  96.7 9906s
 20245854 11101552    4.57164   73  222    0.97589    4.98879   411%  96.7 9911s
 20256803 11107132    2.35935   72  223    0.97589    4.98847   411%  96.7 9916s
 20266398 11112244    1.15621   76  231    0.97589    4.98824   411%  96.7 9921s
 20276638 11117115    4.63577   61  228    0.97589    4.98795   411%  96.7 9925s
 20288636 11122247    1.16746   82  207    0.97589    4.98765   411%  96.7 9930s
 20297475 11127780    1.16462   76  219    0.97589    4.98751   411%  96.7 9935s
 20309722 11133855    1.77194   68  293    0.97589    4.98721   411%  96.7 9941s
 20318939 11138681    2.97228   77  201    0.97589    4.98704   411%  96.8 9945s
 20332758 11145421     cutoff   91         0.97589    4.98671   411%  96.8 9950s
 20342584 11150759    1.96766   75  198    0.97589    4.98652   411%  96.8 9955s
 20352110 11155373    2.06172   72  205    0.97589    4.98636   411%  96.8 9960s
 20365171 11161910     cutoff   94         0.97589    4.98601   411%  96.8 9966s
 20373812 11165962    1.62294   74  276    0.97589    4.98586   411%  96.8 9971s
 20384135 11170329    3.62444   69  288    0.97589    4.98555   411%  96.8 9975s
 20393478 11174668    1.16339   86   88    0.97589    4.98540   411%  96.8 9980s
 20403915 11181112     cutoff   78         0.97589    4.98524   411%  96.8 9985s
 20413673 11186743    1.30737   74  253    0.97589    4.98502   411%  96.8 9990s
 20424258 11203347     cutoff   84         0.97589    4.98468   411%  96.8 10004s
 20449204 11205926    2.71028   86  300    0.97589    4.98416   411%  96.8 10006s
 20460735 11210506    1.28985   86  230    0.97589    4.98394   411%  96.8 10010s
 20470472 11215566    1.18611   83  181    0.97589    4.98366   411%  96.8 10015s
 20482531 11221986    3.15862   76  204    0.97589    4.98334   411%  96.8 10021s
 20491170 11226584     cutoff   86         0.97589    4.98321   411%  96.9 10025s
 20500043 11231260     cutoff   92         0.97589    4.98292   411%  96.9 10030s
 20509456 11236811     cutoff   89         0.97589    4.98272   411%  96.9 10035s
 20522238 11243237    1.56400   81  253    0.97589    4.98248   411%  96.9 10040s
 20534417 11249659    3.26348   63  247    0.97589    4.98220   411%  96.9 10046s
 20544091 11254786    2.15574   60  237    0.97589    4.98198   411%  96.9 10050s
 20554648 11260022    1.13334   73  177    0.97589    4.98179   410%  96.9 10055s
 20567201 11266984    4.04579   68  249    0.97589    4.98144   410%  96.9 10061s
 20577548 11271133    2.25868   74  205    0.97589    4.98124   410%  96.9 10065s
 20587259 11277018    1.30260   84  250    0.97589    4.98100   410%  96.9 10070s
 20600322 11284396    1.65104   69  223    0.97589    4.98075   410%  96.9 10076s
 20610476 11289228     cutoff   87         0.97589    4.98056   410%  96.9 10080s
 20622566 11295615    3.56628   82  219    0.97589    4.98027   410%  96.9 10086s
 20631670 11300894    4.58159   73  285    0.97589    4.98002   410%  96.9 10090s
 20643806 11306674    1.04186   82  140    0.97589    4.97974   410%  96.9 10096s
 20653075 11311527    1.06234   81  195    0.97589    4.97949   410%  96.9 10100s
 20663111 11315733     cutoff   94         0.97589    4.97927   410%  96.9 10105s
 20672158 11321011    1.27352   77  167    0.97589    4.97898   410%  96.9 10110s
 20685514 11327194    1.40457   72  155    0.97589    4.97864   410%  97.0 10115s
 20694982 11332946    4.17344   72  287    0.97589    4.97857   410%  97.0 10120s
 20707758 11339769    1.33688   78  279    0.97589    4.97832   410%  97.0 10126s
 20717752 11344590     cutoff  103         0.97589    4.97800   410%  97.0 10130s
 20731117 11350971    1.86242   78  209    0.97589    4.97768   410%  97.0 10136s
 20741010 11356748    1.33918   77  244    0.97589    4.97751   410%  97.0 10140s
 20754562 11363249    1.40391   77  223    0.97589    4.97726   410%  97.0 10146s
 20767997 11369818    1.89518   76  224    0.97589    4.97701   410%  97.0 10151s
 20769766 11372305    1.82221   77  213    0.97589    4.97698   410%  97.0 10155s
 20780920 11378573     cutoff   88         0.97589    4.97678   410%  97.0 10160s
 20791876 11383641 infeasible   82         0.97589    4.97653   410%  97.0 10165s
 20801543 11389295     cutoff   75         0.97589    4.97627   410%  97.0 10170s
 20814088 11396411    4.11100   65  235    0.97589    4.97600   410%  97.0 10176s
 20824122 11400340    1.53058   75  233    0.97589    4.97585   410%  97.0 10181s
 20826664 11404491     cutoff   89         0.97589    4.97579   410%  97.0 10185s
 20839116 11410037    2.35384   85  268    0.97589    4.97548   410%  97.0 10190s
 20853283 11416242    1.01495   89  166    0.97589    4.97516   410%  97.0 10196s
 20863046 11421048 infeasible   74         0.97589    4.97493   410%  97.0 10200s
 20876080 11428791    3.35363   52  232    0.97589    4.97475   410%  97.0 10206s
 20885726 11433675    3.64605   69  251    0.97589    4.97444   410%  97.1 10211s
 20891882 11437218    1.01577   89  114    0.97589    4.97432   410%  97.1 10215s
 20905127 11443580    1.05717   90  161    0.97589    4.97409   410%  97.1 10221s
 20915514 11447361    1.14400   82  273    0.97589    4.97385   410%  97.1 10226s
 20924296 11452154    1.24900   78  256    0.97589    4.97364   410%  97.1 10230s
 20934665 11457374    3.38842   71  266    0.97589    4.97346   410%  97.1 10235s
 20947475 11465156    1.81650   81  228    0.97589    4.97332   410%  97.1 10241s
 20957723 11470811    1.66416   79  247    0.97589    4.97306   410%  97.1 10246s
 20967268 11474762 infeasible   68         0.97589    4.97293   410%  97.1 10250s
 20979296 11481923    4.46353   66  229    0.97589    4.97260   410%  97.1 10256s
 20990314 11487720     cutoff   81         0.97589    4.97252   410%  97.1 10261s
 21000451 11492526     cutoff   78         0.97589    4.97227   410%  97.1 10265s
 21013004 11498684 infeasible   71         0.97589    4.97191   409%  97.1 10271s
 21021602 11504868     cutoff   88         0.97589    4.97184   409%  97.1 10275s
 21031655 11508420    4.06351   69  199    0.97589    4.97167   409%  97.1 10280s
 21038702 11514391    1.19560   69  254    0.97589    4.97145   409%  97.1 10286s
 21048863 11519314    3.75893   73  227    0.97589    4.97122   409%  97.1 10291s
 21059687 11524028    1.18652   92  217    0.97589    4.97098   409%  97.1 10296s
 21068866 11528702     cutoff   85         0.97589    4.97071   409%  97.1 10300s
 21079598 11534270    1.47240   68  143    0.97589    4.97044   409%  97.1 10305s
 21092713 11540677 infeasible   92         0.97589    4.97021   409%  97.1 10310s
 21105292 11547252    1.01233   87  139    0.97589    4.96990   409%  97.2 10315s
 21114657 11551711 infeasible  111         0.97589    4.96963   409%  97.2 10320s
 21127780 11558454    2.01912   82  224    0.97589    4.96926   409%  97.2 10325s
 21141539 11565769    4.73431   71  247    0.97589    4.96895   409%  97.2 10330s
 21153691 11572487     cutoff   76         0.97589    4.96871   409%  97.2 10335s
 21164047 11577529    2.08427   78  207    0.97589    4.96846   409%  97.2 10340s
 21174369 11582424    1.01132   80  259    0.97589    4.96819   409%  97.2 10345s
 21184335 11586871    3.58007   82  220    0.97589    4.96789   409%  97.2 10350s
 21193079 11592248     cutoff  101         0.97589    4.96774   409%  97.2 10355s
 21205557 11598611 infeasible   80         0.97589    4.96745   409%  97.2 10361s
 21215482 11603644    1.04070   96  240    0.97589    4.96721   409%  97.2 10366s
 21225472 11608290    0.98242   98  122    0.97589    4.96701   409%  97.2 10370s
 21238088 11615295    3.99840   71  250    0.97589    4.96681   409%  97.2 10376s
 21247339 11618921     cutoff   94         0.97589    4.96656   409%  97.2 10381s
 21257498 11623476    2.94061   75  230    0.97589    4.96630   409%  97.2 10385s
 21266768 11629296 infeasible   77         0.97589    4.96618   409%  97.2 10390s
 21279673 11635886    3.75771   75  271    0.97589    4.96588   409%  97.2 10396s
 21288573 11640806    3.83753   77  209    0.97589    4.96572   409%  97.2 10400s
 21298981 11645670    1.25126   79  173    0.97589    4.96552   409%  97.2 10405s
 21311753 11650848    3.99513   75  257    0.97589    4.96524   409%  97.2 10411s
 21312256 11658498    3.75242   76  239    0.97589    4.96524   409%  97.2 10417s
 21331959 11663497    1.09445   80  222    0.97589    4.96480   409%  97.2 10421s
 21344500 11669272     cutoff   80         0.97589    4.96451   409%  97.3 10425s
 21353964 11674703    2.11128   81  225    0.97589    4.96424   409%  97.3 10430s
 21367126 11682148 infeasible   83         0.97589    4.96394   409%  97.3 10436s
 21376206 11687384    1.38227   76  256    0.97589    4.96380   409%  97.3 10441s
 21387107 11692706     cutoff   93         0.97589    4.96361   409%  97.3 10445s
 21396613 11697646     cutoff   74         0.97589    4.96343   409%  97.3 10450s
 21406110 11703311    1.90978   81  208    0.97589    4.96317   409%  97.3 10455s
 21419683 11710148    2.20740   75  143    0.97589    4.96289   409%  97.3 10460s
 21433204 11716964    1.56016   78  227    0.97589    4.96255   409%  97.3 10466s
 21443347 11721369    4.35999   77  240    0.97589    4.96232   408%  97.3 10470s
 21452728 11727415     cutoff   92         0.97589    4.96217   408%  97.3 10475s
 21465732 11734422    1.83622   79  295    0.97589    4.96185   408%  97.3 10481s
 21476440 11739527    1.06481  100  193    0.97589    4.96162   408%  97.3 10485s
 21485835 11744415    1.61916   79  194    0.97589    4.96143   408%  97.3 10490s
 21499699 11752054    1.23961   75  235    0.97589    4.96121   408%  97.3 10496s
 21509266 11757336    1.14900   98  189    0.97589    4.96097   408%  97.3 10500s
 21519124 11762861    1.19165   89  217    0.97589    4.96080   408%  97.4 10505s
 21528010 11768190    1.86469   61  260    0.97589    4.96058   408%  97.4 10510s
 21541269 11773983 infeasible   93         0.97589    4.96030   408%  97.4 10516s
 21549944 11779058 infeasible   85         0.97589    4.96020   408%  97.4 10521s
 21560188 11783964 infeasible   85         0.97589    4.95992   408%  97.4 10526s
 21569384 11789746     cutoff   99         0.97589    4.95972   408%  97.4 10530s
 21578394 11794932    1.01779   87  180    0.97589    4.95956   408%  97.4 10535s
 21591873 11802159    1.37776   86  248    0.97589    4.95931   408%  97.4 10541s
 21602121 11806467    1.70585   71  166    0.97589    4.95909   408%  97.4 10545s
 21612175 11815485 infeasible   65         0.97589    4.95889   408%  97.4 10554s
 21622589 11818528     cutoff   72         0.97589    4.95870   408%  97.4 10556s
 21637130 11824785    1.94693   59  162    0.97589    4.95845   408%  97.4 10561s
 21646728 11830105    2.37536   81  212    0.97589    4.95820   408%  97.4 10566s
 21656393 11834957    1.04664   90  162    0.97589    4.95796   408%  97.4 10570s
 21665799 11839541    4.86003   63  208    0.97589    4.95775   408%  97.4 10575s
 21678925 11846220    1.69652   65  248    0.97589    4.95741   408%  97.4 10581s
 21688980 11851579    1.55457   88  227    0.97589    4.95725   408%  97.4 10585s
 21699179 11856565 infeasible   80         0.97589    4.95705   408%  97.4 10590s
 21708137 11861684    1.64839   67  235    0.97589    4.95693   408%  97.4 10595s
 21719401 11867109    1.43634   78  246    0.97589    4.95665   408%  97.5 10600s
 21729405 11872486    3.50244   69  231    0.97589    4.95647   408%  97.5 10605s
 21738665 11878087    1.75324   72  237    0.97589    4.95628   408%  97.5 10610s
 21752402 11885066    1.55780   67  216    0.97589    4.95594   408%  97.5 10615s
 21762016 11890393    1.00893   82  202    0.97589    4.95580   408%  97.5 10620s
 21772655 11896087    2.23338   69  233    0.97589    4.95561   408%  97.5 10626s
 21782141 11901051    0.99933   80  205    0.97589    4.95541   408%  97.5 10630s
 21795780 11906798    1.17255   85  224    0.97589    4.95519   408%  97.5 10635s
 21809399 11913648 infeasible  102         0.97589    4.95482   408%  97.5 10641s
 21819008 11918270     cutoff   95         0.97589    4.95457   408%  97.5 10645s
 21832136 11926127    1.21123   86  268    0.97589    4.95435   408%  97.5 10650s
 21836447 11928730     cutoff   82         0.97589    4.95432   408%  97.5 10656s
 21847118 11935534    1.33660   74  242    0.97589    4.95410   408%  97.5 10661s
 21857031 11941207    1.35069   87  214    0.97589    4.95404   408%  97.5 10666s
 21870086 11948533     cutoff   81         0.97589    4.95385   408%  97.5 10671s
 21879408 11953299    1.50943   83  237    0.97589    4.95359   408%  97.5 10676s
 21889724 11958045    1.05457   81  106    0.97589    4.95340   408%  97.5 10680s
 21898359 11962252    1.40784   66  214    0.97589    4.95324   408%  97.5 10686s
 21905575 11966919 infeasible   75         0.97589    4.95313   408%  97.6 10691s
 21916588 11973506    2.91879   71  216    0.97589    4.95295   408%  97.6 10696s
 21926042 11978660    1.67561   73  221    0.97589    4.95279   408%  97.6 10701s
 21936722 11984194     cutoff   95         0.97589    4.95260   407%  97.6 10706s
 21946205 11988538    1.22989   81  212    0.97589    4.95241   407%  97.6 10710s
 21955876 11994043 infeasible   72         0.97589    4.95217   407%  97.6 10715s
 21968891 12000597    3.67739   66  285    0.97589    4.95182   407%  97.6 10720s
 21981447 12007344     cutoff  102         0.97589    4.95155   407%  97.6 10725s
 21993873 12015027    1.28388   85  228    0.97589    4.95140   407%  97.6 10730s
 22007358 12021995    1.34087   79  231    0.97589    4.95119   407%  97.6 10735s
 22021120 12029883     cutoff   91         0.97589    4.95093   407%  97.6 10740s
 22034184 12037053    1.17794   76  193    0.97589    4.95067   407%  97.6 10746s
 22043087 12041462    2.46294   75  281    0.97589    4.95050   407%  97.6 10751s
 22053649 12046499     cutoff   79         0.97589    4.95030   407%  97.6 10755s
 22062833 12051657    1.57007   84  316    0.97589    4.95007   407%  97.6 10760s
 22072700 12057180    1.46240   78  214    0.97589    4.94989   407%  97.6 10766s
 22083001 12061974    4.44608   64  234    0.97589    4.94966   407%  97.6 10771s
 22093773 12066818    1.13005   86  199    0.97589    4.94945   407%  97.7 10776s
 22103476 12072179    1.23188   77  198    0.97589    4.94931   407%  97.7 10781s
 22113035 12077853    1.27613   90  235    0.97589    4.94907   407%  97.7 10785s
 22126564 12085045    1.62078   69  288    0.97589    4.94884   407%  97.7 10791s
 22136240 12089442    3.73582   81  271    0.97589    4.94866   407%  97.7 10795s
 22148435 12096137    1.53685   73  260    0.97589    4.94838   407%  97.7 10801s
 22158817 12101105    1.10599   84  201    0.97589    4.94816   407%  97.7 10806s
 22168477 12107037    1.04018   87  187    0.97589    4.94803   407%  97.7 10810s
 22178821 12111720    1.44948   75  195    0.97589    4.94775   407%  97.7 10815s
 22191407 12118402     cutoff   87         0.97589    4.94754   407%  97.7 10820s
 22200268 12124018    1.13290   81  251    0.97589    4.94738   407%  97.7 10825s
 22213255 12130956    1.85757   86  216    0.97589    4.94703   407%  97.7 10831s
 22223732 12136332    1.27627   94  199    0.97589    4.94697   407%  97.7 10836s
 22229332 12140449    1.08134  100  187    0.97589    4.94689   407%  97.7 10841s
 22241254 12146068     cutoff   92         0.97589    4.94663   407%  97.7 10846s
 22251340 12151276    2.08804   69  193    0.97589    4.94642   407%  97.7 10851s
 22261892 12156776    3.29799   69  288    0.97589    4.94615   407%  97.7 10856s
 22271879 12162382    1.10929   81  184    0.97589    4.94603   407%  97.7 10861s
 22281919 12168014 infeasible   81         0.97589    4.94584   407%  97.7 10866s
 22290505 12172453    1.07431   94  219    0.97589    4.94569   407%  97.7 10871s
 22299643 12177397    1.56871   68  162    0.97589    4.94555   407%  97.8 10875s
 22312840 12183270 infeasible   81         0.97589    4.94522   407%  97.8 10881s
 22321370 12188660    1.05816   74  205    0.97589    4.94510   407%  97.8 10885s
 22331143 12191989     cutoff   78         0.97589    4.94486   407%  97.8 10890s
 22343951 12199509    1.17886   85  184    0.97589    4.94460   407%  97.8 10896s
 22355286 12203995     cutoff   89         0.97589    4.94448   407%  97.8 10900s
 22364696 12208487    0.97812   89  164    0.97589    4.94420   407%  97.8 10905s
 22376802 12216234    1.03912   95  240    0.97589    4.94397   407%  97.8 10910s
 22387264 12221968    1.70727   71  232    0.97589    4.94374   407%  97.8 10916s
 22397308 12226841    4.81574   62  248    0.97589    4.94356   407%  97.8 10921s
 22406232 12232254    1.48959   66  246    0.97589    4.94338   407%  97.8 10925s
 22415984 12236777    1.01626   84  195    0.97589    4.94321   407%  97.8 10930s
 22424524 12240749    1.77085   76  162    0.97589    4.94305   407%  97.8 10935s
 22437923 12247725    1.07695   86  157    0.97589    4.94277   406%  97.8 10941s
 22446771 12252918    4.40657   70  254    0.97589    4.94266   406%  97.8 10945s
 22457314 12257828    4.54588   62  234    0.97589    4.94234   406%  97.8 10950s
 22466145 12262737    3.01852   71  204    0.97589    4.94221   406%  97.8 10955s
 22475782 12268312    2.11622   68  242    0.97589    4.94199   406%  97.8 10960s
 22486395 12272909    1.08799   98  206    0.97589    4.94179   406%  97.8 10965s
 22498599 12279250     cutoff   92         0.97589    4.94154   406%  97.8 10971s
 22507223 12283817    4.93319   69  216    0.97589    4.94129   406%  97.8 10975s
 22511791 12285793    1.26617   89  189    0.97589    4.94123   406%  97.8 10981s
 22521101 12291087    2.54281   66  217    0.97589    4.94100   406%  97.9 10985s
 22530722 12296335    1.14148   87  214    0.97589    4.94086   406%  97.9 10990s
 22544452 12303066    2.88906   69  288    0.97589    4.94048   406%  97.9 10995s
 22557505 12310484    2.34107   77  215    0.97589    4.94031   406%  97.9 11000s
 22570569 12318050 infeasible   68         0.97589    4.94005   406%  97.9 11006s
 22579130 12322677     cutoff   71         0.97589    4.93981   406%  97.9 11011s
 22590363 12328032     cutoff   89         0.97589    4.93961   406%  97.9 11016s
 22599756 12332660     cutoff   92         0.97589    4.93941   406%  97.9 11020s
 22612879 12340979    1.31682   83  183    0.97589    4.93915   406%  97.9 11026s
 22622151 12345299 infeasible   86         0.97589    4.93902   406%  97.9 11031s
 22631156 12350179    1.22060   77  213    0.97589    4.93882   406%  97.9 11035s
 22644351 12357007     cutoff   80         0.97589    4.93852   406%  97.9 11041s
 22654151 12361813    1.02197   83  198    0.97589    4.93828   406%  97.9 11045s
 22662836 12367754    1.25579   83  239    0.97589    4.93819   406%  97.9 11050s
 22675775 12373719 infeasible   85         0.97589    4.93789   406%  97.9 11056s
 22685232 12378647     cutoff  105         0.97589    4.93767   406%  97.9 11060s
 22697895 12384321     cutoff   83         0.97589    4.93746   406%  97.9 11066s
 22707971 12389004    4.53747   66  227    0.97589    4.93726   406%  97.9 11070s
 22721829 12397075    1.67701   62  216    0.97589    4.93698   406%  97.9 11075s
 22734830 12403877    2.59379   65  249    0.97589    4.93673   406%  97.9 11081s
 22744663 12409752    1.85067   71  221    0.97589    4.93655   406%  97.9 11085s
 22754718 12415143    1.14314   89  225    0.97589    4.93636   406%  98.0 11090s
 22762990 12420371    2.90196   66  230    0.97589    4.93625   406%  98.0 11095s
 22773953 12425575    1.54542   75  230    0.97589    4.93596   406%  98.0 11100s
 22783293 12431158    1.82321   78  180    0.97589    4.93576   406%  98.0 11105s
 22796165 12438531    2.28816   62  240    0.97589    4.93559   406%  98.0 11111s
 22805837 12442926    2.17013   62  216    0.97589    4.93535   406%  98.0 11115s
 22814879 12447349    1.07144   89  184    0.97589    4.93515   406%  98.0 11120s
 22827567 12453498     cutoff   87         0.97589    4.93488   406%  98.0 11126s
 22834504 12456526    1.10400   75  184    0.97589    4.93470   406%  98.0 11130s
 22837685 12460260     cutoff   88         0.97589    4.93468   406%  98.0 11136s
 22846130 12464115    3.28504   70  256    0.97589    4.93454   406%  98.0 11140s
 22860321 12471135    1.58161   80  147    0.97589    4.93420   406%  98.0 11145s
 22870840 12475362 infeasible   81         0.97589    4.93396   406%  98.0 11150s
 22880519 12480125    4.41752   69  251    0.97589    4.93381   406%  98.0 11155s
 22889564 12484884    1.26155   82  262    0.97589    4.93364   406%  98.0 11160s
 22900037 12490571     cutoff   86         0.97589    4.93341   406%  98.0 11165s
 22914282 12498160    1.37670   75  245    0.97589    4.93315   406%  98.0 11171s
 22923072 12502819    1.58922   75  258    0.97589    4.93303   405%  98.0 11175s
 22936260 12509767     cutoff   74         0.97589    4.93268   405%  98.0 11181s
 22945619 12514864    1.35878   74  211    0.97589    4.93252   405%  98.0 11185s
 22958717 12521946    2.32148   61  226    0.97589    4.93223   405%  98.0 11190s
 22969487 12526646 infeasible   74         0.97589    4.93205   405%  98.0 11195s
 22978842 12532205    3.53337   69  274    0.97589    4.93190   405%  98.0 11200s
 22991683 12538641 infeasible  110         0.97589    4.93156   405%  98.1 11206s
 23000982 12544525     cutoff   79         0.97589    4.93142   405%  98.1 11211s
 23011143 12549733    1.51778   77  236    0.97589    4.93121   405%  98.1 11215s
 23020912 12555041    2.70472   72  219    0.97589    4.93104   405%  98.1 11220s
 23034304 12562702     cutoff   79         0.97589    4.93077   405%  98.1 11225s
 23043201 12567829    1.51357   79  206    0.97589    4.93060   405%  98.1 11230s
 23056338 12575035    2.61361   62  224    0.97589    4.93029   405%  98.1 11235s
 23066044 12580141    1.86799   87  163    0.97589    4.93022   405%  98.1 11240s
 23079464 12587377    3.95492   75  274    0.97589    4.92986   405%  98.1 11246s
 23088680 12591751     cutoff   84         0.97589    4.92966   405%  98.1 11250s
 23099090 12597227    1.81887   84  199    0.97589    4.92941   405%  98.1 11255s
 23111134 12602901    0.98615   98  202    0.97589    4.92920   405%  98.1 11261s
 23120324 12608710    1.13456   84  195    0.97589    4.92896   405%  98.1 11265s
 23125730 12610952    1.23155   98  208    0.97589    4.92891   405%  98.1 11271s
 23135784 12616218     cutoff   65         0.97589    4.92874   405%  98.1 11276s
 23145551 12621901    1.21249   93  176    0.97589    4.92849   405%  98.1 11280s
 23156116 12627518    1.07314   86  117    0.97589    4.92830   405%  98.1 11285s
 23165465 12631624     cutoff   85         0.97589    4.92815   405%  98.1 11290s
 23174006 12636427    1.45644   81  188    0.97589    4.92799   405%  98.1 11295s
 23186180 12643388    1.61389   76  267    0.97589    4.92779   405%  98.1 11301s
 23196975 12648382    3.87916   71  273    0.97589    4.92748   405%  98.1 11305s
 23206076 12653574    1.06761  112  181    0.97589    4.92733   405%  98.1 11310s
 23215147 12659065    1.02523   89  212    0.97589    4.92713   405%  98.1 11315s
 23228772 12665324    3.00086   67  223    0.97589    4.92695   405%  98.1 11321s
 23238772 12670768    1.46685   81  211    0.97589    4.92672   405%  98.2 11326s
 23248902 12676936    1.22993   95  192    0.97589    4.92663   405%  98.2 11330s
 23259004 12682236 infeasible   85         0.97589    4.92644   405%  98.2 11335s
 23268721 12687165    1.02866   90  246    0.97589    4.92623   405%  98.2 11340s
 23281967 12693421    1.04292   96  202    0.97589    4.92596   405%  98.2 11346s
 23290271 12698285    1.19945   74  218    0.97589    4.92579   405%  98.2 11350s
 23303498 12705666    1.99773   78  202    0.97589    4.92556   405%  98.2 11356s
 23312545 12711141    1.07969   94  117    0.97589    4.92542   405%  98.2 11361s
 23322313 12715840    2.63522   74  242    0.97589    4.92517   405%  98.2 11366s
 23332203 12721443 infeasible   77         0.97589    4.92504   405%  98.2 11371s
 23341775 12726221    1.27216   78  181    0.97589    4.92487   405%  98.2 11375s
 23354293 12732709     cutoff   93         0.97589    4.92456   405%  98.2 11381s
 23364593 12738026    1.57795   69  222    0.97589    4.92441   405%  98.2 11385s
 23373675 12744088    2.98237   66  212    0.97589    4.92423   405%  98.2 11390s
 23383015 12748683     cutoff   78         0.97589    4.92411   405%  98.2 11395s
 23396614 12754717     cutoff   81         0.97589    4.92375   405%  98.2 11401s
 23405929 12760417    1.61871   69  271    0.97589    4.92357   405%  98.2 11405s
 23413990 12763212    4.55067   64  251    0.97589    4.92342   405%  98.2 11411s
 23417951 12767550    1.79256   82  261    0.97589    4.92332   404%  98.2 11415s
 23428960 12771863    1.05452   82  231    0.97589    4.92308   404%  98.2 11420s
 23439141 12777219    1.14997   84  277    0.97589    4.92291   404%  98.2 11425s
 23453022 12784115    1.94705   70  182    0.97589    4.92265   404%  98.3 11431s
 23461992 12788988    1.98621   71  276    0.97589    4.92241   404%  98.3 11435s
 23471617 12793314    1.25222   81  253    0.97589    4.92221   404%  98.3 11440s
 23483773 12800611    1.43883   78  214    0.97589    4.92195   404%  98.3 11445s
 23494530 12805333    1.07414   83  233    0.97589    4.92175   404%  98.3 11450s
 23503971 12810030    1.83626   97  244    0.97589    4.92150   404%  98.3 11455s
 23513771 12815291    1.96280   64  189    0.97589    4.92127   404%  98.3 11460s
 23522424 12820691    1.70772   82  185    0.97589    4.92106   404%  98.3 11465s
 23532764 12825590    1.85028   53  185    0.97589    4.92089   404%  98.3 11470s
 23543540 12830005     cutoff  113         0.97589    4.92067   404%  98.3 11475s
 23557034 12836469    1.17618   90  180    0.97589    4.92042   404%  98.3 11481s
 23569899 12843794    1.09073   83  228    0.97589    4.92023   404%  98.3 11486s
 23580183 12848496    1.10169   91  198    0.97589    4.91994   404%  98.3 11490s
 23592644 12855072    1.50394   85  243    0.97589    4.91967   404%  98.3 11496s
 23601895 12860365 infeasible   79         0.97589    4.91954   404%  98.3 11501s
 23611311 12865210    1.00569   67  141    0.97589    4.91935   404%  98.3 11505s
 23622818 12871719    1.45086   85  281    0.97589    4.91913   404%  98.3 11510s
 23631889 12876206    1.85789   75  235    0.97589    4.91892   404%  98.3 11515s
 23644967 12882342    1.15194   77  157    0.97589    4.91868   404%  98.3 11521s
 23653714 12887813    1.21456   77  129    0.97589    4.91858   404%  98.3 11525s
 23662482 12892573 infeasible   91         0.97589    4.91843   404%  98.3 11530s
 23672875 12897352    1.10659   83  232    0.97589    4.91819   404%  98.3 11535s
 23685099 12904972    1.37458   78  242    0.97589    4.91796   404%  98.3 11541s
 23694826 12910026    1.09799   73  208    0.97589    4.91776   404%  98.4 11545s
 23708205 12918238    3.37105   67  245    0.97589    4.91753   404%  98.4 11550s
 23717801 12921224     cutoff   93         0.97589    4.91734   404%  98.4 11555s
 23723468 12925991    1.15328   82  230    0.97589    4.91728   404%  98.4 11561s
 23734260 12930739    1.13596   74  210    0.97589    4.91704   404%  98.4 11566s
 23745266 12936215     cutoff   87         0.97589    4.91676   404%  98.4 11570s
 23758081 12944017    1.48387   82  183    0.97589    4.91642   404%  98.4 11575s
 23767390 12948691    2.40917   79  227    0.97589    4.91637   404%  98.4 11580s
 23776606 12954062     cutoff   96         0.97589    4.91622   404%  98.4 11585s
 23789482 12960670    3.50024   69  254    0.97589    4.91602   404%  98.4 11591s
 23798862 12966519    3.16748   76  263    0.97589    4.91579   404%  98.4 11596s
 23809115 12971763    1.63499   75  264    0.97589    4.91567   404%  98.4 11600s
 23822169 12978895    1.38969   73  219    0.97589    4.91537   404%  98.4 11605s
 23831141 12982244     cutoff   84         0.97589    4.91526   404%  98.4 11610s
 23838545 12986570    1.95475   74  246    0.97589    4.91506   404%  98.4 11615s
 23852296 12994034 infeasible   87         0.97589    4.91486   404%  98.4 11621s
 23862955 12998899     cutoff   90         0.97589    4.91456   404%  98.4 11625s
 23875992 13005220    1.89876   83  230    0.97589    4.91427   404%  98.4 11631s
 23885737 13009745    1.32517   80  259    0.97589    4.91410   404%  98.4 11635s
 23898025 13017002    1.92556   64  202    0.97589    4.91392   404%  98.5 11641s
 23908225 13022151    1.49946   82  246    0.97589    4.91374   404%  98.5 11645s
 23920967 13028607    1.13724   79  183    0.97589    4.91346   403%  98.5 11651s
 23931273 13033000    3.37271   73  226    0.97589    4.91321   403%  98.5 11655s
 23944168 13039073     cutoff   86         0.97589    4.91293   403%  98.5 11661s
 23953533 13045010 infeasible   71         0.97589    4.91270   403%  98.5 11665s
 23966791 13052276    3.50048   70  251    0.97589    4.91251   403%  98.5 11671s
 23976497 13056872    1.54275   79  153    0.97589    4.91225   403%  98.5 11675s
 23988763 13063656    0.98137   90  174    0.97589    4.91198   403%  98.5 11680s
 23996650 13068065    3.27801   66  224    0.97589    4.91187   403%  98.5 11686s
 24005474 13073574    1.35125   87  195    0.97589    4.91167   403%  98.5 11690s
 24020468 13082900    1.71558   86  253    0.97589    4.91138   403%  98.5 11696s
 24030002 13087680    1.18990   92  217    0.97589    4.91124   403%  98.5 11700s
 24041907 13093586 infeasible   87         0.97589    4.91099   403%  98.5 11705s
 24051342 13097843    0.98002   92  216    0.97589    4.91083   403%  98.5 11710s
 24061871 13103137    1.47909   80  187    0.97589    4.91055   403%  98.5 11715s
 24075148 13109447    0.98898   90  221    0.97589    4.91031   403%  98.5 11720s
 24084443 13114637    1.14688   78  164    0.97589    4.91010   403%  98.5 11725s
 24093762 13120037    1.04298  104  175    0.97589    4.90992   403%  98.5 11730s
 24105005 13125802     cutoff  106         0.97589    4.90970   403%  98.5 11735s
 24117086 13132754    1.10359   90  201    0.97589    4.90948   403%  98.5 11741s
 24127164 13136879    4.63242   74  220    0.97589    4.90927   403%  98.5 11745s
 24140090 13142277     cutoff   80         0.97589    4.90900   403%  98.6 11750s
 24152882 13147745    2.45137   69  179    0.97589    4.90879   403%  98.6 11756s
 24161903 13153696    1.46157   85  262    0.97589    4.90870   403%  98.6 11761s
 24173169 13158742    1.11998   78  248    0.97589    4.90842   403%  98.6 11766s
 24182820 13165331    1.13739  101  196    0.97589    4.90829   403%  98.6 11770s
 24195293 13171934    1.58309   75  199    0.97589    4.90807   403%  98.6 11776s
 24204615 13175787    1.04739   87  167    0.97589    4.90786   403%  98.6 11781s
 24214062 13180615    1.17086   78  239    0.97589    4.90770   403%  98.6 11785s
 24226503 13186513     cutoff   81         0.97589    4.90740   403%  98.6 11790s
 24238870 13194222    1.73944   83  208    0.97589    4.90721   403%  98.6 11795s
 24248981 13199283    4.54708   69  249    0.97589    4.90703   403%  98.6 11800s
 24258259 13204295    1.59281   73  201    0.97589    4.90690   403%  98.6 11805s
 24271374 13211743    1.09330   83  177    0.97589    4.90665   403%  98.6 11811s
 24280797 13217327     cutoff   76         0.97589    4.90639   403%  98.6 11815s
 24286269 13219740    1.26933   80  229    0.97589    4.90632   403%  98.6 11821s
 24293573 13223050 infeasible   98         0.97589    4.90621   403%  98.6 11825s
 24308902 13229869    1.07672   78  191    0.97589    4.90587   403%  98.6 11831s
 24318338 13235207    1.40773   78  287    0.97589    4.90569   403%  98.6 11836s
 24329270 13240527    1.52719   75  198    0.97589    4.90553   403%  98.6 11840s
 24338159 13245613    4.61673   65  272    0.97589    4.90543   403%  98.6 11845s
 24351753 13252697    1.04367   79  222    0.97589    4.90507   403%  98.6 11851s
 24360988 13257615    2.59504   74  241    0.97589    4.90486   403%  98.6 11856s
 24371073 13261134    1.34180   61  178    0.97589    4.90467   403%  98.6 11860s
 24380105 13266074    1.52325   85  194    0.97589    4.90449   403%  98.6 11865s
 24392692 13274216    4.13677   82  231    0.97589    4.90431   403%  98.7 11871s
 24403810 13278782     cutoff   74         0.97589    4.90411   403%  98.7 11876s
 24412797 13283723     cutoff   98         0.97589    4.90394   403%  98.7 11880s
 24425648 13289919 infeasible   82         0.97589    4.90373   402%  98.7 11885s
 24438594 13296757    0.99527   82  115    0.97589    4.90343   402%  98.7 11891s
 24448819 13302565    1.57169   80  250    0.97589    4.90326   402%  98.7 11896s
 24458726 13307252    1.02448   82  265    0.97589    4.90308   402%  98.7 11900s
 24472597 13313597    1.46120   73  225    0.97589    4.90282   402%  98.7 11906s
 24482625 13319161    1.36143  100  234    0.97589    4.90259   402%  98.7 11910s
 24491490 13324488    1.94343   76  239    0.97589    4.90242   402%  98.7 11915s
 24505785 13330896    1.96821   79  227    0.97589    4.90220   402%  98.7 11921s
 24515333 13336236    0.98753   88  214    0.97589    4.90207   402%  98.7 11926s
 24524918 13341754    1.11374   88  140    0.97589    4.90188   402%  98.7 11930s
 24534601 13347449    2.17460   71  156    0.97589    4.90171   402%  98.7 11935s
 24547780 13355354     cutoff   79         0.97589    4.90146   402%  98.7 11941s
 24558588 13361276    1.13695   97  207    0.97589    4.90134   402%  98.7 11945s
 24568150 13366024    1.18373   72  191    0.97589    4.90117   402%  98.7 11950s
 24578243 13370552    4.70366   61  215    0.97589    4.90092   402%  98.7 11955s
 24587142 13373943     cutoff   78         0.97589    4.90081   402%  98.7 11960s
 24591858 13377356    2.26297   73  243    0.97589    4.90072   402%  98.7 11965s
 24602864 13383234    1.02440   88  203    0.97589    4.90046   402%  98.7 11970s
 24615626 13390096     cutoff   91         0.97589    4.90020   402%  98.7 11976s
 24627288 13397105     cutoff   90         0.97589    4.89997   402%  98.8 11981s
 24637472 13402042    1.72794   82  114    0.97589    4.89985   402%  98.8 11985s
 24647096 13407228    1.07556   93  196    0.97589    4.89969   402%  98.8 11990s
 24656610 13412364    1.03212   81  204    0.97589    4.89951   402%  98.8 11995s
 24666316 13417633    1.76586   76  276    0.97589    4.89926   402%  98.8 12000s
 24680208 13425006    2.52875   83  252    0.97589    4.89903   402%  98.8 12006s
 24690407 13429784    1.37312   84  288    0.97589    4.89881   402%  98.8 12010s
 24703707 13436427    1.14097   93  194    0.97589    4.89854   402%  98.8 12015s
 24715654 13442826     cutoff   88         0.97589    4.89829   402%  98.8 12021s
 24722356 13446025    1.04167   83  230    0.97589    4.89819   402%  98.8 12025s
 24734581 13453764    2.38427   69  251    0.97589    4.89792   402%  98.8 12031s
 24744879 13459104     cutoff   84         0.97589    4.89770   402%  98.8 12035s
 24754440 13463704    3.46463   66  273    0.97589    4.89751   402%  98.8 12040s
 24763695 13469811    1.20058   75  168    0.97589    4.89735   402%  98.8 12045s
 24774930 13475315    1.28231   71  194    0.97589    4.89719   402%  98.8 12050s
 24787862 13481159    1.19812   85  217    0.97589    4.89696   402%  98.8 12055s
 24800556 13488169    1.40334   74  260    0.97589    4.89669   402%  98.8 12060s
 24809581 13492222    3.67759   61  202    0.97589    4.89653   402%  98.8 12065s
 24819263 13496143     cutoff  101         0.97589    4.89642   402%  98.8 12070s
 24828350 13498838     cutoff   77         0.97589    4.89616   402%  98.8 12075s
 24836549 13505443    4.79849   71  294    0.97589    4.89601   402%  98.8 12081s
 24847762 13510020     cutoff   91         0.97589    4.89581   402%  98.8 12086s
 24851120 13510750    1.00566   72  120    0.97589    4.89577   402%  98.8 12090s
 24858067 13516295    4.05968   72  261    0.97589    4.89565   402%  98.9 12095s
 24869938 13521070     cutoff   83         0.97589    4.89537   402%  98.9 12100s
 24879632 13525769    1.09878   67  239    0.97589    4.89520   402%  98.9 12105s
 24891224 13532132    0.99928   87  157    0.97589    4.89503   402%  98.9 12111s
 24900992 13537232    1.28380  105  197    0.97589    4.89486   402%  98.9 12115s
 24910827 13541241    1.65511   75  275    0.97589    4.89465   402%  98.9 12120s
 24924210 13548073    1.30975   85  247    0.97589    4.89438   402%  98.9 12125s
 24933871 13553215    1.72016   71  203    0.97589    4.89417   402%  98.9 12130s
 24944310 13558141    1.11082   86  161    0.97589    4.89398   401%  98.9 12135s
 24954093 13562972 infeasible   85         0.97589    4.89377   401%  98.9 12140s
 24966936 13570000    2.39360   78  253    0.97589    4.89359   401%  98.9 12145s
 24979412 13576641    1.70711   91  186    0.97589    4.89329   401%  98.9 12150s
 24991125 13582845    1.22134   81  205    0.97589    4.89313   401%  98.9 12156s
 25001168 13588084     cutoff   78         0.97589    4.89300   401%  98.9 12160s
 25013678 13594936    3.38863   77  276    0.97589    4.89277   401%  98.9 12165s
 25026189 13602183 infeasible   81         0.97589    4.89255   401%  98.9 12170s
 25039046 13608719    1.87125   70  267    0.97589    4.89239   401%  98.9 12175s
 25048178 13614307    2.18310   63  180    0.97589    4.89221   401%  98.9 12180s
 25061863 13620542    1.03983   86  190    0.97589    4.89193   401%  98.9 12186s
 25070652 13626710    3.78665   64  261    0.97589    4.89177   401%  98.9 12191s
 25081410 13631871     cutoff   87         0.97589    4.89171   401%  98.9 12196s
 25090860 13636659    1.05883   76  215    0.97589    4.89150   401%  99.0 12200s
 25100931 13641281    1.01364   89  102    0.97589    4.89133   401%  99.0 12205s
 25113466 13647670    1.24300   82  137    0.97589    4.89105   401%  99.0 12210s
 25122981 13652854    2.92566   67  205    0.97589    4.89084   401%  99.0 12215s
 25133807 13657576     cutoff   94         0.97589    4.89059   401%  99.0 12221s
 25143014 13661768     cutoff   77         0.97589    4.89037   401%  99.0 12226s
 25152601 13667888    1.32128   82  169    0.97589    4.89022   401%  99.0 12230s
 25164808 13674036    2.07203   76  226    0.97589    4.89004   401%  99.0 12236s
 25169971 13675488    1.24450   82  196    0.97589    4.88996   401%  99.0 12241s
 25180279 13680578    1.65684   85  216    0.97589    4.88978   401%  99.0 12246s
 25190523 13683850     cutoff   77         0.97589    4.88958   401%  99.0 12251s
 25200372 13688529    1.41684   82  195    0.97589    4.88949   401%  99.0 12255s
 25210203 13694120    4.14055   68  241    0.97589    4.88933   401%  99.0 12260s
 25223358 13701454    2.64888   85  249    0.97589    4.88905   401%  99.0 12266s
 25233715 13706852    4.75805   62  251    0.97589    4.88890   401%  99.0 12270s
 25247132 13713590    1.02713   85  170    0.97589    4.88863   401%  99.0 12275s
 25256438 13718502    1.04635   94  180    0.97589    4.88847   401%  99.0 12280s
 25270493 13724887    1.83280   71  203    0.97589    4.88816   401%  99.0 12285s
 25280319 13730302     cutoff   88         0.97589    4.88793   401%  99.0 12290s
 25290061 13734535    1.06272   88  180    0.97589    4.88774   401%  99.0 12295s
 25298953 13739176    4.37400   64  233    0.97589    4.88753   401%  99.0 12300s
 25312251 13746647     cutoff   95         0.97589    4.88733   401%  99.0 12305s
 25322167 13752468    1.33283   92  231    0.97589    4.88714   401%  99.0 12310s
 25332202 13756980     cutoff   85         0.97589    4.88695   401%  99.0 12315s
 25344695 13762932     cutoff   81         0.97589    4.88682   401%  99.1 12320s
 25356501 13770583    2.35242   79  235    0.97589    4.88656   401%  99.1 12326s
 25366054 13776175    1.47658   83  189    0.97589    4.88643   401%  99.1 12330s
 25376491 13780855    1.24819   94  204    0.97589    4.88629   401%  99.1 12335s
 25388216 13787810    1.35799   91  256    0.97589    4.88605   401%  99.1 12340s
 25398017 13792596 infeasible  111         0.97589    4.88598   401%  99.1 12345s
 25409713 13800044    1.38494   75  251    0.97589    4.88581   401%  99.1 12351s
 25419531 13805271    2.64080   77  240    0.97589    4.88558   401%  99.1 12355s
 25429194 13810985    1.65617   77  231    0.97589    4.88545   401%  99.1 12360s
 25442186 13817541    1.98864   70  212    0.97589    4.88532   401%  99.1 12366s
 25451561 13821382    4.24852   64  230    0.97589    4.88509   401%  99.1 12370s
 25456614 13825129    2.11261   77  226    0.97589    4.88500   401%  99.1 12375s
 25467047 13830935    1.22950   81  216    0.97589    4.88478   401%  99.1 12381s
 25477060 13835405    4.37048   72  235    0.97589    4.88464   401%  99.1 12385s
 25490980 13841650    4.38720   78  299    0.97589    4.88436   401%  99.1 12390s
 25502723 13849081    1.41308   86  193    0.97589    4.88410   400%  99.1 12395s
 25516158 13856356     cutoff  100         0.97589    4.88395   400%  99.1 12400s
 25525778 13861273    1.79659   75  200    0.97589    4.88375   400%  99.1 12405s
 25535509 13866828    1.41357   83  190    0.97589    4.88358   400%  99.1 12410s
 25548561 13873926    2.01443   73  237    0.97589    4.88343   400%  99.1 12416s
 25557550 13879118 infeasible   85         0.97589    4.88326   400%  99.1 12421s
 25568122 13884210    0.98634   85  192    0.97589    4.88308   400%  99.1 12425s
 25577410 13889429    2.71554   73  253    0.97589    4.88284   400%  99.2 12430s
 25587846 13894195    1.38393   74  279    0.97589    4.88265   400%  99.2 12435s
 25599181 13899237    1.39394   81  249    0.97589    4.88244   400%  99.2 12441s
 25609052 13904634    3.82320   72  266    0.97589    4.88226   400%  99.2 12446s
 25618628 13909504    3.14725   76  236    0.97589    4.88207   400%  99.2 12451s
 25628941 13914594    1.31589   85  214    0.97589    4.88183   400%  99.2 12455s
 25638066 13920059     cutoff   89         0.97589    4.88171   400%  99.2 12460s
 25650686 13926445    1.20009   79  234    0.97589    4.88148   400%  99.2 12466s
 25660213 13930978    1.48478   73  227    0.97589    4.88135   400%  99.2 12470s
 25674088 13938361    1.16652  100  187    0.97589    4.88117   400%  99.2 12475s
 25683935 13943097    1.13817   95  199    0.97589    4.88092   400%  99.2 12480s
 25693069 13948819    2.04420   79  152    0.97589    4.88077   400%  99.2 12485s
 25706568 13955291    1.58765   73  247    0.97589    4.88048   400%  99.2 12491s
 25715715 13959794    1.52610   83  164    0.97589    4.88031   400%  99.2 12495s
 25724711 13964883     cutoff   75         0.97589    4.88008   400%  99.2 12500s
 25737579 13969984 infeasible   98         0.97589    4.87984   400%  99.2 12505s
 25749924 13975697     cutoff   87         0.97589    4.87964   400%  99.2 12510s
 25757006 13978214    2.54878   72  217    0.97589    4.87952   400%  99.2 12515s
 25764535 13983636     cutoff   79         0.97589    4.87941   400%  99.2 12520s
 25777241 13989885    1.72194   84  221    0.97589    4.87915   400%  99.2 12525s
 25789902 13996837    1.42426   91  197    0.97589    4.87890   400%  99.2 12530s
 25802490 14004477    1.24225   79  225    0.97589    4.87880   400%  99.2 12536s
 25811577 14010187     cutoff   89         0.97589    4.87864   400%  99.2 12540s
 25820891 14014139    0.98556   83  126    0.97589    4.87851   400%  99.2 12546s
 25828241 14019231    1.13898   85  184    0.97589    4.87835   400%  99.3 12550s
 25841014 14025822    1.42870   80  266    0.97589    4.87808   400%  99.3 12555s
 25851415 14030604    2.30837   81  196    0.97589    4.87792   400%  99.3 12560s
 25863982 14037333     cutoff   81         0.97589    4.87757   400%  99.3 12565s
 25873669 14042175 infeasible   91         0.97589    4.87740   400%  99.3 12570s
 25886429 14049598    1.95201   77  173    0.97589    4.87727   400%  99.3 12575s
 25896130 14055309    4.14886   57  213    0.97589    4.87708   400%  99.3 12581s
 25905373 14060974    1.37852   80  261    0.97589    4.87693   400%  99.3 12585s
 25914877 14066215    2.68707   80  253    0.97589    4.87679   400%  99.3 12590s
 25929396 14073551    1.04541   82  268    0.97589    4.87651   400%  99.3 12596s
 25937845 14078654    1.88151   87  251    0.97589    4.87642   400%  99.3 12601s
 25948376 14083666    1.08292   76  189    0.97589    4.87621   400%  99.3 12606s
 25958224 14089241    1.03961   84  147    0.97589    4.87600   400%  99.3 12611s
 25968765 14093811    2.28223   73  207    0.97589    4.87579   400%  99.3 12616s
 25977847 14098787    4.04670   63  245    0.97589    4.87561   400%  99.3 12621s
 25987452 14102977     cutoff   84         0.97589    4.87542   400%  99.3 12625s
 25997510 14107338    4.33312   74  234    0.97589    4.87526   400%  99.3 12630s
 26010452 14112833     cutoff   93         0.97589    4.87498   400%  99.3 12636s
 26019681 14117591    1.05547   80  179    0.97589    4.87482   400%  99.3 12640s
 26031460 14124343    1.67573   83  231    0.97589    4.87463   400%  99.3 12646s
 26040595 14130351    4.21001   76  231    0.97589    4.87447   399%  99.3 12650s
 26046240 14132788     cutoff   73         0.97589    4.87446   399%  99.3 12655s
 26056726 14138013    1.78195   70  200    0.97589    4.87422   399%  99.3 12660s
 26068012 14142635    1.18675   91  239    0.97589    4.87407   399%  99.3 12665s
 26080119 14150203    2.69221   81  190    0.97589    4.87387   399%  99.3 12670s
 26090226 14154768    1.72043   58  171    0.97589    4.87369   399%  99.3 12675s
 26102929 14160972    4.31045   66  234    0.97589    4.87343   399%  99.3 12680s
 26116013 14168080    1.93611   65  215    0.97589    4.87321   399%  99.3 12686s
 26124924 14173958    3.43921   64  219    0.97589    4.87310   399%  99.3 12691s
 26135772 14180052 infeasible   91         0.97589    4.87296   399%  99.4 12696s
 26145418 14185794 infeasible   96         0.97589    4.87283   399%  99.4 12700s
 26158753 14191726    3.22408   77  228    0.97589    4.87262   399%  99.4 12706s
 26169057 14196835     cutoff   85         0.97589    4.87239   399%  99.4 12710s
 26182430 14203429    1.07165   92  243    0.97589    4.87214   399%  99.4 12716s
 26191719 14208123    4.01908   57  246    0.97589    4.87197   399%  99.4 12721s
 26204795 14214356    1.14037   98  174    0.97589    4.87170   399%  99.4 12726s
 26214667 14220731    1.68541   88  228    0.97589    4.87154   399%  99.4 12731s
 26225594 14225514    3.03520   72  258    0.97589    4.87131   399%  99.4 12736s
 26234988 14230142    4.76404   65  244    0.97589    4.87110   399%  99.4 12740s
 26248234 14237075    1.13124   84  218    0.97589    4.87089   399%  99.4 12745s
 26261897 14243938     cutoff   93         0.97589    4.87063   399%  99.4 12750s
 26271022 14248537    1.39055   83  189    0.97589    4.87046   399%  99.4 12755s
 26280061 14253285    1.00336  115  165    0.97589    4.87032   399%  99.4 12760s
 26294008 14260665    2.32781   68  256    0.97589    4.87003   399%  99.4 12766s
 26306987 14266707    1.04922   93  179    0.97589    4.86982   399%  99.4 12771s
 26316262 14272195    4.57547   65  230    0.97589    4.86971   399%  99.4 12776s
 26325391 14276812     cutoff   77         0.97589    4.86954   399%  99.4 12781s
 26335922 14281680    1.57376   76  252    0.97589    4.86933   399%  99.4 12785s
 26349948 14286933    2.32157   69  255    0.97589    4.86907   399%  99.4 12791s
 26354405 14290473    2.73245   75  245    0.97589    4.86898   399%  99.4 12796s
 26365385 14296556    1.57850   80  291    0.97589    4.86881   399%  99.4 12800s
 26378303 14302009    1.20542   82  183    0.97589    4.86848   399%  99.4 12805s
 26387028 14305945 infeasible   68         0.97589    4.86831   399%  99.4 12810s
 26396389 14310567    2.07493   63  241    0.97589    4.86811   399%  99.4 12815s
 26406323 14315497    1.24862   88  231    0.97589    4.86792   399%  99.4 12820s
 26419593 14323231    2.81679   62  206    0.97589    4.86776   399%  99.5 12826s
 26429520 14327557     cutoff   91         0.97589    4.86753   399%  99.5 12830s
 26438434 14331999    4.86448   67  194    0.97589    4.86744   399%  99.5 12835s
 26451324 14338954    1.28247   79  275    0.97589    4.86716   399%  99.5 12841s
 26461281 14344088    1.76838   76  218    0.97589    4.86698   399%  99.5 12845s
 26474131 14350704    4.74331   63  219    0.97589    4.86678   399%  99.5 12850s
 26483831 14355106    1.48980   70  244    0.97589    4.86664   399%  99.5 12855s
 26496172 14362855    1.82701   81  223    0.97589    4.86639   399%  99.5 12861s
 26507472 14368341    1.02963   87  199    0.97589    4.86627   399%  99.5 12866s
 26518047 14372808    1.27292   80  166    0.97589    4.86605   399%  99.5 12870s
 26526872 14377678    1.46916   96  209    0.97589    4.86592   399%  99.5 12875s
 26536379 14382677    1.74816   85  233    0.97589    4.86585   399%  99.5 12880s
 26548958 14389073    3.09884   81  191    0.97589    4.86557   399%  99.5 12885s
 26562905 14397259    2.15426   64  225    0.97589    4.86542   399%  99.5 12890s
 26572227 14402755    1.08126   92  213    0.97589    4.86520   399%   100 12895s
 26585529 14410472    2.04271   73  211    0.97589    4.86499   399%   100 12901s
 26595842 14415199 infeasible   79         0.97589    4.86477   398%   100 12905s
 26605185 14420751    3.47247   77  244    0.97589    4.86460   398%   100 12910s
 26617408 14428040    1.21405   70  213    0.97589    4.86438   398%   100 12916s
 26628102 14433195    1.17968   88  213    0.97589    4.86424   398%   100 12920s
 26638065 14438559    1.09485   83  158    0.97589    4.86412   398%   100 12925s
 26645295 14448029    1.77520   82  138    0.97589    4.86397   398%   100 12934s
 26657658 14450635    1.25411   88  249    0.97589    4.86381   398%   100 12936s
 26670774 14457725    1.37104   85  188    0.97589    4.86350   398%   100 12940s
 26681886 14462946    2.99396   64  238    0.97589    4.86336   398%   100 12945s
 26694602 14469993 infeasible   95         0.97589    4.86308   398%   100 12951s
 26704381 14474385    1.07213   89  204    0.97589    4.86292   398%   100 12955s
 26714037 14480061    1.58994   79  303    0.97589    4.86270   398%   100 12960s
 26726824 14486420    1.04729   88  128    0.97589    4.86255   398%   100 12966s
 26736998 14492090    1.18239   87  225    0.97589    4.86239   398%   100 12971s
 26747509 14498318     cutoff   94         0.97589    4.86226   398%   100 12975s
 26758021 14503920    0.99059   96  184    0.97589    4.86207   398%   100 12980s
 26767373 14509292    1.28469   85  254    0.97589    4.86197   398%   100 12985s
 26777830 14514719     cutoff   98         0.97589    4.86174   398%   100 12990s
 26788586 14520104    1.36423   74  244    0.97589    4.86156   398%   100 12995s
 26800404 14525557    3.92768   63  231    0.97589    4.86135   398%   100 13000s
 26809061 14530284    1.90530   76  221    0.97589    4.86120   398%   100 13005s
 26818827 14534446    1.01769   91  144    0.97589    4.86104   398%   100 13010s
 26825799 14553410    2.31721   79  259    0.97589    4.86088   398%   100 13024s
 26857799 14555963    1.35072   89  157    0.97589    4.86037   398%   100 13026s
 26867609 14561137    1.09235   99  193    0.97589    4.86026   398%   100 13031s
 26877988 14566056    1.29646   81  211    0.97589    4.86004   398%   100 13035s
 26890534 14573198    1.25150   77  252    0.97589    4.85983   398%   100 13041s
 26900452 14577525    1.22445   87  178    0.97589    4.85965   398%   100 13046s
 26911231 14582299    4.26351   66  277    0.97589    4.85944   398%   100 13051s
 26920902 14588319     cutoff   85         0.97589    4.85932   398%   100 13056s
 26930848 14593265    2.95489   70  192    0.97589    4.85922   398%   100 13060s
 26937549 14598316     cutoff   86         0.97589    4.85918   398%   100 13066s
 26945291 14602019    4.31991   64  273    0.97589    4.85899   398%   100 13070s
 26958250 14609487    3.16428   66  218    0.97589    4.85875   398%   100 13075s
 26968269 14614987    1.51608   74  185    0.97589    4.85858   398%   100 13080s
 26981021 14622648    1.14713   90  244    0.97589    4.85843   398%   100 13086s
 26990608 14626973    1.91882   92  119    0.97589    4.85831   398%   100 13090s
 27000170 14632174    1.22258   90  204    0.97589    4.85812   398%   100 13095s
 27011884 14639277    1.71912   84  188    0.97589    4.85793   398%   100 13101s
 27022233 14644620    1.43341   80  224    0.97589    4.85775   398%   100 13105s
 27035549 14650035     cutoff  102         0.97589    4.85752   398%   100 13111s
 27045034 14655029    1.02910  101  180    0.97589    4.85734   398%   100 13115s
 27054672 14660298    4.36756   71  244    0.97589    4.85721   398%   100 13120s
 27064124 14666103    1.27653   81  251    0.97589    4.85697   398%   100 13125s
 27077877 14672507    1.70785   93  253    0.97589    4.85674   398%   100 13131s
 27086997 14677837    1.65208   70  156    0.97589    4.85658   398%   100 13135s
 27100413 14684394    1.04300   95  236    0.97589    4.85639   398%   100 13141s
 27110396 14689723     cutoff   93         0.97589    4.85622   398%   100 13145s
 27122791 14696524    1.23001   84  220    0.97589    4.85600   398%   100 13150s
 27134068 14701102    3.78079   60  243    0.97589    4.85578   398%   100 13155s
 27142930 14706432    3.99992   77  231    0.97589    4.85566   398%   100 13160s
 27152412 14711413 infeasible   78         0.97589    4.85550   398%   100 13165s
 27161930 14717760    1.63757   68  254    0.97589    4.85529   398%   100 13170s
 27175860 14724660     cutoff   82         0.97589    4.85510   398%   100 13176s
 27185694 14729422 infeasible   75         0.97589    4.85484   397%   100 13180s
 27195667 14733392     cutoff   80         0.97589    4.85465   397%   100 13185s
 27206277 14738814    1.16925   95  179    0.97589    4.85451   397%   100 13190s
 27218782 14744614    1.56428   69  241    0.97589    4.85443   397%   100 13196s
 27224659 14750374    1.33792   64  166    0.97589    4.85427   397%   100 13201s
 27239200 14757037    1.63499   81  291    0.97589    4.85397   397%   100 13206s
 27245827 14761242    1.42461   72  160    0.97589    4.85391   397%   100 13210s
 27259732 14767806     cutoff   91         0.97589    4.85360   397%   100 13216s
 27269599 14772581     cutoff   90         0.97589    4.85344   397%   100 13220s
 27278994 14777946     cutoff   81         0.97589    4.85325   397%   100 13225s
 27288983 14783015    1.02080   89  200    0.97589    4.85306   397%   100 13231s
 27298268 14789198    2.15103   72  261    0.97589    4.85291   397%   100 13235s
 27308824 14793249    1.75520   64  270    0.97589    4.85271   397%   100 13240s
 27319042 14799276    1.91256   81  224    0.97589    4.85254   397%   100 13245s
 27328875 14805289    1.16665   89  205    0.97589    4.85237   397%   100 13250s
 27345226 14813322    1.19307   79  173    0.97589    4.85209   397%   100 13256s
 27354208 14817715    1.52319   87  229    0.97589    4.85193   397%   100 13260s
 27364353 14821772    1.05053   89  229    0.97589    4.85173   397%   100 13265s
 27376140 14827183    1.01403   93  185    0.97589    4.85152   397%   100 13270s
 27388726 14833912     cutoff   91         0.97589    4.85136   397%   100 13276s
 27397997 14839232    3.27741   63  212    0.97589    4.85112   397%   100 13281s
 27408605 14844588    1.23652   80  145    0.97589    4.85095   397%   100 13285s
 27421832 14850380    1.64709   71  195    0.97589    4.85066   397%   100 13291s
 27430962 14855956    4.28886   74  254    0.97589    4.85057   397%   100 13295s
 27440870 14860018     cutoff   95         0.97589    4.85036   397%   100 13301s
 27449277 14864779    1.65332   71  219    0.97589    4.85021   397%   100 13305s
 27458970 14869600     cutoff   72         0.97589    4.85004   397%   100 13310s
 27470672 14874068    2.29603   84  222    0.97589    4.84983   397%   100 13316s
 27472072 14875800 infeasible   86         0.97589    4.84982   397%   100 13320s
 27483557 14880880    1.03475   85  197    0.97589    4.84960   397%   100 13325s
 27494251 14885819    0.99649   90  144    0.97589    4.84938   397%   100 13330s
 27504293 14890522     cutoff   79         0.97589    4.84930   397%   100 13335s
 27514012 14895394     cutoff  101         0.97589    4.84910   397%   100 13340s
 27526841 14902179 infeasible   67         0.97589    4.84884   397%   100 13346s
 27537109 14907168 infeasible   66         0.97589    4.84863   397%   100 13351s
 27546858 14912880     cutoff   83         0.97589    4.84853   397%   100 13356s
 27556851 14917641    2.40105   80  188    0.97589    4.84837   397%   100 13361s
 27565184 14923235    1.66148   78  268    0.97589    4.84817   397%   100 13365s
 27578310 14930092 infeasible   70         0.97589    4.84804   397%   100 13371s
 27587419 14935647    3.57868   74  284    0.97589    4.84784   397%   100 13376s
 27598128 14940717     cutoff   95         0.97589    4.84767   397%   100 13380s
 27611100 14947714    4.21391   72  213    0.97589    4.84744   397%   100 13386s
 27619915 14952780 infeasible   96         0.97589    4.84728   397%   100 13390s
 27633110 14959767 infeasible   79         0.97589    4.84707   397%   100 13395s
 27642886 14964471    2.33757   78  178    0.97589    4.84687   397%   100 13400s
 27656172 14971623    1.05461   87  103    0.97589    4.84668   397%   100 13406s
 27666089 14977219    3.96758   71  204    0.97589    4.84650   397%   100 13410s
 27678740 14984831    1.42349   81  197    0.97589    4.84632   397%   100 13416s
 27688919 14989997     cutoff   89         0.97589    4.84614   397%   100 13420s
 27701213 14996690    1.01267   84  186    0.97589    4.84596   397%   100 13426s
 27710189 15002552     cutoff   97         0.97589    4.84583   397%   100 13430s
 27720107 15008909    2.09468   66  200    0.97589    4.84574   397%   100 13435s
 27729936 15013830    2.55141   76  276    0.97589    4.84559   397%   100 13440s
 27742111 15022295    1.13556   89  191    0.97589    4.84540   397%   100 13446s
 27749188 15025772    1.42999   79  209    0.97589    4.84531   396%   100 13450s
 27762677 15030848    1.17436   87  219    0.97589    4.84509   396%   100 13455s
 27774695 15038489    2.19813   91  209    0.97589    4.84487   396%   100 13461s
 27784047 15042341 infeasible   82         0.97589    4.84473   396%   100 13465s
 27794402 15047434    1.96092   76  242    0.97589    4.84456   396%   100 13470s
 27801170 15050267     cutoff   87         0.97589    4.84444   396%   100 13475s
 27809503 15056718    2.09026   81  209    0.97589    4.84430   396%   100 13481s
 27817934 15059369    0.98166   83  136    0.97589    4.84420   396%   100 13485s
 27823427 15063744     cutoff   78         0.97589    4.84409   396%   100 13491s
 27833732 15068146    1.08806   83  232    0.97589    4.84397   396%   100 13495s
 27843327 15073413     cutoff   86         0.97589    4.84379   396%   100 13500s
 27852667 15077627    1.15799   87  273    0.97589    4.84359   396%   100 13505s
 27865804 15084838    1.11356   80  253    0.97589    4.84343   396%   100 13511s
 27875394 15090433    1.26813   92  234    0.97589    4.84325   396%   100 13516s
 27885789 15096320    1.67624   86  174    0.97589    4.84316   396%   100 13520s
 27896227 15103015    1.23135   81  254    0.97589    4.84306   396%   100 13525s
 27909595 15109610    2.44462   60  240    0.97589    4.84280   396%   100 13530s
 27919173 15115935    1.61872   85  217    0.97589    4.84264   396%   100 13535s
 27932734 15122494    3.53849   64  256    0.97589    4.84245   396%   100 13541s
 27942524 15127463    1.97668   77  198    0.97589    4.84226   396%   100 13546s
 27952447 15132828    0.98718   93  175    0.97589    4.84218   396%   100 13550s
 27961843 15137467    1.34693   84  223    0.97589    4.84192   396%   100 13555s
 27974391 15145472 infeasible   87         0.97589    4.84173   396%   100 13561s
 27983406 15149551     cutoff   97         0.97589    4.84161   396%   100 13565s
 27993224 15155489    1.12637   87  164    0.97589    4.84153   396%   100 13570s
 28006413 15161449    2.26669   71  205    0.97589    4.84124   396%   100 13576s
 28016389 15167168 infeasible   78         0.97589    4.84109   396%   100 13581s
 28026281 15171575    1.21943   86  192    0.97589    4.84091   396%   100 13586s
 28033065 15174558    0.99749   82  163    0.97589    4.84080   396%   100 13590s
 28042826 15179721     cutoff   79         0.97589    4.84058   396%   100 13595s
 28056320 15186523    3.61872   66  250    0.97589    4.84030   396%   100 13601s
 28065436 15190858    3.67568   67  263    0.97589    4.84016   396%   100 13605s
 28079132 15197228    1.01461  103  173    0.97589    4.83991   396%   100 13611s
 28088460 15202339     cutoff   81         0.97589    4.83974   396%   100 13616s
 28099100 15206858    3.25797   69  197    0.97589    4.83947   396%   100 13620s
 28108725 15212189    1.10253   85  179    0.97589    4.83930   396%   100 13625s
 28112605 15213400    2.27145   77  240    0.97589    4.83925   396%   100 13630s
 28121377 15217997    1.51220   79  229    0.97589    4.83903   396%   100 13635s
 28131082 15223001    1.16558   84  238    0.97589    4.83885   396%   100 13640s
 28144300 15229156    1.09593   83  175    0.97589    4.83861   396%   100 13645s
 28154286 15233730    1.13593   90  197    0.97589    4.83843   396%   100 13650s
 28166206 15239927    1.29597   89  166    0.97589    4.83829   396%   100 13656s
 28176262 15244189    2.20019   74  222    0.97589    4.83807   396%   100 13660s
 28185291 15249415    2.09671   72  149    0.97589    4.83788   396%   100 13665s
 28198909 15255432    1.08724   85  196    0.97589    4.83771   396%   100 13671s
 28208580 15260817    2.68030   73  283    0.97589    4.83750   396%   100 13675s
 28220765 15266124    3.66775   69  259    0.97589    4.83731   396%   100 13681s
 28230775 15271399    1.51702   82  228    0.97589    4.83713   396%   100 13685s
 28240454 15276068 infeasible   98         0.97589    4.83694   396%   100 13690s
 28249466 15281377 infeasible   74         0.97589    4.83684   396%   100 13695s
 28262431 15288400 infeasible   90         0.97589    4.83649   396%   100 13701s
 28271178 15293402     cutoff  101         0.97589    4.83641   396%   100 13706s
 28281590 15298151    2.12408   69  267    0.97589    4.83618   396%   100 13711s
 28291973 15303273    1.47757   85  220    0.97589    4.83597   396%   100 13715s
 28301162 15308460     cutoff   83         0.97589    4.83586   396%   100 13720s
 28310529 15313310    4.46379   72  283    0.97589    4.83571   396%   100 13726s
 28321056 15318367    1.02172   80  214    0.97589    4.83550   395%   100 13730s
 28334177 15324689    1.14255   84  232    0.97589    4.83525   395%   100 13736s
 28343982 15329686    2.21215   76  255    0.97589    4.83502   395%   100 13740s
 28353695 15334109    1.71320   71  217    0.97589    4.83485   395%   100 13745s
 28366866 15340228    0.99122   91  131    0.97589    4.83466   395%   100 13750s
 28376593 15345802    3.01402   67  235    0.97589    4.83451   395%   100 13755s
 28389602 15353303     cutoff   93         0.97589    4.83431   395%   100 13760s
 28401557 15360248    2.22791   81  246    0.97589    4.83417   395%   100 13765s
 28411614 15366073    1.43572   88  248    0.97589    4.83398   395%   100 13770s
 28424472 15372494    1.66562   79  247    0.97589    4.83380   395%   100 13776s
 28434415 15377471    1.10260   90  233    0.97589    4.83355   395%   100 13780s
 28447421 15385335    1.93923   91  155    0.97589    4.83340   395%   100 13786s
 28457040 15390204    1.29269   80  278    0.97589    4.83322   395%   100 13791s
 28467191 15396021    1.95443   65  203    0.97589    4.83310   395%   100 13795s
 28479869 15402387    2.42408   71  213    0.97589    4.83289   395%   100 13800s
 28493212 15409088    2.31764   79  219    0.97589    4.83267   395%   100 13806s
 28500190 15411220 infeasible   70         0.97589    4.83253   395%   100 13811s
 28507405 15416599     cutoff   75         0.97589    4.83240   395%   100 13816s
 28518516 15421590    1.11940   72  208    0.97589    4.83221   395%   100 13821s
 28526955 15426397    1.36852   84  178    0.97589    4.83201   395%   100 13825s
 28537025 15431546     cutoff   81         0.97589    4.83194   395%   100 13830s
 28549761 15439423    2.86885   83  167    0.97589    4.83174   395%   100 13835s
 28562313 15446572    1.35124   82  147    0.97589    4.83155   395%   100 13840s
 28574363 15453267    4.34379   72  278    0.97589    4.83136   395%   100 13845s
 28584013 15458436    2.40237   72  217    0.97589    4.83123   395%   100 13850s
 28594847 15464446    2.39619   74  190    0.97589    4.83100   395%   100 13855s
 28605212 15470108    1.54332   84  180    0.97589    4.83088   395%   100 13860s
 28617810 15476665     cutoff   89         0.97589    4.83066   395%   100 13865s
 28626886 15481086    1.62335   84  190    0.97589    4.83048   395%   100 13870s
 28639795 15487746 infeasible   71         0.97589    4.83023   395%   100 13875s
 28650253 15492804     cutoff   88         0.97589    4.83014   395%   100 13880s
 28663436 15499628    0.98106   91  149    0.97589    4.82988   395%   100 13885s
 28672757 15504782    1.36332   83  173    0.97589    4.82967   395%   100 13890s
 28685817 15511173    1.15816   81  164    0.97589    4.82959   395%   100 13895s
 28695917 15516429    1.06742   83  240    0.97589    4.82939   395%   100 13900s
 28706466 15520469    1.08993   99  207    0.97589    4.82918   395%   100 13905s
 28718781 15527538    3.02041   72  262    0.97589    4.82903   395%   100 13911s
 28728368 15532959    1.66719   82  192    0.97589    4.82888   395%   100 13916s
 28734801 15537441    1.64223   77  190    0.97589    4.82882   395%   100 13920s
 28748636 15545023    1.25433   88  202    0.97589    4.82862   395%   100 13926s
 28758172 15549755    4.56273   63  252    0.97589    4.82845   395%   100 13930s
 28769325 15555519    1.26554   85  233    0.97589    4.82833   395%   100 13935s
 28778737 15560566     cutoff   86         0.97589    4.82815   395%   100 13940s
 28788088 15565520    1.23225   79  223    0.97589    4.82803   395%   100 13945s
 28797544 15570964    1.76410   77  182    0.97589    4.82782   395%   100 13950s
 28809192 15574678    1.83944   84  194    0.97589    4.82759   395%   100 13956s
 28812170 15578265     cutoff   78         0.97589    4.82755   395%   100 13960s
 28820023 15581760    2.78317   71  262    0.97589    4.82746   395%   100 13965s
 28827834 15585914 infeasible   85         0.97589    4.82737   395%   100 13970s
 28837952 15591989    3.01673   76  264    0.97589    4.82730   395%   100 13975s
 28848001 15597494    1.07755   89  181    0.97589    4.82713   395%   100 13980s
 28858618 15603038     cutoff   84         0.97589    4.82696   395%   100 13985s
 28868425 15607309    0.98172   79  196    0.97589    4.82681   395%   100 13990s
 28880710 15613974     cutoff   85         0.97589    4.82654   395%   100 13996s
 28890317 15618041     cutoff   75         0.97589    4.82633   395%   100 14000s
 28899429 15622569    1.77807   81  254    0.97589    4.82620   395%   100 14005s
 28908359 15627532    2.82454   68  275    0.97589    4.82603   395%   100 14010s
 28921554 15635403     cutoff   89         0.97589    4.82590   395%   100 14015s
 28931261 15640576    1.62786   74  203    0.97589    4.82569   394%   100 14020s
 28943951 15647017     cutoff   93         0.97589    4.82557   394%   100 14026s
 28954236 15651610    1.04666   95  158    0.97589    4.82542   394%   100 14030s
 28963513 15657139    4.28262   75  213    0.97589    4.82522   394%   100 14035s
 28973085 15662594    2.73141   80  273    0.97589    4.82507   394%   100 14040s
 28986994 15669420    1.06497   80  120    0.97589    4.82488   394%   100 14046s
 28996349 15674242    1.34964   81  251    0.97589    4.82474   394%   100 14050s
 29008450 15680916    1.38161   78  213    0.97589    4.82454   394%   100 14056s
 29017155 15685990    1.23750   88  191    0.97589    4.82439   394%   100 14060s
 29027296 15690677 infeasible   85         0.97589    4.82422   394%   100 14065s
 29038933 15697463    1.28980   94  219    0.97589    4.82403   394%   100 14070s
 29048690 15702810    4.40481   70  248    0.97589    4.82378   394%   100 14075s
 29058943 15707378    1.20583   83  256    0.97589    4.82361   394%   100 14080s
 29068672 15711866    1.68320   75  210    0.97589    4.82346   394%   100 14085s
 29078108 15715788    4.40236   71  285    0.97589    4.82331   394%   100 14090s
 29091500 15723581    4.26405   69  250    0.97589    4.82310   394%   100 14096s
 29100270 15727988 infeasible   70         0.97589    4.82296   394%   100 14100s
 29113015 15734730    1.78453   70  191    0.97589    4.82270   394%   100 14105s
 29126920 15740493    1.81000   82  246    0.97589    4.82244   394%   100 14111s
 29139305 15747350    1.47698   80  184    0.97589    4.82224   394%   100 14116s
 29143664 15748929    2.94427   79  246    0.97589    4.82217   394%   100 14120s
 29152154 15753057    1.16851   82  233    0.97589    4.82199   394%   100 14125s
 29163205 15758271    2.26520   63  177    0.97589    4.82184   394%   100 14130s
 29173293 15763813    0.98189   83  197    0.97589    4.82171   394%   100 14135s
 29182874 15769349    4.24903   69  218    0.97589    4.82154   394%   100 14140s
 29196345 15777255    1.31339   72  184    0.97589    4.82139   394%   100 14146s
 29206873 15782116    3.11390   73  203    0.97589    4.82117   394%   100 14150s
 29216405 15787670    4.19557   70  243    0.97589    4.82098   394%   100 14155s
 29225842 15793125    1.32568   92  226    0.97589    4.82082   394%   100 14160s
 29239487 15799284    1.34368   67  195    0.97589    4.82058   394%   100 14166s
 29245523 15803530    1.00034   80  192    0.97589    4.82048   394%   100 14170s
 29256321 15808236    3.40958   74  255    0.97589    4.82029   394%   100 14175s
 29266247 15812573     cutoff  103         0.97589    4.82018   394%   100 14180s
 29279238 15818244    1.30067   90  169    0.97589    4.81995   394%   100 14185s
 29291432 15824878    4.11569   77  262    0.97589    4.81971   394%   100 14191s
 29301985 15829586    1.29374   86  175    0.97589    4.81952   394%   100 14195s
 29315054 15836207    1.39010   81  203    0.97589    4.81930   394%   100 14201s
 29323990 15841059    1.09800   95  249    0.97589    4.81912   394%   100 14206s
 29334354 15846127    1.70638   76  263    0.97589    4.81892   394%   100 14211s
 29343605 15851232    4.68038   72  253    0.97589    4.81876   394%   100 14215s
 29352663 15855987    4.63673   64  255    0.97589    4.81861   394%   100 14220s
 29366828 15862550 infeasible   84         0.97589    4.81844   394%   100 14226s
 29375856 15866359    1.09642   90  207    0.97589    4.81822   394%   100 14230s
 29389128 15872783    4.31535   67  192    0.97589    4.81801   394%   100 14236s
 29399192 15878106 infeasible   84         0.97589    4.81786   394%   100 14241s
 29409339 15883312    3.28927   65  242    0.97589    4.81773   394%   100 14245s
 29422013 15891565    4.71121   62  262    0.97589    4.81749   394%   100 14250s
 29432137 15896080    2.20859   74  183    0.97589    4.81739   394%   100 14255s
 29446064 15903132    1.18876   88  214    0.97589    4.81712   394%   100 14261s
 29454810 15908704    3.95549   68  204    0.97589    4.81700   394%   100 14265s
 29466073 15913737    1.05063   82  165    0.97589    4.81684   394%   100 14270s
 29479296 15919751    4.72628   78  224    0.97589    4.81657   394%   100 14275s
 29489266 15925498    2.34605   79  224    0.97589    4.81641   394%   100 14280s
 29497575 15929532    1.06699   74  203    0.97589    4.81629   394%   100 14286s
 29504668 15933902    2.63512   81  220    0.97589    4.81623   394%   100 14290s
 29515254 15939757    1.80344   77  213    0.97589    4.81600   393%   100 14295s
 29528850 15945627    3.91331   66  248    0.97589    4.81583   393%   100 14301s
 29539759 15950889    1.04313   98  147    0.97589    4.81562   393%   100 14305s
 29549873 15956347    2.09408   67  212    0.97589    4.81544   393%   101 14310s
 29559699 15961045    0.99419   99  171    0.97589    4.81531   393%   101 14315s
 29569351 15966046     cutoff   77         0.97589    4.81512   393%   101 14320s
 29582169 15972764 infeasible   90         0.97589    4.81489   393%   101 14326s
 29591495 15977580    2.46145   60  218    0.97589    4.81483   393%   101 14331s
 29600915 15982254    1.10196   94  186    0.97589    4.81467   393%   101 14335s
 29611408 15987601    3.36639   73  218    0.97589    4.81455   393%   101 14340s
 29621043 15993218    1.36272   86  188    0.97589    4.81436   393%   101 14345s
 29631020 15998421    1.45753   86  196    0.97589    4.81420   393%   101 14350s
 29644598 16006509    1.30062   80  255    0.97589    4.81403   393%   101 14355s
 29654133 16011051 infeasible   84         0.97589    4.81395   393%   101 14360s
 29663318 16016670    2.86573   74  212    0.97589    4.81382   393%   101 14365s
 29677322 16023485    1.49917   84  152    0.97589    4.81353   393%   101 14371s
 29686950 16029280    1.33822   96  192    0.97589    4.81336   393%   101 14375s
 29699712 16036328    2.07977   82  196    0.97589    4.81320   393%   101 14381s
 29706697 16039307     cutoff   77         0.97589    4.81313   393%   101 14385s
 29719617 16045638     cutoff   91         0.97589    4.81289   393%   101 14391s
 29729183 16051127    1.89301   80  245    0.97589    4.81267   393%   101 14396s
 29739635 16056268    1.08965   76  163    0.97589    4.81255   393%   101 14401s
 29745294 16059938    2.01085   56  204    0.97589    4.81244   393%   101 14405s
 29756162 16065325    1.35875   83  203    0.97589    4.81228   393%   101 14410s
 29768991 16070380    1.64292   81  217    0.97589    4.81208   393%   101 14415s
 29773864 16074227    4.42336   65  233    0.97589    4.81199   393%   101 14420s
 29784472 16077747    3.04897   71  230    0.97589    4.81179   393%   101 14425s
 29790103 16083295     cutoff   78         0.97589    4.81171   393%   101 14431s
 29802310 16088354    1.90517   70  175    0.97589    4.81151   393%   101 14436s
 29813073 16093953    1.99329   88  223    0.97589    4.81134   393%   101 14440s
 29822830 16098954    1.26246   79  234    0.97589    4.81116   393%   101 14445s
 29832138 16104680    4.41750   70  235    0.97589    4.81098   393%   101 14450s
 29844927 16111046    1.94003   77  275    0.97589    4.81084   393%   101 14455s
 29854756 16116427    1.00821   82  184    0.97589    4.81069   393%   101 14460s
 29864696 16120907     cutoff   80         0.97589    4.81055   393%   101 14465s
 29878452 16127366    3.03754   78  238    0.97589    4.81029   393%   101 14470s
 29890660 16134589    1.94914   88  234    0.97589    4.81007   393%   101 14476s
 29900964 16139439    1.61736   74  251    0.97589    4.80996   393%   101 14480s
 29910787 16145358    1.24874   85  248    0.97589    4.80976   393%   101 14486s
 29920954 16150228    2.47668   78  220    0.97589    4.80964   393%   101 14490s
 29930572 16156284     cutoff   97         0.97589    4.80945   393%   101 14495s
 29942801 16162090 infeasible   86         0.97589    4.80924   393%   101 14501s
 29952402 16167698    4.02376   66  315    0.97589    4.80907   393%   101 14505s
 29961946 16172984    1.51459   83  216    0.97589    4.80892   393%   101 14510s
 29974110 16178722 infeasible  100         0.97589    4.80871   393%   101 14515s
 29986598 16184285    0.99773   80  217    0.97589    4.80845   393%   101 14520s
 29998885 16190420    1.56502   89  170    0.97589    4.80822   393%   101 14526s
 30008879 16195427    2.19831   78  249    0.97589    4.80810   393%   101 14530s
 30018687 16200968    1.41812   80  231    0.97589    4.80787   393%   101 14535s
 30031872 16207703    1.32878   69  159    0.97589    4.80764   393%   101 14540s
 30044490 16214150    1.40727   77  231    0.97589    4.80744   393%   101 14545s
 30054951 16218855    3.46857   73  260    0.97589    4.80732   393%   101 14550s
 30065372 16224775    2.98671   76  237    0.97589    4.80718   393%   101 14555s
 30078905 16231788     cutoff   80         0.97589    4.80692   393%   101 14561s
 30087969 16236227     cutoff   84         0.97589    4.80678   393%   101 14565s
 30091112 16240179    1.01410   91  213    0.97589    4.80677   393%   101 14570s
 30105315 16245783    4.64785   70  230    0.97589    4.80651   393%   101 14575s
 30116257 16249887    1.19196   73  248    0.97589    4.80626   392%   101 14580s
 30128383 16255338 infeasible   64         0.97589    4.80602   392%   101 14586s
 30137482 16260882    1.06635   74  180    0.97589    4.80587   392%   101 14590s
 30147569 16266082    2.81937   70  245    0.97589    4.80581   392%   101 14595s
 30157091 16269328    2.42748   69  227    0.97589    4.80563   392%   101 14600s
 30169793 16277349    1.09447   65  182    0.97589    4.80546   392%   101 14606s
 30182094 16283787    4.60168   65  255    0.97589    4.80533   392%   101 14610s
 30194088 16289877    2.35878   80  230    0.97589    4.80516   392%   101 14616s
 30203542 16294592    1.03245   82  243    0.97589    4.80500   392%   101 14620s
 30213042 16300273 infeasible   97         0.97589    4.80492   392%   101 14625s
 30222194 16304808    2.71539   75  238    0.97589    4.80483   392%   101 14630s
 30234890 16310761    3.46539   73  263    0.97589    4.80455   392%   101 14636s
 30244488 16315511    1.06369   90  179    0.97589    4.80445   392%   101 14640s
 30258052 16323056     cutoff   92         0.97589    4.80423   392%   101 14646s
 30267152 16329290    1.10149   81  172    0.97589    4.80414   392%   101 14650s
 30280556 16335804    1.36633   89  154    0.97589    4.80388   392%   101 14656s
 30287760 16339506    1.18062   94  180    0.97589    4.80377   392%   101 14660s
 30298013 16345385     cutoff   98         0.97589    4.80365   392%   101 14665s
 30310351 16352036    2.89055   78  259    0.97589    4.80344   392%   101 14670s
 30320365 16357596 infeasible   88         0.97589    4.80332   392%   101 14675s
 30329542 16363073    1.19768   86  247    0.97589    4.80325   392%   101 14680s
 30343609 16371219    2.79186   79  253    0.97589    4.80304   392%   101 14686s
 30353755 16376895    3.73678   74  257    0.97589    4.80299   392%   101 14691s
 30363492 16381987    1.48987   77  205    0.97589    4.80279   392%   101 14695s
 30376395 16388884    2.09174   78  269    0.97589    4.80262   392%   101 14700s
 30385262 16392996     cutoff   95         0.97589    4.80249   392%   101 14705s
 30390289 16397343    2.60480   59  229    0.97589    4.80243   392%   101 14710s
 30399900 16402433    1.16619   92  216    0.97589    4.80226   392%   101 14715s
 30412341 16409766    1.66547   73  239    0.97589    4.80212   392%   101 14721s
 30422444 16414469 infeasible   81         0.97589    4.80192   392%   101 14725s
 30434743 16421103 infeasible   78         0.97589    4.80174   392%   101 14731s
 30443912 16425290     cutoff   85         0.97589    4.80158   392%   101 14736s
 30456356 16431497    2.27088   70  243    0.97589    4.80136   392%   101 14741s
 30468944 16438111 infeasible   86         0.97589    4.80117   392%   101 14746s
 30478252 16443273    3.06706   70  265    0.97589    4.80104   392%   101 14751s
 30487480 16448910    3.47540   70  298    0.97589    4.80091   392%   101 14755s
 30497089 16455193     cutoff   80         0.97589    4.80077   392%   101 14760s
 30511418 16462051    1.72451   73  203    0.97589    4.80051   392%   101 14765s
 30522923 16467556    3.58841   73  209    0.97589    4.80029   392%   101 14771s
 30532370 16471599     cutoff   89         0.97589    4.80015   392%   101 14776s
 30542089 16477330    2.06822   75  212    0.97589    4.79997   392%   101 14780s
 30552361 16482591    2.85727   75  216    0.97589    4.79980   392%   101 14785s
 30561651 16488704     cutoff   90         0.97589    4.79966   392%   101 14790s
 30572355 16494029    1.62930   83  222    0.97589    4.79945   392%   101 14795s
 30582416 16499211    1.69484   90  176    0.97589    4.79933   392%   101 14800s
 30593089 16504385    1.20040   74  280    0.97589    4.79914   392%   101 14805s
 30606258 16510537 infeasible  100         0.97589    4.79887   392%   101 14811s
 30618356 16516231    1.19765   89  205    0.97589    4.79867   392%   101 14816s
 30632194 16522787     cutoff   80         0.97589    4.79841   392%   101 14820s
 30641183 16528784 infeasible   85         0.97589    4.79832   392%   101 14825s
 30654331 16535446    2.82452   86  257    0.97589    4.79807   392%   101 14831s
 30659839 16537651    2.70872   67  198    0.97589    4.79798   392%   101 14836s
 30670891 16543718    1.61675   70  249    0.97589    4.79782   392%   101 14840s
 30680550 16548901    1.57489   76  290    0.97589    4.79761   392%   101 14845s
 30694115 16554491     cutoff   85         0.97589    4.79742   392%   101 14850s
 30703265 16560082    1.11959   89  179    0.97589    4.79722   392%   101 14855s
 30711918 16564662    1.15989   82  125    0.97589    4.79709   392%   101 14861s
 30722966 16571731    3.54274   53  196    0.97589    4.79701   392%   101 14866s
 30732672 16578235    4.12748   76  252    0.97589    4.79688   392%   101 14870s
 30742596 16583137    4.06127   73  252    0.97589    4.79677   392%   101 14875s
 30753075 16588316    1.00181   83  194    0.97589    4.79653   392%   101 14880s
 30762586 16592851    1.02905   86  109    0.97589    4.79634   391%   101 14885s
 30775369 16598943 infeasible   85         0.97589    4.79608   391%   101 14891s
 30784295 16603375    3.60868   75  274    0.97589    4.79595   391%   101 14896s
 30793926 16609614    1.16443   96  240    0.97589    4.79583   391%   101 14900s
 30805048 16614338    1.01524   82  172    0.97589    4.79562   391%   101 14905s
 30815362 16619400 infeasible   81         0.97589    4.79549   391%   101 14910s
 30827912 16626707     cutoff   76         0.97589    4.79531   391%   101 14916s
 30838470 16631817     cutoff   92         0.97589    4.79512   391%   101 14920s
 30847867 16637080    1.35052   80  208    0.97589    4.79501   391%   101 14925s
 30860803 16642627    1.27174   78  261    0.97589    4.79476   391%   101 14931s
 30870162 16647508    2.60307   73  269    0.97589    4.79460   391%   101 14935s
 30879434 16652394    1.16592   76  228    0.97589    4.79446   391%   101 14940s
 30891860 16659420    1.61539   66  263    0.97589    4.79425   391%   101 14945s
 30904883 16666526    4.46081   71  258    0.97589    4.79409   391%   101 14951s
 30911323 16670211     cutoff   87         0.97589    4.79398   391%   101 14955s
 30924883 16677195    1.23353   83  232    0.97589    4.79375   391%   101 14960s
 30934468 16682806 infeasible   79         0.97589    4.79358   391%   101 14965s
 30944379 16688137    2.51864   63  194    0.97589    4.79348   391%   101 14970s
 30953497 16693553    2.17083   80  262    0.97589    4.79330   391%   101 14975s
 30960669 16696805    4.05109   64  256    0.97589    4.79317   391%   101 14981s
 30971268 16702912    1.72475   76  191    0.97589    4.79303   391%   101 14986s
 30980986 16708527 infeasible   86         0.97589    4.79290   391%   101 14991s
 30991452 16713280    1.66539   70  256    0.97589    4.79269   391%   101 14996s
 31000525 16718518     cutoff   77         0.97589    4.79256   391%   101 15000s
 31012596 16724657    2.31614   75  263    0.97589    4.79233   391%   101 15005s
 31021849 16729024    3.90303   75  262    0.97589    4.79222   391%   101 15010s
 31035177 16736284 infeasible   79         0.97589    4.79202   391%   101 15015s
 31045647 16741014     cutoff   84         0.97589    4.79179   391%   101 15020s
 31058431 16747522    1.00550   79  246    0.97589    4.79159   391%   101 15026s
 31067603 16751676    1.15766   87  199    0.97589    4.79140   391%   101 15031s
 31076751 16756398    4.69965   65  244    0.97589    4.79121   391%   101 15035s
 31086212 16761306    0.98870   87  143    0.97589    4.79106   391%   101 15040s
 31100219 16767500    1.15282   86  247    0.97589    4.79080   391%   101 15046s
 31109465 16772062     cutoff   85         0.97589    4.79069   391%   101 15050s
 31122921 16777537    2.59717   84  223    0.97589    4.79039   391%   101 15056s
 31133218 16783009    1.24454   75  187    0.97589    4.79023   391%   101 15060s
 31142918 16787468    1.25669   74  238    0.97589    4.79010   391%   101 15065s
 31152495 16793376     cutoff   95         0.97589    4.78993   391%   101 15070s
 31162390 16797820    1.51243   88  244    0.97589    4.78975   391%   101 15075s
 31171833 16802234    1.03962   77  252    0.97589    4.78954   391%   101 15080s
 31184853 16809118    1.25181   89  179    0.97589    4.78937   391%   101 15085s
 31197961 16817518 infeasible   93         0.97589    4.78918   391%   101 15091s
 31207821 16821095     cutoff   95         0.97589    4.78905   391%   101 15096s
 31218589 16826749     cutoff   91         0.97589    4.78888   391%   101 15100s
 31227138 16832031    1.72338   74  242    0.97589    4.78876   391%   101 15105s
 31237219 16837306 infeasible   86         0.97589    4.78863   391%   101 15110s
 31246328 16842291    1.98115   85  274    0.97589    4.78845   391%   101 15115s
 31256239 16846108     cutoff   79         0.97589    4.78830   391%   101 15120s
 31265126 16851194    1.13328   81  211    0.97589    4.78809   391%   101 15125s
 31277837 16858054     cutoff   86         0.97589    4.78795   391%   101 15130s
 31287744 16862954    1.15902  100  168    0.97589    4.78777   391%   101 15135s
 31297484 16866966    4.34325   74  227    0.97589    4.78758   391%   101 15140s
 31302484 16870724    1.35344   82  159    0.97589    4.78751   391%   101 15145s
 31313627 16875252    4.59887   62  219    0.97589    4.78725   391%   101 15150s
 31322375 16879836    2.74678   83  249    0.97589    4.78710   391%   101 15155s
 31334849 16887230    1.61573   79  274    0.97589    4.78690   391%   101 15161s
 31344759 16892692    2.01687   73  201    0.97589    4.78677   391%   101 15165s
 31354037 16897645    4.57407   67  221    0.97589    4.78664   390%   101 15170s
 31363441 16902400    1.51498   84  235    0.97589    4.78647   390%   101 15175s
 31373126 16908207     cutoff  109         0.97589    4.78635   390%   101 15180s
 31386406 16914296    0.99942   98  188    0.97589    4.78606   390%   101 15186s
 31396208 16920184     cutoff  100         0.97589    4.78591   390%   101 15191s
 31406285 16924936    1.82800   70  268    0.97589    4.78576   390%   101 15195s
 31418857 16932007    2.18068   81  204    0.97589    4.78555   390%   101 15201s
 31428107 16937995    2.92391   81  214    0.97589    4.78543   390%   101 15205s
 31440176 16944774    1.72262   76  247    0.97589    4.78522   390%   101 15211s
 31450578 16949410    1.01694   92  199    0.97589    4.78505   390%   101 15215s
 31463827 16955774    1.13480   80  241    0.97589    4.78488   390%   101 15221s
 31473020 16961467    3.86143   83  251    0.97589    4.78477   390%   101 15225s
 31482507 16965679    1.56283   83  219    0.97589    4.78456   390%   101 15230s
 31496125 16971990     cutoff   83         0.97589    4.78438   390%   101 15236s
 31505587 16977173    1.01305   80  168    0.97589    4.78420   390%   101 15240s
 31516086 16981294    2.02678   71  225    0.97589    4.78401   390%   101 15245s
 31528725 16988656    1.17066   80  189    0.97589    4.78385   390%   101 15250s
 31538665 16993230    1.66700   85  253    0.97589    4.78371   390%   101 15256s
 31548992 16997913     cutoff  101         0.97589    4.78354   390%   101 15260s
 31558219 17003033    1.53308   73  244    0.97589    4.78339   390%   101 15266s
 31567564 17007962     cutoff   76         0.97589    4.78323   390%   101 15271s
 31576883 17012492    1.03195   87  164    0.97589    4.78304   390%   101 15275s
 31586667 17018952    2.46214   83  232    0.97589    4.78290   390%   101 15280s
 31596735 17023999    1.92539   78  106    0.97589    4.78274   390%   101 15285s
 31606264 17029042     cutoff   79         0.97589    4.78263   390%   101 15290s
 31613835 17031992    1.29449   76  210    0.97589    4.78252   390%   101 15296s
 31622268 17037048    1.02570   88  246    0.97589    4.78238   390%   101 15301s
 31630493 17040983    1.04486   91  171    0.97589    4.78228   390%   101 15305s
 31640727 17045376     cutoff   94         0.97589    4.78208   390%   101 15310s
 31653349 17050158 infeasible   98         0.97589    4.78186   390%   101 15316s
 31658345 17054575     cutoff   77         0.97589    4.78179   390%   101 15321s
 31669193 17059257    1.51000   91  230    0.97589    4.78169   390%   101 15325s
 31678442 17065156    1.46573   86  249    0.97589    4.78156   390%   101 15330s
 31689639 17069835    1.24386   84  244    0.97589    4.78138   390%   101 15335s
 31699183 17074821    1.81596   72  193    0.97589    4.78121   390%   101 15340s
 31709411 17080062    1.49774   75  268    0.97589    4.78104   390%   101 15345s
 31719050 17085149    1.30587   78  247    0.97589    4.78092   390%   101 15350s
 31728910 17090688    1.92736   72  226    0.97589    4.78070   390%   101 15355s
 31737751 17095284    1.91653   60  163    0.97589    4.78059   390%   101 15360s
 31748121 17100281    1.42493   84  235    0.97589    4.78044   390%   101 15365s
 31757377 17105317    4.20867   72  274    0.97589    4.78028   390%   101 15371s
 31767920 17110145    1.06292   93  143    0.97589    4.78013   390%   101 15376s
 31776657 17115818     cutoff   80         0.97589    4.78000   390%   101 15381s
 31787333 17121215     cutoff   82         0.97589    4.77984   390%   101 15386s
 31796039 17126320    2.80801   76  254    0.97589    4.77975   390%   101 15390s
 31805135 17130830    1.24845   79  202    0.97589    4.77955   390%   101 15395s
 31815314 17135393    1.03040   89  196    0.97589    4.77940   390%   101 15400s
 31824438 17139111    1.02510   77  243    0.97589    4.77936   390%   101 15406s
 31834848 17144847    4.52194   78  285    0.97589    4.77916   390%   101 15410s
 31845461 17149562    1.73763   75  242    0.97589    4.77900   390%   101 15415s
 31854384 17153811    2.42855   72  234    0.97589    4.77882   390%   101 15420s
 31863747 17157205    1.16874   83  249    0.97589    4.77870   390%   101 15426s
 31873695 17162795     cutoff  100         0.97589    4.77852   390%   101 15431s
 31883713 17167620    2.19829   82  287    0.97589    4.77839   390%   101 15436s
 31892715 17172288    0.99907   86  187    0.97589    4.77823   390%   101 15441s
 31902492 17175925    1.21560   85  154    0.97589    4.77807   390%   101 15446s
 31904733 17178041    1.23654   79  237    0.97589    4.77802   390%   101 15450s
 31915201 17181943    1.76867   80  237    0.97589    4.77782   390%   101 15455s
 31923885 17186186    1.01004   93  266    0.97589    4.77772   390%   101 15460s
 31932556 17190483    1.03743   85  142    0.97589    4.77761   390%   101 15465s
 31942512 17194736    1.38096   81  237    0.97589    4.77744   390%   101 15470s
 31952325 17198756    1.17464   82  257    0.97589    4.77725   390%   101 15475s
 31961376 17202804    1.07114   97  132    0.97589    4.77715   390%   101 15481s
 31970708 17208207    2.31614   62  233    0.97589    4.77695   389%   101 15486s
 31980450 17213238    1.46645   77  250    0.97589    4.77680   389%   101 15491s
 31990272 17218273    1.02412   87  243    0.97589    4.77673   389%   101 15496s
 31999946 17224076    1.02717   84  220    0.97589    4.77664   389%   101 15501s
 32006797 17226861    1.06038   83  219    0.97589    4.77655   389%   101 15505s
 32016458 17232140    3.03462   64  223    0.97589    4.77637   389%   101 15510s
 32026553 17236982    3.60273   82  224    0.97589    4.77625   389%   101 15515s
 32035994 17242550    1.79364   93  247    0.97589    4.77613   389%   101 15520s
 32045745 17246668    1.04125   84  230    0.97589    4.77603   389%   101 15526s
 32055290 17252221     cutoff   74         0.97589    4.77583   389%   101 15531s
 32065455 17255821    2.42070   72  260    0.97589    4.77572   389%   101 15535s
 32075178 17261695     cutoff   81         0.97589    4.77557   389%   101 15540s
 32084874 17266859     cutoff   79         0.97589    4.77550   389%   101 15545s
 32094985 17272258    2.42941   72  217    0.97589    4.77542   389%   101 15550s
 32104724 17276933     cutoff   88         0.97589    4.77524   389%   101 15555s
 32114137 17281646    3.02813   65  240    0.97589    4.77504   389%   101 15560s
 32124269 17286841    1.47839   78  266    0.97589    4.77490   389%   101 15565s
 32134055 17291702     cutoff   80         0.97589    4.77473   389%   101 15570s
 32143245 17296541     cutoff   89         0.97589    4.77463   389%   101 15575s
 32150613 17298533    1.05085   82  238    0.97589    4.77449   389%   101 15581s
 32157264 17304195    4.29797   56  217    0.97589    4.77440   389%   101 15586s
 32168062 17309310    1.07572   71  245    0.97589    4.77425   389%   101 15591s
 32177519 17314294    1.47836   77  214    0.97589    4.77405   389%   101 15596s
 32184289 17317141     cutoff   85         0.97589    4.77393   389%   101 15600s
 32193248 17321770    4.55607   61  238    0.97589    4.77379   389%   101 15605s
 32203660 17327007    4.05986   67  229    0.97589    4.77363   389%   101 15610s
 32216318 17333751    1.06604  107  238    0.97589    4.77342   389%   101 15616s
 32223043 17337679    1.26950   82  229    0.97589    4.77330   389%   101 15620s
 32232885 17342693    2.10940   80  211    0.97589    4.77315   389%   101 15625s
 32242800 17347634    4.07907   73  264    0.97589    4.77300   389%   101 15630s
 32251413 17352674    1.62067   85  197    0.97589    4.77293   389%   101 15636s
 32261901 17357422    1.63834   92  237    0.97589    4.77280   389%   101 15640s
 32270903 17363235     cutoff   87         0.97589    4.77267   389%   101 15645s
 32281462 17368881 infeasible   67         0.97589    4.77255   389%   101 15650s
 32290770 17373009    1.55949   81  130    0.97589    4.77237   389%   101 15655s
 32300904 17377651 infeasible  107         0.97589    4.77220   389%   101 15660s
 32309914 17382659    2.20384   69  223    0.97589    4.77209   389%   101 15665s
 32320171 17388769    1.37736   72  262    0.97589    4.77195   389%   101 15670s
 32329453 17393887    1.38177   55  206    0.97589    4.77183   389%   101 15675s
 32339943 17399253    1.09471   88  230    0.97589    4.77169   389%   101 15680s
 32348540 17404021    1.11994   83  255    0.97589    4.77155   389%   101 15685s
 32357592 17408905    1.03281   98  229    0.97589    4.77145   389%   101 15690s
 32366505 17413801    1.26500   89  168    0.97589    4.77132   389%   101 15695s
 32375948 17419838    1.05386  102  171    0.97589    4.77121   389%   101 15700s
 32386084 17424285 infeasible   85         0.97589    4.77100   389%   101 15705s
 32395770 17430185 infeasible   80         0.97589    4.77084   389%   101 15710s
 32408242 17436752    1.03565   79  238    0.97589    4.77065   389%   101 15716s
 32414579 17439958    1.40008   87  248    0.97589    4.77060   389%   101 15720s
 32423717 17445533     cutoff   84         0.97589    4.77044   389%   101 15725s
 32433858 17450192    1.69088   79  241    0.97589    4.77027   389%   101 15730s
 32443665 17455141     cutoff   85         0.97589    4.77010   389%   101 15735s
 32453882 17460507    3.25913   69  287    0.97589    4.77001   389%   101 15741s
 32458074 17466900    1.64254   84  163    0.97589    4.76994   389%   101 15748s
 32469432 17469670    4.62244   68  280    0.97589    4.76982   389%   101 15750s
 32482974 17475716     cutoff   81         0.97589    4.76957   389%   101 15756s
 32493346 17480768    1.49923   76  270    0.97589    4.76938   389%   101 15761s
 32500426 17484360    2.34176   76  217    0.97589    4.76924   389%   101 15765s
 32510045 17489118     cutoff   93         0.97589    4.76916   389%   101 15770s
H32516498 17491581                       0.9758942    4.76906   389%   101 15775s
 32525817 17497060    1.16891   86  154    0.97589    4.76890   389%   101 15780s
 32535545 17502139    2.81959   71  224    0.97589    4.76874   389%   101 15785s
 32546103 17507339     cutoff   86         0.97589    4.76863   389%   101 15790s
 32556144 17513329 infeasible   77         0.97589    4.76851   389%   101 15795s
 32565985 17518381    1.08004   84  224    0.97589    4.76833   389%   101 15800s
 32575453 17522725    1.66964   70  221    0.97589    4.76821   389%   101 15805s
 32585263 17528552     cutoff   97         0.97589    4.76807   389%   101 15811s
 32595243 17531918    1.15474   75  191    0.97589    4.76796   389%   101 15816s
 32596776 17533754    3.15771   59  247    0.97589    4.76796   389%   101 15820s
 32606394 17538996    1.07707   89  177    0.97589    4.76778   389%   101 15826s
 32615799 17544268    1.25675   83  232    0.97589    4.76763   389%   101 15831s
 32625074 17549313    1.80820   71  214    0.97589    4.76755   389%   101 15836s
 32634247 17554361    3.13119   70  266    0.97589    4.76741   389%   101 15841s
 32643212 17560484    1.33619   81  210    0.97589    4.76728   389%   101 15846s
 32652175 17565103    1.39161   75  275    0.97589    4.76718   388%   101 15851s
 32662406 17569822    1.00085   87  160    0.97589    4.76704   388%   101 15856s
 32671868 17574860    2.67514   68  236    0.97589    4.76685   388%   101 15861s
 32679110 17576774 infeasible   83         0.97589    4.76672   388%   101 15865s
 32688700 17583270    1.79000   75  238    0.97589    4.76663   388%   101 15870s
 32698225 17587526    1.52263   85  155    0.97589    4.76649   388%   101 15875s
 32707908 17592466    1.30003   81  245    0.97589    4.76634   388%   101 15880s
 32717021 17596811    1.19273   74  252    0.97589    4.76626   388%   101 15885s
 32726131 17602333    1.04642   81  153    0.97589    4.76612   388%   101 15890s
 32735556 17607342    1.56429   84  234    0.97589    4.76597   388%   101 15895s
 32747117 17612905    0.98364   90  111    0.97589    4.76582   388%   101 15900s
 32754141 17615924    1.67341   85  215    0.97589    4.76574   388%   101 15905s
 32761010 17621070     cutoff  102         0.97589    4.76562   388%   101 15911s
 32770569 17625992    2.76050   76  197    0.97589    4.76542   388%   101 15915s
 32780522 17630781    2.58630   78  234    0.97589    4.76532   388%   101 15921s
 32789699 17635499    1.96129   65  239    0.97589    4.76517   388%   101 15925s
 32798582 17640678    3.29597   76  212    0.97589    4.76499   388%   101 15930s
 32807716 17645075     cutoff   77         0.97589    4.76486   388%   101 15935s
 32817943 17649452    1.13075   86  213    0.97589    4.76471   388%   101 15940s
 32827241 17655329    3.84886   81  242    0.97589    4.76453   388%   101 15946s
 32838288 17660288    1.01480   98  149    0.97589    4.76431   388%   101 15951s
 32847777 17664689    2.95534   80  211    0.97589    4.76422   388%   101 15956s
 32857219 17668914    1.07708   89  244    0.97589    4.76404   388%   101 15961s
 32865697 17674474     cutoff   84         0.97589    4.76393   388%   101 15965s
 32875629 17679456    2.17758   83  180    0.97589    4.76376   388%   102 15970s
 32884673 17684415    1.94166   65  191    0.97589    4.76362   388%   102 15975s
 32894559 17690070    1.53553   74  248    0.97589    4.76351   388%   102 15981s
 32904869 17696427    1.06166   95  196    0.97589    4.76340   388%   102 15986s
 32914392 17701964    1.86852   77  243    0.97589    4.76326   388%   102 15990s
 32923336 17706273    1.51297   70  202    0.97589    4.76310   388%   102 15995s
 32933662 17711489    1.06878   94  170    0.97589    4.76299   388%   102 16000s
 32942706 17717158    1.47143   85  181    0.97589    4.76286   388%   102 16005s
 32953664 17723158    3.69456   76  235    0.97589    4.76277   388%   102 16010s
 32962752 17727457 infeasible   92         0.97589    4.76266   388%   102 16015s
 32972295 17733156 infeasible   91         0.97589    4.76252   388%   102 16021s
 32981770 17738697    1.13736   90  151    0.97589    4.76234   388%   102 16026s
 32992771 17743658    1.63656   68  191    0.97589    4.76213   388%   102 16031s
 33002215 17749580 infeasible   61         0.97589    4.76203   388%   102 16036s
 33011850 17753232    1.64704   66  166    0.97589    4.76193   388%   102 16041s
 33021296 17757402    1.54004   72  238    0.97589    4.76176   388%   102 16046s
 33027099 17760493 infeasible   71         0.97589    4.76167   388%   102 16050s
 33037801 17764681     cutoff   86         0.97589    4.76148   388%   102 16055s
 33047549 17770621    2.89163   79  227    0.97589    4.76130   388%   102 16060s
 33057401 17775457     cutoff   79         0.97589    4.76114   388%   102 16065s
 33066926 17781353 infeasible   64         0.97589    4.76102   388%   102 16070s
 33075710 17786746     cutoff   78         0.97589    4.76088   388%   102 16075s
 33085928 17792345    1.46313   89  198    0.97589    4.76079   388%   102 16080s
 33095434 17796904 infeasible   85         0.97589    4.76067   388%   102 16085s
 33098919 17802681    1.04325   81  251    0.97589    4.76062   388%   102 16092s
 33116489 17807790    1.08059   89  153    0.97589    4.76036   388%   102 16096s
 33124339 17812261    1.28604   79  191    0.97589    4.76020   388%   102 16100s
 33134728 17816453    3.02059   68  230    0.97589    4.76008   388%   102 16105s
 33143794 17821585    1.37576   75  201    0.97589    4.75993   388%   102 16110s
 33154487 17825906    0.98847   86  222    0.97589    4.75977   388%   102 16115s
 33164319 17831155    1.01057   82  205    0.97589    4.75959   388%   102 16121s
 33173241 17836608    1.44135   72  201    0.97589    4.75952   388%   102 16126s
 33179693 17839292    1.86748   78  196    0.97589    4.75939   388%   102 16130s
 33189567 17844637    1.05671   78  236    0.97589    4.75926   388%   102 16135s
 33203765 17850427     cutoff   85         0.97589    4.75902   388%   102 16141s
 33210427 17853613     cutoff   85         0.97589    4.75889   388%   102 16145s
 33219542 17859149    3.07451   68  240    0.97589    4.75874   388%   102 16150s
 33230187 17865548    2.16272   72  211    0.97589    4.75859   388%   102 16155s
 33240562 17870911    2.21303   63  184    0.97589    4.75853   388%   102 16160s
 33250266 17875525     cutoff   78         0.97589    4.75839   388%   102 16165s
 33258983 17880865    1.06464   87  227    0.97589    4.75827   388%   102 16170s
 33268131 17885955    4.63307   67  249    0.97589    4.75819   388%   102 16175s
 33277565 17890277    2.43079   81  228    0.97589    4.75804   388%   102 16180s
 33287166 17895512    1.44164   67  159    0.97589    4.75788   388%   102 16185s
 33297052 17900526    1.70051   83  269    0.97589    4.75767   388%   102 16191s
 33307307 17904513    1.05425   81  188    0.97589    4.75747   387%   102 16196s
 33316113 17909849    1.64217   71  250    0.97589    4.75739   387%   102 16201s
 33327219 17914286    1.07592   92  155    0.97589    4.75723   387%   102 16206s
 33336461 17919153     cutoff   85         0.97589    4.75708   387%   102 16211s
 33345372 17923404    1.38813   85  205    0.97589    4.75697   387%   102 16216s
 33355643 17927490 infeasible   70         0.97589    4.75675   387%   102 16221s
 33365353 17932004    1.47803   92  170    0.97589    4.75658   387%   102 16226s
 33375213 17936838    1.26251   87  206    0.97589    4.75647   387%   102 16231s
 33384798 17940869    4.57624   67  261    0.97589    4.75636   387%   102 16236s
 33395458 17945560     cutoff   82         0.97589    4.75618   387%   102 16241s
 33402448 17950361    2.23304   83  298    0.97589    4.75610   387%   102 16245s
 33412325 17956018    1.29276   89  194    0.97589    4.75596   387%   102 16250s
 33421668 17961112     cutoff   97         0.97589    4.75585   387%   102 16255s
 33428411 17964065    2.62627   71  245    0.97589    4.75576   387%   102 16260s
 33437104 17971144    1.41608   78  194    0.97589    4.75565   387%   102 16266s
 33445095 17975566 infeasible   81         0.97589    4.75549   387%   102 16270s
 33456091 17981316    1.31754   87  148    0.97589    4.75542   387%   102 16275s
 33466405 17986614    1.23465   80  177    0.97589    4.75522   387%   102 16281s
 33472184 17990012    1.09548   75  266    0.97589    4.75511   387%   102 16285s
H33480042 17992403                       0.9759756    4.75504   387%   102 16289s
 33482798 17993449    4.40262   69  207    0.97598    4.75498   387%   102 16291s
H33488158 17995103                       0.9760100    4.75492   387%   102 16294s
 33489025 17996492    1.77215   66  242    0.97601    4.75488   387%   102 16295s
H33490182 17996442                       0.9760165    4.75488   387%   102 16296s
H33491267 17996442                       0.9760165    4.75487   387%   102 16297s
 33494867 18000395    1.45618   75  188    0.97602    4.75484   387%   102 16300s
H33495530 18000059                       0.9760674    4.75484   387%   102 16301s
H33498233 18001331                       0.9760699    4.75482   387%   102 16304s
H33498812 17993615                       0.9772379    4.75482   387%   102 16305s
H33506376 17996710                       0.9772547    4.75472   387%   102 16310s
H33506498 17996371                       0.9773031    4.75472   387%   102 16311s
 33513587 18000803    1.06519   93  167    0.97730    4.75455   386%   102 16316s
H33515757 18000695                       0.9773186    4.75453   386%   102 16317s
 33520310 18003385    4.46838   78  203    0.97732    4.75441   386%   102 16320s
 33528860 18009407     cutoff   97         0.97732    4.75429   386%   102 16325s
H33529630 18009353                       0.9773251    4.75428   386%   102 16326s
 33533453 18012545    1.41286   87  225    0.97733    4.75422   386%   102 16331s
 33540236 18016814     cutoff  102         0.97733    4.75420   386%   102 16335s
 33551320 18022220 infeasible   74         0.97733    4.75405   386%   102 16340s
 33563076 18028512    1.00636   84  213    0.97733    4.75388   386%   102 16345s
 33572232 18033887    1.40245   57  128    0.97733    4.75373   386%   102 16350s
 33584614 18040228    3.61622   75  239    0.97733    4.75351   386%   102 16356s
H33586073 18040196                       0.9773299    4.75350   386%   102 16357s
 33590388 18043383    1.63324   85  235    0.97733    4.75348   386%   102 16360s
 33600051 18048030    1.03532  100  145    0.97733    4.75334   386%   102 16365s
 33610668 18053476    1.57011   67  205    0.97733    4.75319   386%   102 16370s
H33611405 18053431                       0.9773383    4.75319   386%   102 16371s
 33620381 18059479 infeasible   90         0.97734    4.75301   386%   102 16375s
 33629731 18064401    0.99550   92  144    0.97734    4.75288   386%   102 16380s
 33642621 18071469    1.30712   89  204    0.97734    4.75272   386%   102 16385s
 33653323 18075346    1.15682   85  211    0.97734    4.75257   386%   102 16390s
 33663053 18080430    1.01043   82  189    0.97734    4.75243   386%   102 16395s
H33665775 18080405                       0.9773438    4.75241   386%   102 16396s
H33666348 18081670                       0.9773559    4.75237   386%   102 16399s
H33666669 18081543                       0.9773749    4.75237   386%   102 16400s
H33670225 18082833                       0.9773807    4.75233   386%   102 16403s
 33675651 18086431    1.00138   99  172    0.97738    4.75220   386%   102 16406s
 33682457 18089647    1.95842   77  231    0.97738    4.75213   386%   102 16410s
 33696145 18096809    1.06944   80  216    0.97738    4.75190   386%   102 16416s
 33705430 18101177     cutoff   89         0.97738    4.75175   386%   102 16420s
H33707370 18037100                       0.9861171    4.75175   382%   102 16421s
H33709143 18037802                       0.9862036    4.75172   382%   102 16424s
H33709786 18037711                       0.9862142    4.75171   382%   102 16425s
H33711040 18037171                       0.9862825    4.75170   382%   102 16426s
H33712726 18038911                       0.9862916    4.75167   382%   102 16428s
 33715154 18039996    1.06459   91  210    0.98629    4.75161   382%   102 16430s
 33719518 18042983    1.93785   79  218    0.98629    4.75156   382%   102 16435s
 33730236 18048384    1.25845   87  108    0.98629    4.75141   382%   102 16440s
 33739591 18053429     cutoff   86         0.98629    4.75128   382%   102 16445s
H33748048 18056842                       0.9863208    4.75116   382%   102 16449s
 33749390 18058725    2.20741   76  223    0.98632    4.75112   382%   102 16451s
 33759639 18064178     cutoff   82         0.98632    4.75100   382%   102 16455s
 33769378 18069064    4.19510   71  267    0.98632    4.75085   382%   102 16460s
 33782455 18073660    1.76482   80  223    0.98632    4.75067   382%   102 16466s
 33792149 18078781    1.00181   85  232    0.98632    4.75054   382%   102 16470s
 33801006 18083364    2.19423   78  241    0.98632    4.75036   382%   102 16475s
 33813652 18090474    1.34594   96  184    0.98632    4.75013   382%   102 16481s
 33824500 18095996    1.74366   77  227    0.98632    4.75004   382%   102 16485s
 33834074 18101055     cutoff   91         0.98632    4.74983   382%   102 16490s
 33843398 18105505    3.47608   70  287    0.98632    4.74967   382%   102 16495s
 33854315 18111491    1.71787   84  290    0.98632    4.74952   382%   102 16500s
H33860400 18113041                       0.9863215    4.74946   382%   102 16502s
 33864411 18116026    1.86309   83  158    0.98632    4.74939   382%   102 16506s
 33873826 18121413    1.73572   72  251    0.98632    4.74924   382%   102 16511s
 33883408 18126346    1.04137   79  219    0.98632    4.74910   381%   102 16515s
 33895727 18133186    1.47720   88  255    0.98632    4.74891   381%   102 16521s
 33905197 18138034    2.12821   78  185    0.98632    4.74876   381%   102 16525s
 33917553 18145369     cutoff   83         0.98632    4.74861   381%   102 16531s
H33925832 18148872                       0.9863245    4.74850   381%   102 16535s
 33933670 18153704     cutoff   83         0.98632    4.74834   381%   102 16540s
H33936349 18153674                       0.9863278    4.74832   381%   102 16541s
H33941374 18156372                       0.9863833    4.74823   381%   102 16545s
 33949272 18161223    1.19238  100  186    0.98638    4.74811   381%   102 16550s
 33963078 18168351     cutoff  103         0.98638    4.74787   381%   102 16555s
 33972740 18174138    1.30823   75  235    0.98638    4.74769   381%   102 16560s
 33983325 18179136    1.23748   99  161    0.98638    4.74759   381%   102 16565s
 33996235 18186468    1.28231   86  231    0.98638    4.74741   381%   102 16571s
 34005862 18190968    1.01501   88  284    0.98638    4.74733   381%   102 16575s
 34011286 18193330    1.73638   68  270    0.98638    4.74724   381%   102 16580s
H34013811 18174618                       0.9890048    4.74718   380%   102 16583s
 34016646 18176737    2.26604   78  213    0.98900    4.74713   380%   102 16585s
H34018952 18176620                       0.9890216    4.74711   380%   102 16586s
H34027010 18179229                       0.9890639    4.74701   380%   102 16590s
H34030494 18180353                       0.9890818    4.74695   380%   102 16593s
 34030833 18181520    1.51942   82  274    0.98908    4.74691   380%   102 16595s
H34037771 18183968                       0.9890956    4.74680   380%   102 16599s
 34039432 18185664    1.24035   85  280    0.98910    4.74676   380%   102 16600s
 34049853 18191341    1.24641   73  220    0.98910    4.74664   380%   102 16605s
 34062522 18198143     cutoff   76         0.98910    4.74647   380%   102 16610s
 34074649 18204443    3.05825   65  250    0.98910    4.74627   380%   102 16616s
H34082648 18207526                       0.9891293    4.74615   380%   102 16620s
 34093860 18214293    4.34114   64  234    0.98913    4.74601   380%   102 16626s
 34103599 18219079    4.61138   75  300    0.98913    4.74579   380%   102 16630s
 34113832 18223702     cutoff   89         0.98913    4.74562   380%   102 16635s
 34123018 18228457 infeasible   89         0.98913    4.74545   380%   102 16640s
 34132435 18233276 infeasible   91         0.98913    4.74531   380%   102 16645s
 34141571 18238255 infeasible   57         0.98913    4.74517   380%   102 16650s
 34154268 18245072    2.00724   85  197    0.98913    4.74504   380%   102 16656s
 34163532 18250135    2.24245   72  186    0.98913    4.74486   380%   102 16660s
 34177108 18256809     cutoff   94         0.98913    4.74465   380%   102 16666s
H34179354 18256808                       0.9891300    4.74464   380%   102 16667s
H34181594 18258180                       0.9891314    4.74459   380%   102 16669s
 34182785 18259334    3.44086   69  234    0.98913    4.74458   380%   102 16671s
H34191386 18262353                       0.9891346    4.74448   380%   102 16675s
H34193213 18264074                       0.9891436    4.74443   380%   102 16678s
H34197603 18265225                       0.9891491    4.74438   380%   102 16680s
 34205721 18270479     cutoff   86         0.98915    4.74427   380%   102 16685s
H34213186 18272553                       0.9892320    4.74416   380%   102 16689s
 34214872 18273869 infeasible   88         0.98923    4.74411   380%   102 16691s
 34224040 18278477    1.08879   97  161    0.98923    4.74393   380%   102 16695s
 34237010 18284955    1.07922   75  234    0.98923    4.74372   380%   102 16701s
 34249967 18290990    1.17837   74  148    0.98923    4.74355   380%   102 16706s
 34260108 18296475     cutoff   72         0.98923    4.74337   379%   102 16710s
 34269956 18301381     cutoff   97         0.98923    4.74326   379%   102 16715s
 34280077 18306077    1.37533   83  263    0.98923    4.74314   379%   102 16720s
 34292452 18313212    1.53677   73  228    0.98923    4.74295   379%   102 16726s
 34302158 18319121    1.37097   81  212    0.98923    4.74281   379%   102 16731s
 34312527 18322598    1.15029   97  164    0.98923    4.74268   379%   102 16736s
H34318650 18324165                       0.9892470    4.74257   379%   102 16738s
 34319238 18325405     cutoff   82         0.98925    4.74257   379%   102 16740s
 34326419 18329273    1.12010   78  244    0.98925    4.74245   379%   102 16746s
 34336753 18335356    3.27568   79  228    0.98925    4.74228   379%   102 16751s
 34346454 18340611    1.30577   78  197    0.98925    4.74213   379%   102 16756s
 34356254 18345891    1.03282   92  211    0.98925    4.74202   379%   102 16760s
 34369412 18353407    1.38387   71  200    0.98925    4.74181   379%   102 16766s
 34378861 18358452    1.53743   73  223    0.98925    4.74173   379%   102 16770s
 34389179 18364265    1.10267   99  217    0.98925    4.74160   379%   102 16775s
 34398886 18370696    1.36220   85  171    0.98925    4.74146   379%   102 16780s
 34408294 18376009    0.99458   86  251    0.98925    4.74134   379%   102 16785s
 34421521 18382767    1.09119  104  175    0.98925    4.74119   379%   102 16791s
 34428626 18385909    2.89598   85  186    0.98925    4.74106   379%   102 16795s
 34438499 18389959    1.01301   88  202    0.98925    4.74090   379%   102 16800s
 34447936 18395043    2.57091   84  219    0.98925    4.74076   379%   102 16805s
H34449634 18395006                       0.9892511    4.74074   379%   102 16806s
 34457643 18399284    4.63492   70  195    0.98925    4.74060   379%   102 16810s
 34467605 18402412     cutoff   77         0.98925    4.74046   379%   102 16816s
 34474823 18406887     cutoff   91         0.98925    4.74041   379%   102 16821s
 34485145 18411450     cutoff   82         0.98925    4.74026   379%   102 16825s
 34494813 18416253    1.23868   93  180    0.98925    4.74015   379%   102 16830s
 34507203 18422217    1.46760   81  250    0.98925    4.73993   379%   102 16835s
 34519699 18428192    1.35168   85  210    0.98925    4.73974   379%   102 16841s
 34528688 18432768    3.70140   64  252    0.98925    4.73957   379%   102 16845s
 34538172 18437406     cutoff   91         0.98925    4.73942   379%   102 16850s
 34550344 18444388    1.57760   76  264    0.98925    4.73927   379%   102 16856s
 34559699 18449115    1.69549   86  208    0.98925    4.73915   379%   102 16860s
 34573361 18455598    3.65530   77  324    0.98925    4.73894   379%   102 16866s
 34583324 18461036 infeasible   97         0.98925    4.73884   379%   102 16871s
 34593117 18465308    1.02290   80  187    0.98925    4.73874   379%   102 16875s
 34603295 18470564    1.19081   86  166    0.98925    4.73855   379%   102 16880s
 34612998 18475726    1.54223   81  237    0.98925    4.73840   379%   102 16885s
 34625363 18479914 infeasible   75         0.98925    4.73825   379%   102 16891s
 34629481 18482473     cutoff   84         0.98925    4.73818   379%   102 16896s
 34638591 18487076    1.65674   67  194    0.98925    4.73804   379%   102 16901s
 34650140 18492692    1.00688   86  137    0.98925    4.73786   379%   102 16906s
 34659720 18497110    1.44912   77  275    0.98925    4.73771   379%   102 16911s
 34669334 18503708    4.23205   67  251    0.98925    4.73752   379%   102 16915s
 34679259 18508809    1.35827   69  219    0.98925    4.73739   379%   102 16920s
 34689125 18513709 infeasible   93         0.98925    4.73722   379%   102 16925s
 34701363 18520427    3.43472   72  217    0.98925    4.73705   379%   102 16931s
 34711201 18526245    1.04056   86  189    0.98925    4.73694   379%   102 16936s
 34720575 18531810    1.59673   78  253    0.98925    4.73689   379%   102 16940s
 34733504 18538423    0.99977   73  170    0.98925    4.73671   379%   102 16945s
 34742893 18543056    1.20046   81  187    0.98925    4.73660   379%   102 16950s
 34752097 18548182     cutoff   87         0.98925    4.73640   379%   102 16955s
 34765728 18555505    1.74450   75  281    0.98925    4.73618   379%   102 16961s
 34775750 18560316    2.73741   69  223    0.98925    4.73607   379%   102 16966s
 34784813 18564432    1.35458   76  159    0.98925    4.73593   379%   102 16970s
 34797424 18569635    1.39794   88  246    0.98925    4.73576   379%   102 16976s
 34806696 18575003    1.57698   90  214    0.98925    4.73564   379%   102 16981s
 34817215 18580100    1.03937   87  241    0.98925    4.73550   379%   102 16986s
 34823001 18584246    1.01392   91  129    0.98925    4.73543   379%   102 16990s
 34836624 18590450    1.51693   80  180    0.98925    4.73528   379%   102 16996s
 34846337 18594902    1.01031   86  151    0.98925    4.73510   379%   102 17001s
 34856690 18600196    1.79878   77  206    0.98925    4.73495   379%   102 17005s
 34866773 18604445    1.93931   75  258    0.98925    4.73478   379%   102 17011s
 34875787 18609493    2.03756   65  211    0.98925    4.73465   379%   102 17015s
 34885685 18614200    1.19897   70  194    0.98925    4.73454   379%   102 17020s
 34898320 18621411    1.45456   73  293    0.98925    4.73437   379%   102 17025s
 34908084 18626429    1.20417   90  231    0.98925    4.73422   379%   102 17031s
 34919124 18631784     cutoff   91         0.98925    4.73406   379%   102 17035s
 34928925 18636444     cutoff   99         0.98925    4.73389   379%   102 17040s
 34942280 18643344    1.10703   92  159    0.98925    4.73371   379%   102 17045s
 34952157 18647938     cutoff   91         0.98925    4.73356   378%   102 17050s
 34963115 18657781    1.13362   91  228    0.98925    4.73342   378%   102 17060s
 34975133 18660722    2.61785   74  252    0.98925    4.73328   378%   102 17080s
